account_id,case_id,account_type,region,account_age_days
A0001_1,C0001,Victim,Kochi,487
A0001_2,C0001,Mule,Hyderabad,1538
A0001_3,C0001,Mule,Chennai,1415
A0001_4,C0001,Mule,Bhubaneswar,1146
A0001_5,C0001,Mule,Chennai,1239
A0002_1,C0002,Victim,Pune,348
A0002_2,C0002,Mule,Coimbatore,1593
A0002_3,C0002,Mule,Pune,239
A0002_4,C0002,Mule,Chennai,808
A0002_5,C0002,Mule,Chennai,765
A0002_6,C0002,Mule,Pune,1266
A0003_1,C0003,Victim,Mumbai,958
A0003_2,C0003,Mule,Lucknow,1738
A0003_3,C0003,Mule,Pune,363
A0003_4,C0003,Mule,Pune,757
A0003_5,C0003,Mule,Coimbatore,1402
A0003_6,C0003,Mule,Kochi,1467
A0004_1,C0004,Victim,Hyderabad,840
A0004_2,C0004,Mule,Lucknow,969
A0004_3,C0004,Mule,Hyderabad,572
A0004_4,C0004,Mule,Hyderabad,535
A0004_5,C0004,Mule,Bhubaneswar,1179
A0004_6,C0004,Mule,Ahmedabad,568
A0004_7,C0004,Mule,Bhubaneswar,1227
A0005_1,C0005,Victim,Chennai,1426
A0005_2,C0005,Mule,Ahmedabad,1567
A0005_3,C0005,Mule,Kochi,1604
A0005_4,C0005,Mule,Lucknow,726
A0006_1,C0006,Victim,Bengaluru,1591
A0006_2,C0006,Mule,Hyderabad,1134
A0006_3,C0006,Mule,Ahmedabad,31
A0006_4,C0006,Mule,Jaipur,693
A0006_5,C0006,Mule,Delhi,69
A0006_6,C0006,Mule,Chennai,773
A0007_1,C0007,Victim,Hyderabad,847
A0007_2,C0007,Mule,Lucknow,1360
A0007_3,C0007,Mule,Pune,927
A0007_4,C0007,Mule,Ahmedabad,954
A0007_5,C0007,Mule,Chennai,537
A0007_6,C0007,Mule,Coimbatore,161
A0008_1,C0008,Victim,Delhi,1636
A0008_2,C0008,Mule,Delhi,1683
A0008_3,C0008,Mule,Mumbai,419
A0008_4,C0008,Mule,Chennai,228
A0008_5,C0008,Mule,Lucknow,912
A0009_1,C0009,Victim,Bengaluru,977
A0009_2,C0009,Mule,Coimbatore,184
A0009_3,C0009,Mule,Delhi,1684
A0009_4,C0009,Mule,Ahmedabad,230
A0009_5,C0009,Mule,Bengaluru,1365
A0009_6,C0009,Mule,Ahmedabad,1742
A0010_1,C0010,Victim,Bengaluru,637
A0010_2,C0010,Mule,Coimbatore,149
A0010_3,C0010,Mule,Jaipur,1536
A0010_4,C0010,Mule,Ahmedabad,154
A0010_5,C0010,Mule,Bhubaneswar,672
A0011_1,C0011,Victim,Chennai,888
A0011_2,C0011,Mule,Lucknow,1225
A0011_3,C0011,Mule,Jaipur,1100
A0011_4,C0011,Mule,Pune,564
A0012_1,C0012,Victim,Hyderabad,301
A0012_2,C0012,Mule,Pune,170
A0012_3,C0012,Mule,Coimbatore,786
A0012_4,C0012,Mule,Kochi,353
A0012_5,C0012,Mule,Delhi,1737
A0012_6,C0012,Mule,Ahmedabad,1470
A0013_1,C0013,Victim,Kochi,544
A0013_2,C0013,Mule,Bengaluru,219
A0013_3,C0013,Mule,Lucknow,897
A0013_4,C0013,Mule,Kochi,120
A0013_5,C0013,Mule,Bengaluru,713
A0013_6,C0013,Mule,Hyderabad,1334
A0013_7,C0013,Mule,Kochi,360
A0014_1,C0014,Victim,Mumbai,514
A0014_2,C0014,Mule,Hyderabad,1668
A0014_3,C0014,Mule,Hyderabad,874
A0014_4,C0014,Mule,Bengaluru,397
A0014_5,C0014,Mule,Bhubaneswar,710
A0015_1,C0015,Victim,Chennai,846
A0015_2,C0015,Mule,Pune,600
A0015_3,C0015,Mule,Chennai,1613
A0015_4,C0015,Mule,Kochi,749
A0015_5,C0015,Mule,Lucknow,1073
A0016_1,C0016,Victim,Coimbatore,1210
A0016_2,C0016,Mule,Coimbatore,551
A0016_3,C0016,Mule,Bengaluru,1481
A0016_4,C0016,Mule,Mumbai,33
A0016_5,C0016,Mule,Ahmedabad,1681
A0016_6,C0016,Mule,Ahmedabad,1436
A0016_7,C0016,Mule,Bhubaneswar,1549
A0017_1,C0017,Victim,Kochi,1152
A0017_2,C0017,Mule,Bengaluru,652
A0017_3,C0017,Mule,Kochi,460
A0017_4,C0017,Mule,Mumbai,1639
A0017_5,C0017,Mule,Jaipur,1272
A0017_6,C0017,Mule,Lucknow,689
A0017_7,C0017,Mule,Delhi,934
A0018_1,C0018,Victim,Delhi,1319
A0018_2,C0018,Mule,Jaipur,428
A0018_3,C0018,Mule,Bhubaneswar,1456
A0018_4,C0018,Mule,Mumbai,1042
A0018_5,C0018,Mule,Mumbai,529
A0018_6,C0018,Mule,Hyderabad,1373
A0018_7,C0018,Mule,Bhubaneswar,41
A0019_1,C0019,Victim,Delhi,1553
A0019_2,C0019,Mule,Delhi,951
A0019_3,C0019,Mule,Kochi,1569
A0019_4,C0019,Mule,Coimbatore,1750
A0019_5,C0019,Mule,Lucknow,597
A0020_1,C0020,Victim,Coimbatore,864
A0020_2,C0020,Mule,Pune,1141
A0020_3,C0020,Mule,Delhi,881
A0020_4,C0020,Mule,Bengaluru,453
A0020_5,C0020,Mule,Mumbai,827
A0020_6,C0020,Mule,Jaipur,1454
A0020_7,C0020,Mule,Bengaluru,1784
A0021_1,C0021,Victim,Chennai,1242
A0021_2,C0021,Mule,Jaipur,1387
A0021_3,C0021,Mule,Bengaluru,201
A0021_4,C0021,Mule,Lucknow,907
A0021_5,C0021,Mule,Hyderabad,975
A0021_6,C0021,Mule,Hyderabad,132
A0021_7,C0021,Mule,Kochi,806
A0022_1,C0022,Victim,Chennai,518
A0022_2,C0022,Mule,Hyderabad,999
A0022_3,C0022,Mule,Lucknow,264
A0022_4,C0022,Mule,Jaipur,476
A0022_5,C0022,Mule,Delhi,1462
A0023_1,C0023,Victim,Coimbatore,238
A0023_2,C0023,Mule,Bhubaneswar,1612
A0023_3,C0023,Mule,Kochi,1771
A0023_4,C0023,Mule,Lucknow,1259
A0023_5,C0023,Mule,Chennai,1660
A0024_1,C0024,Victim,Mumbai,1532
A0024_2,C0024,Mule,Ahmedabad,1362
A0024_3,C0024,Mule,Kochi,1291
A0024_4,C0024,Mule,Ahmedabad,1616
A0024_5,C0024,Mule,Delhi,982
A0025_1,C0025,Victim,Pune,1028
A0025_2,C0025,Mule,Coimbatore,756
A0025_3,C0025,Mule,Kochi,727
A0025_4,C0025,Mule,Kochi,1250
A0025_5,C0025,Mule,Bhubaneswar,595
A0026_1,C0026,Victim,Pune,1163
A0026_2,C0026,Mule,Ahmedabad,734
A0026_3,C0026,Mule,Mumbai,1557
A0026_4,C0026,Mule,Ahmedabad,707
A0026_5,C0026,Mule,Pune,1469
A0026_6,C0026,Mule,Delhi,584
A0026_7,C0026,Mule,Kochi,544
A0027_1,C0027,Victim,Chennai,1458
A0027_2,C0027,Mule,Hyderabad,1336
A0027_3,C0027,Mule,Delhi,240
A0027_4,C0027,Mule,Bengaluru,1205
A0027_5,C0027,Mule,Kochi,991
A0027_6,C0027,Mule,Delhi,932
A0028_1,C0028,Victim,Hyderabad,952
A0028_2,C0028,Mule,Delhi,638
A0028_3,C0028,Mule,Jaipur,908
A0028_4,C0028,Mule,Kochi,1194
A0028_5,C0028,Mule,Jaipur,153
A0028_6,C0028,Mule,Jaipur,1545
A0028_7,C0028,Mule,Chennai,1592
A0029_1,C0029,Victim,Hyderabad,265
A0029_2,C0029,Mule,Ahmedabad,490
A0029_3,C0029,Mule,Lucknow,335
A0029_4,C0029,Mule,Kochi,1722
A0029_5,C0029,Mule,Hyderabad,176
A0029_6,C0029,Mule,Bengaluru,369
A0029_7,C0029,Mule,Kochi,1248
A0030_1,C0030,Victim,Chennai,1210
A0030_2,C0030,Mule,Bengaluru,1592
A0030_3,C0030,Mule,Hyderabad,993
A0030_4,C0030,Mule,Ahmedabad,1364
A0030_5,C0030,Mule,Delhi,599
A0030_6,C0030,Mule,Hyderabad,1228
A0031_1,C0031,Victim,Pune,1612
A0031_2,C0031,Mule,Mumbai,1083
A0031_3,C0031,Mule,Bengaluru,1376
A0031_4,C0031,Mule,Ahmedabad,976
A0032_1,C0032,Victim,Hyderabad,666
A0032_2,C0032,Mule,Ahmedabad,58
A0032_3,C0032,Mule,Ahmedabad,865
A0032_4,C0032,Mule,Chennai,490
A0032_5,C0032,Mule,Chennai,975
A0033_1,C0033,Victim,Bengaluru,595
A0033_2,C0033,Mule,Mumbai,726
A0033_3,C0033,Mule,Ahmedabad,577
A0033_4,C0033,Mule,Bengaluru,609
A0034_1,C0034,Victim,Mumbai,1783
A0034_2,C0034,Mule,Mumbai,119
A0034_3,C0034,Mule,Pune,1555
A0034_4,C0034,Mule,Delhi,1474
A0034_5,C0034,Mule,Mumbai,820
A0035_1,C0035,Victim,Coimbatore,1630
A0035_2,C0035,Mule,Kochi,723
A0035_3,C0035,Mule,Jaipur,1448
A0035_4,C0035,Mule,Mumbai,1360
A0035_5,C0035,Mule,Chennai,1774
A0035_6,C0035,Mule,Pune,1775
A0035_7,C0035,Mule,Lucknow,1789
A0036_1,C0036,Victim,Pune,630
A0036_2,C0036,Mule,Pune,797
A0036_3,C0036,Mule,Mumbai,328
A0036_4,C0036,Mule,Coimbatore,1117
A0037_1,C0037,Victim,Delhi,1395
A0037_2,C0037,Mule,Bengaluru,1677
A0037_3,C0037,Mule,Delhi,619
A0037_4,C0037,Mule,Lucknow,1149
A0037_5,C0037,Mule,Hyderabad,181
A0037_6,C0037,Mule,Delhi,737
A0038_1,C0038,Victim,Kochi,1189
A0038_2,C0038,Mule,Lucknow,1623
A0038_3,C0038,Mule,Bhubaneswar,130
A0038_4,C0038,Mule,Jaipur,1556
A0039_1,C0039,Victim,Delhi,1216
A0039_2,C0039,Mule,Pune,1529
A0039_3,C0039,Mule,Hyderabad,214
A0039_4,C0039,Mule,Kochi,699
A0040_1,C0040,Victim,Delhi,318
A0040_2,C0040,Mule,Coimbatore,1791
A0040_3,C0040,Mule,Lucknow,1513
A0040_4,C0040,Mule,Lucknow,843
A0041_1,C0041,Victim,Pune,1356
A0041_2,C0041,Mule,Chennai,1331
A0041_3,C0041,Mule,Delhi,1465
A0041_4,C0041,Mule,Kochi,1359
A0041_5,C0041,Mule,Mumbai,268
A0042_1,C0042,Victim,Delhi,602
A0042_2,C0042,Mule,Bengaluru,1443
A0042_3,C0042,Mule,Pune,474
A0042_4,C0042,Mule,Delhi,940
A0042_5,C0042,Mule,Coimbatore,1781
A0042_6,C0042,Mule,Pune,233
A0042_7,C0042,Mule,Lucknow,782
A0043_1,C0043,Victim,Hyderabad,702
A0043_2,C0043,Mule,Hyderabad,1645
A0043_3,C0043,Mule,Jaipur,35
A0043_4,C0043,Mule,Kochi,1788
A0043_5,C0043,Mule,Hyderabad,296
A0044_1,C0044,Victim,Coimbatore,1005
A0044_2,C0044,Mule,Delhi,1623
A0044_3,C0044,Mule,Pune,1081
A0044_4,C0044,Mule,Jaipur,253
A0045_1,C0045,Victim,Coimbatore,1275
A0045_2,C0045,Mule,Hyderabad,164
A0045_3,C0045,Mule,Hyderabad,593
A0045_4,C0045,Mule,Jaipur,1326
A0045_5,C0045,Mule,Jaipur,1153
A0045_6,C0045,Mule,Bhubaneswar,695
A0046_1,C0046,Victim,Kochi,342
A0046_2,C0046,Mule,Lucknow,1001
A0046_3,C0046,Mule,Chennai,216
A0046_4,C0046,Mule,Chennai,220
A0046_5,C0046,Mule,Mumbai,227
A0046_6,C0046,Mule,Bhubaneswar,1543
A0047_1,C0047,Victim,Hyderabad,747
A0047_2,C0047,Mule,Ahmedabad,782
A0047_3,C0047,Mule,Chennai,1591
A0047_4,C0047,Mule,Kochi,1205
A0048_1,C0048,Victim,Bengaluru,1189
A0048_2,C0048,Mule,Lucknow,850
A0048_3,C0048,Mule,Chennai,320
A0048_4,C0048,Mule,Bhubaneswar,1326
A0048_5,C0048,Mule,Bengaluru,217
A0049_1,C0049,Victim,Delhi,1024
A0049_2,C0049,Mule,Jaipur,935
A0049_3,C0049,Mule,Mumbai,589
A0049_4,C0049,Mule,Coimbatore,1576
A0049_5,C0049,Mule,Ahmedabad,263
A0049_6,C0049,Mule,Pune,910
A0049_7,C0049,Mule,Chennai,610
A0050_1,C0050,Victim,Bengaluru,1120
A0050_2,C0050,Mule,Bhubaneswar,501
A0050_3,C0050,Mule,Ahmedabad,1174
A0050_4,C0050,Mule,Lucknow,1681
A0050_5,C0050,Mule,Pune,177
A0050_6,C0050,Mule,Mumbai,1794
A0050_7,C0050,Mule,Bhubaneswar,116
A0051_1,C0051,Victim,Mumbai,840
A0051_2,C0051,Mule,Kochi,1557
A0051_3,C0051,Mule,Pune,483
A0051_4,C0051,Mule,Pune,1625
A0052_1,C0052,Victim,Bengaluru,392
A0052_2,C0052,Mule,Lucknow,1041
A0052_3,C0052,Mule,Delhi,1575
A0052_4,C0052,Mule,Jaipur,1586
A0053_1,C0053,Victim,Delhi,107
A0053_2,C0053,Mule,Bengaluru,785
A0053_3,C0053,Mule,Kochi,187
A0053_4,C0053,Mule,Lucknow,1799
A0053_5,C0053,Mule,Chennai,1289
A0053_6,C0053,Mule,Jaipur,1068
A0053_7,C0053,Mule,Mumbai,977
A0054_1,C0054,Victim,Bengaluru,793
A0054_2,C0054,Mule,Kochi,823
A0054_3,C0054,Mule,Mumbai,1616
A0054_4,C0054,Mule,Pune,1420
A0054_5,C0054,Mule,Jaipur,137
A0054_6,C0054,Mule,Lucknow,1355
A0055_1,C0055,Victim,Mumbai,1695
A0055_2,C0055,Mule,Hyderabad,1402
A0055_3,C0055,Mule,Bhubaneswar,1727
A0055_4,C0055,Mule,Bhubaneswar,1433
A0055_5,C0055,Mule,Ahmedabad,221
A0055_6,C0055,Mule,Lucknow,1403
A0056_1,C0056,Victim,Pune,1253
A0056_2,C0056,Mule,Mumbai,345
A0056_3,C0056,Mule,Hyderabad,400
A0056_4,C0056,Mule,Bhubaneswar,1609
A0056_5,C0056,Mule,Jaipur,1686
A0057_1,C0057,Victim,Delhi,1605
A0057_2,C0057,Mule,Kochi,1623
A0057_3,C0057,Mule,Mumbai,1059
A0057_4,C0057,Mule,Ahmedabad,887
A0057_5,C0057,Mule,Hyderabad,1702
A0057_6,C0057,Mule,Coimbatore,1670
A0057_7,C0057,Mule,Jaipur,313
A0058_1,C0058,Victim,Chennai,139
A0058_2,C0058,Mule,Mumbai,1058
A0058_3,C0058,Mule,Pune,512
A0058_4,C0058,Mule,Mumbai,197
A0058_5,C0058,Mule,Pune,489
A0058_6,C0058,Mule,Bengaluru,682
A0058_7,C0058,Mule,Chennai,1748
A0059_1,C0059,Victim,Mumbai,1619
A0059_2,C0059,Mule,Kochi,516
A0059_3,C0059,Mule,Kochi,279
A0059_4,C0059,Mule,Bengaluru,518
A0060_1,C0060,Victim,Hyderabad,413
A0060_2,C0060,Mule,Lucknow,1398
A0060_3,C0060,Mule,Chennai,1102
A0060_4,C0060,Mule,Pune,168
A0060_5,C0060,Mule,Ahmedabad,1144
A0060_6,C0060,Mule,Ahmedabad,1640
A0060_7,C0060,Mule,Ahmedabad,1164
A0061_1,C0061,Victim,Delhi,1691
A0061_2,C0061,Mule,Hyderabad,159
A0061_3,C0061,Mule,Bhubaneswar,1619
A0061_4,C0061,Mule,Delhi,105
A0061_5,C0061,Mule,Kochi,442
A0062_1,C0062,Victim,Mumbai,821
A0062_2,C0062,Mule,Pune,412
A0062_3,C0062,Mule,Delhi,1447
A0062_4,C0062,Mule,Delhi,782
A0062_5,C0062,Mule,Ahmedabad,576
A0062_6,C0062,Mule,Chennai,1519
A0062_7,C0062,Mule,Mumbai,191
A0063_1,C0063,Victim,Mumbai,1080
A0063_2,C0063,Mule,Bhubaneswar,1421
A0063_3,C0063,Mule,Hyderabad,93
A0063_4,C0063,Mule,Hyderabad,1768
A0063_5,C0063,Mule,Jaipur,1418
A0063_6,C0063,Mule,Delhi,101
A0064_1,C0064,Victim,Chennai,1052
A0064_2,C0064,Mule,Ahmedabad,822
A0064_3,C0064,Mule,Ahmedabad,271
A0064_4,C0064,Mule,Kochi,1617
A0064_5,C0064,Mule,Kochi,1471
A0065_1,C0065,Victim,Coimbatore,644
A0065_2,C0065,Mule,Hyderabad,1487
A0065_3,C0065,Mule,Bhubaneswar,1464
A0065_4,C0065,Mule,Lucknow,386
A0065_5,C0065,Mule,Pune,1071
A0065_6,C0065,Mule,Coimbatore,278
A0066_1,C0066,Victim,Coimbatore,679
A0066_2,C0066,Mule,Lucknow,181
A0066_3,C0066,Mule,Delhi,984
A0066_4,C0066,Mule,Lucknow,1089
A0066_5,C0066,Mule,Pune,292
A0067_1,C0067,Victim,Kochi,543
A0067_2,C0067,Mule,Coimbatore,1330
A0067_3,C0067,Mule,Ahmedabad,592
A0067_4,C0067,Mule,Hyderabad,1310
A0068_1,C0068,Victim,Chennai,1363
A0068_2,C0068,Mule,Coimbatore,1600
A0068_3,C0068,Mule,Jaipur,883
A0068_4,C0068,Mule,Jaipur,1338
A0068_5,C0068,Mule,Bengaluru,1049
A0068_6,C0068,Mule,Lucknow,1147
A0069_1,C0069,Victim,Mumbai,1587
A0069_2,C0069,Mule,Pune,1084
A0069_3,C0069,Mule,Ahmedabad,247
A0069_4,C0069,Mule,Pune,525
A0069_5,C0069,Mule,Delhi,280
A0070_1,C0070,Victim,Kochi,77
A0070_2,C0070,Mule,Chennai,835
A0070_3,C0070,Mule,Ahmedabad,966
A0070_4,C0070,Mule,Coimbatore,470
A0070_5,C0070,Mule,Jaipur,752
A0070_6,C0070,Mule,Bengaluru,133
A0070_7,C0070,Mule,Kochi,1043
A0071_1,C0071,Victim,Kochi,293
A0071_2,C0071,Mule,Chennai,836
A0071_3,C0071,Mule,Pune,1657
A0071_4,C0071,Mule,Pune,1172
A0072_1,C0072,Victim,Pune,362
A0072_2,C0072,Mule,Mumbai,1292
A0072_3,C0072,Mule,Bhubaneswar,1755
A0072_4,C0072,Mule,Kochi,1245
A0072_5,C0072,Mule,Pune,1068
A0072_6,C0072,Mule,Ahmedabad,1120
A0073_1,C0073,Victim,Delhi,1103
A0073_2,C0073,Mule,Lucknow,1506
A0073_3,C0073,Mule,Jaipur,1616
A0073_4,C0073,Mule,Mumbai,332
A0073_5,C0073,Mule,Lucknow,526
A0074_1,C0074,Victim,Pune,1106
A0074_2,C0074,Mule,Mumbai,672
A0074_3,C0074,Mule,Hyderabad,971
A0074_4,C0074,Mule,Ahmedabad,731
A0074_5,C0074,Mule,Ahmedabad,755
A0074_6,C0074,Mule,Lucknow,1611
A0074_7,C0074,Mule,Bhubaneswar,1424
A0075_1,C0075,Victim,Coimbatore,838
A0075_2,C0075,Mule,Pune,1613
A0075_3,C0075,Mule,Hyderabad,624
A0075_4,C0075,Mule,Bengaluru,619
A0075_5,C0075,Mule,Bhubaneswar,191
A0075_6,C0075,Mule,Pune,935
A0075_7,C0075,Mule,Lucknow,555
A0076_1,C0076,Victim,Bengaluru,1367
A0076_2,C0076,Mule,Delhi,1007
A0076_3,C0076,Mule,Lucknow,438
A0076_4,C0076,Mule,Kochi,687
A0076_5,C0076,Mule,Kochi,1352
A0076_6,C0076,Mule,Bengaluru,1604
A0076_7,C0076,Mule,Chennai,1365
A0077_1,C0077,Victim,Kochi,1343
A0077_2,C0077,Mule,Ahmedabad,1103
A0077_3,C0077,Mule,Delhi,304
A0077_4,C0077,Mule,Ahmedabad,988
A0077_5,C0077,Mule,Kochi,424
A0077_6,C0077,Mule,Chennai,707
A0077_7,C0077,Mule,Hyderabad,1527
A0078_1,C0078,Victim,Mumbai,944
A0078_2,C0078,Mule,Kochi,705
A0078_3,C0078,Mule,Kochi,1222
A0078_4,C0078,Mule,Bhubaneswar,1203
A0078_5,C0078,Mule,Bengaluru,565
A0079_1,C0079,Victim,Hyderabad,303
A0079_2,C0079,Mule,Delhi,343
A0079_3,C0079,Mule,Delhi,1561
A0079_4,C0079,Mule,Jaipur,795
A0079_5,C0079,Mule,Mumbai,1467
A0080_1,C0080,Victim,Bengaluru,701
A0080_2,C0080,Mule,Ahmedabad,934
A0080_3,C0080,Mule,Chennai,1423
A0080_4,C0080,Mule,Coimbatore,1498
A0080_5,C0080,Mule,Jaipur,1031
A0081_1,C0081,Victim,Chennai,735
A0081_2,C0081,Mule,Bhubaneswar,160
A0081_3,C0081,Mule,Ahmedabad,153
A0081_4,C0081,Mule,Chennai,996
A0081_5,C0081,Mule,Bengaluru,617
A0081_6,C0081,Mule,Mumbai,398
A0081_7,C0081,Mule,Hyderabad,1598
A0082_1,C0082,Victim,Mumbai,1716
A0082_2,C0082,Mule,Coimbatore,536
A0082_3,C0082,Mule,Delhi,738
A0082_4,C0082,Mule,Hyderabad,594
A0082_5,C0082,Mule,Coimbatore,1514
A0082_6,C0082,Mule,Chennai,95
A0082_7,C0082,Mule,Lucknow,888
A0083_1,C0083,Victim,Pune,648
A0083_2,C0083,Mule,Hyderabad,1382
A0083_3,C0083,Mule,Ahmedabad,482
A0083_4,C0083,Mule,Mumbai,645
A0083_5,C0083,Mule,Kochi,154
A0084_1,C0084,Victim,Delhi,1769
A0084_2,C0084,Mule,Coimbatore,645
A0084_3,C0084,Mule,Bhubaneswar,325
A0084_4,C0084,Mule,Delhi,148
A0084_5,C0084,Mule,Ahmedabad,875
A0085_1,C0085,Victim,Coimbatore,1677
A0085_2,C0085,Mule,Jaipur,1513
A0085_3,C0085,Mule,Lucknow,1174
A0085_4,C0085,Mule,Coimbatore,1011
A0085_5,C0085,Mule,Coimbatore,711
A0086_1,C0086,Victim,Pune,565
A0086_2,C0086,Mule,Pune,1080
A0086_3,C0086,Mule,Delhi,984
A0086_4,C0086,Mule,Chennai,1674
A0086_5,C0086,Mule,Bhubaneswar,991
A0086_6,C0086,Mule,Pune,446
A0087_1,C0087,Victim,Kochi,1511
A0087_2,C0087,Mule,Lucknow,1544
A0087_3,C0087,Mule,Delhi,973
A0087_4,C0087,Mule,Hyderabad,1530
A0087_5,C0087,Mule,Pune,376
A0087_6,C0087,Mule,Hyderabad,1505
A0087_7,C0087,Mule,Ahmedabad,1030
A0088_1,C0088,Victim,Delhi,62
A0088_2,C0088,Mule,Bengaluru,1119
A0088_3,C0088,Mule,Ahmedabad,872
A0088_4,C0088,Mule,Bengaluru,64
A0088_5,C0088,Mule,Ahmedabad,1509
A0088_6,C0088,Mule,Kochi,1127
A0088_7,C0088,Mule,Kochi,65
A0089_1,C0089,Victim,Hyderabad,1430
A0089_2,C0089,Mule,Chennai,1368
A0089_3,C0089,Mule,Lucknow,1585
A0089_4,C0089,Mule,Bengaluru,221
A0089_5,C0089,Mule,Mumbai,806
A0089_6,C0089,Mule,Mumbai,1161
A0090_1,C0090,Victim,Kochi,182
A0090_2,C0090,Mule,Lucknow,604
A0090_3,C0090,Mule,Ahmedabad,1184
A0090_4,C0090,Mule,Lucknow,97
A0091_1,C0091,Victim,Pune,1577
A0091_2,C0091,Mule,Bhubaneswar,316
A0091_3,C0091,Mule,Bhubaneswar,1513
A0091_4,C0091,Mule,Chennai,1055
A0091_5,C0091,Mule,Bhubaneswar,738
A0091_6,C0091,Mule,Bengaluru,230
A0091_7,C0091,Mule,Mumbai,505
A0092_1,C0092,Victim,Coimbatore,345
A0092_2,C0092,Mule,Mumbai,1487
A0092_3,C0092,Mule,Lucknow,345
A0092_4,C0092,Mule,Bhubaneswar,827
A0092_5,C0092,Mule,Pune,768
A0092_6,C0092,Mule,Chennai,217
A0093_1,C0093,Victim,Kochi,824
A0093_2,C0093,Mule,Chennai,1514
A0093_3,C0093,Mule,Ahmedabad,527
A0093_4,C0093,Mule,Jaipur,1097
A0093_5,C0093,Mule,Hyderabad,1433
A0093_6,C0093,Mule,Mumbai,377
A0093_7,C0093,Mule,Hyderabad,580
A0094_1,C0094,Victim,Mumbai,931
A0094_2,C0094,Mule,Pune,911
A0094_3,C0094,Mule,Lucknow,1247
A0094_4,C0094,Mule,Hyderabad,645
A0094_5,C0094,Mule,Pune,1265
A0094_6,C0094,Mule,Bhubaneswar,441
A0095_1,C0095,Victim,Bengaluru,1519
A0095_2,C0095,Mule,Delhi,1480
A0095_3,C0095,Mule,Coimbatore,927
A0095_4,C0095,Mule,Kochi,1732
A0096_1,C0096,Victim,Mumbai,1649
A0096_2,C0096,Mule,Pune,1466
A0096_3,C0096,Mule,Ahmedabad,1246
A0096_4,C0096,Mule,Lucknow,204
A0097_1,C0097,Victim,Hyderabad,796
A0097_2,C0097,Mule,Mumbai,978
A0097_3,C0097,Mule,Lucknow,1235
A0097_4,C0097,Mule,Bhubaneswar,1054
A0097_5,C0097,Mule,Hyderabad,736
A0097_6,C0097,Mule,Bengaluru,1018
A0097_7,C0097,Mule,Chennai,635
A0098_1,C0098,Victim,Bengaluru,1086
A0098_2,C0098,Mule,Hyderabad,1160
A0098_3,C0098,Mule,Hyderabad,707
A0098_4,C0098,Mule,Ahmedabad,903
A0098_5,C0098,Mule,Delhi,504
A0099_1,C0099,Victim,Coimbatore,779
A0099_2,C0099,Mule,Pune,433
A0099_3,C0099,Mule,Delhi,263
A0099_4,C0099,Mule,Kochi,1403
A0099_5,C0099,Mule,Delhi,1110
A0100_1,C0100,Victim,Bengaluru,1450
A0100_2,C0100,Mule,Hyderabad,1076
A0100_3,C0100,Mule,Mumbai,886
A0100_4,C0100,Mule,Jaipur,312
A0100_5,C0100,Mule,Jaipur,815
A0100_6,C0100,Mule,Mumbai,410
A0101_1,C0101,Victim,Mumbai,881
A0101_2,C0101,Mule,Bhubaneswar,1750
A0101_3,C0101,Mule,Delhi,1030
A0101_4,C0101,Mule,Hyderabad,199
A0101_5,C0101,Mule,Jaipur,93
A0101_6,C0101,Mule,Coimbatore,628
A0101_7,C0101,Mule,Bengaluru,592
A0102_1,C0102,Victim,Kochi,951
A0102_2,C0102,Mule,Kochi,743
A0102_3,C0102,Mule,Chennai,929
A0102_4,C0102,Mule,Chennai,1618
A0103_1,C0103,Victim,Bengaluru,1471
A0103_2,C0103,Mule,Kochi,622
A0103_3,C0103,Mule,Jaipur,577
A0103_4,C0103,Mule,Ahmedabad,1421
A0103_5,C0103,Mule,Chennai,307
A0103_6,C0103,Mule,Mumbai,151
A0104_1,C0104,Victim,Kochi,961
A0104_2,C0104,Mule,Delhi,700
A0104_3,C0104,Mule,Jaipur,35
A0104_4,C0104,Mule,Bhubaneswar,220
A0104_5,C0104,Mule,Bhubaneswar,968
A0104_6,C0104,Mule,Lucknow,1390
A0105_1,C0105,Victim,Chennai,1786
A0105_2,C0105,Mule,Hyderabad,933
A0105_3,C0105,Mule,Delhi,31
A0105_4,C0105,Mule,Mumbai,444
A0106_1,C0106,Victim,Hyderabad,1372
A0106_2,C0106,Mule,Chennai,1471
A0106_3,C0106,Mule,Chennai,32
A0106_4,C0106,Mule,Coimbatore,1006
A0106_5,C0106,Mule,Chennai,301
A0106_6,C0106,Mule,Jaipur,493
A0106_7,C0106,Mule,Ahmedabad,1422
A0107_1,C0107,Victim,Coimbatore,1279
A0107_2,C0107,Mule,Lucknow,366
A0107_3,C0107,Mule,Delhi,749
A0107_4,C0107,Mule,Bhubaneswar,466
A0108_1,C0108,Victim,Pune,537
A0108_2,C0108,Mule,Kochi,1350
A0108_3,C0108,Mule,Chennai,538
A0108_4,C0108,Mule,Ahmedabad,1260
A0108_5,C0108,Mule,Jaipur,1506
A0109_1,C0109,Victim,Coimbatore,769
A0109_2,C0109,Mule,Pune,300
A0109_3,C0109,Mule,Mumbai,1792
A0109_4,C0109,Mule,Jaipur,891
A0110_1,C0110,Victim,Kochi,897
A0110_2,C0110,Mule,Bhubaneswar,853
A0110_3,C0110,Mule,Chennai,1341
A0110_4,C0110,Mule,Ahmedabad,1131
A0110_5,C0110,Mule,Jaipur,342
A0110_6,C0110,Mule,Kochi,201
A0110_7,C0110,Mule,Kochi,191
A0111_1,C0111,Victim,Chennai,1466
A0111_2,C0111,Mule,Bengaluru,365
A0111_3,C0111,Mule,Delhi,740
A0111_4,C0111,Mule,Ahmedabad,1089
A0111_5,C0111,Mule,Bhubaneswar,560
A0112_1,C0112,Victim,Delhi,143
A0112_2,C0112,Mule,Delhi,1789
A0112_3,C0112,Mule,Jaipur,371
A0112_4,C0112,Mule,Pune,352
A0112_5,C0112,Mule,Kochi,1613
A0112_6,C0112,Mule,Chennai,1205
A0113_1,C0113,Victim,Hyderabad,538
A0113_2,C0113,Mule,Mumbai,1505
A0113_3,C0113,Mule,Pune,585
A0113_4,C0113,Mule,Chennai,1200
A0113_5,C0113,Mule,Pune,274
A0113_6,C0113,Mule,Ahmedabad,1408
A0114_1,C0114,Victim,Delhi,1241
A0114_2,C0114,Mule,Delhi,1612
A0114_3,C0114,Mule,Coimbatore,1530
A0114_4,C0114,Mule,Ahmedabad,1587
A0114_5,C0114,Mule,Coimbatore,338
A0114_6,C0114,Mule,Bengaluru,869
A0115_1,C0115,Victim,Coimbatore,504
A0115_2,C0115,Mule,Ahmedabad,875
A0115_3,C0115,Mule,Bhubaneswar,792
A0115_4,C0115,Mule,Delhi,1561
A0116_1,C0116,Victim,Pune,586
A0116_2,C0116,Mule,Coimbatore,182
A0116_3,C0116,Mule,Coimbatore,308
A0116_4,C0116,Mule,Jaipur,253
A0116_5,C0116,Mule,Hyderabad,246
A0116_6,C0116,Mule,Hyderabad,950
A0116_7,C0116,Mule,Delhi,673
A0117_1,C0117,Victim,Chennai,562
A0117_2,C0117,Mule,Hyderabad,93
A0117_3,C0117,Mule,Mumbai,1780
A0117_4,C0117,Mule,Delhi,1168
A0117_5,C0117,Mule,Bhubaneswar,1156
A0117_6,C0117,Mule,Coimbatore,223
A0118_1,C0118,Victim,Bengaluru,1765
A0118_2,C0118,Mule,Pune,280
A0118_3,C0118,Mule,Bengaluru,974
A0118_4,C0118,Mule,Bengaluru,374
A0119_1,C0119,Victim,Hyderabad,1051
A0119_2,C0119,Mule,Mumbai,1157
A0119_3,C0119,Mule,Delhi,154
A0119_4,C0119,Mule,Chennai,602
A0119_5,C0119,Mule,Mumbai,311
A0119_6,C0119,Mule,Mumbai,438
A0120_1,C0120,Victim,Chennai,1114
A0120_2,C0120,Mule,Pune,1600
A0120_3,C0120,Mule,Jaipur,506
A0120_4,C0120,Mule,Hyderabad,235
A0120_5,C0120,Mule,Coimbatore,1375
A0120_6,C0120,Mule,Coimbatore,575
A0120_7,C0120,Mule,Ahmedabad,1701
A0121_1,C0121,Victim,Kochi,1034
A0121_2,C0121,Mule,Bengaluru,214
A0121_3,C0121,Mule,Bengaluru,506
A0121_4,C0121,Mule,Jaipur,478
A0121_5,C0121,Mule,Bengaluru,1108
A0122_1,C0122,Victim,Pune,1230
A0122_2,C0122,Mule,Chennai,719
A0122_3,C0122,Mule,Kochi,690
A0122_4,C0122,Mule,Hyderabad,352
A0122_5,C0122,Mule,Bhubaneswar,924
A0122_6,C0122,Mule,Lucknow,1027
A0122_7,C0122,Mule,Lucknow,679
A0123_1,C0123,Victim,Bengaluru,1556
A0123_2,C0123,Mule,Chennai,517
A0123_3,C0123,Mule,Pune,684
A0123_4,C0123,Mule,Hyderabad,1332
A0123_5,C0123,Mule,Chennai,1712
A0123_6,C0123,Mule,Bhubaneswar,1402
A0124_1,C0124,Victim,Mumbai,1727
A0124_2,C0124,Mule,Delhi,1645
A0124_3,C0124,Mule,Jaipur,1363
A0124_4,C0124,Mule,Lucknow,491
A0125_1,C0125,Victim,Delhi,913
A0125_2,C0125,Mule,Lucknow,367
A0125_3,C0125,Mule,Jaipur,919
A0125_4,C0125,Mule,Hyderabad,139
A0126_1,C0126,Victim,Pune,905
A0126_2,C0126,Mule,Chennai,633
A0126_3,C0126,Mule,Lucknow,1310
A0126_4,C0126,Mule,Jaipur,1013
A0127_1,C0127,Victim,Mumbai,789
A0127_2,C0127,Mule,Mumbai,786
A0127_3,C0127,Mule,Hyderabad,942
A0127_4,C0127,Mule,Bengaluru,569
A0127_5,C0127,Mule,Delhi,982
A0128_1,C0128,Victim,Delhi,1005
A0128_2,C0128,Mule,Kochi,191
A0128_3,C0128,Mule,Mumbai,1778
A0128_4,C0128,Mule,Bhubaneswar,101
A0128_5,C0128,Mule,Ahmedabad,1199
A0129_1,C0129,Victim,Kochi,1519
A0129_2,C0129,Mule,Chennai,208
A0129_3,C0129,Mule,Mumbai,1169
A0129_4,C0129,Mule,Mumbai,1160
A0129_5,C0129,Mule,Pune,1784
A0129_6,C0129,Mule,Kochi,1094
A0130_1,C0130,Victim,Delhi,382
A0130_2,C0130,Mule,Kochi,855
A0130_3,C0130,Mule,Hyderabad,1296
A0130_4,C0130,Mule,Jaipur,1424
A0131_1,C0131,Victim,Kochi,1787
A0131_2,C0131,Mule,Bhubaneswar,1432
A0131_3,C0131,Mule,Chennai,496
A0131_4,C0131,Mule,Hyderabad,645
A0131_5,C0131,Mule,Bhubaneswar,937
A0131_6,C0131,Mule,Pune,581
A0131_7,C0131,Mule,Bhubaneswar,883
A0132_1,C0132,Victim,Hyderabad,964
A0132_2,C0132,Mule,Bengaluru,768
A0132_3,C0132,Mule,Bhubaneswar,437
A0132_4,C0132,Mule,Kochi,784
A0133_1,C0133,Victim,Kochi,821
A0133_2,C0133,Mule,Bengaluru,363
A0133_3,C0133,Mule,Jaipur,1627
A0133_4,C0133,Mule,Coimbatore,1785
A0134_1,C0134,Victim,Kochi,897
A0134_2,C0134,Mule,Mumbai,1774
A0134_3,C0134,Mule,Pune,970
A0134_4,C0134,Mule,Kochi,476
A0134_5,C0134,Mule,Delhi,648
A0134_6,C0134,Mule,Lucknow,1096
A0135_1,C0135,Victim,Hyderabad,1089
A0135_2,C0135,Mule,Coimbatore,146
A0135_3,C0135,Mule,Jaipur,857
A0135_4,C0135,Mule,Lucknow,684
A0135_5,C0135,Mule,Lucknow,316
A0136_1,C0136,Victim,Pune,1761
A0136_2,C0136,Mule,Hyderabad,1751
A0136_3,C0136,Mule,Lucknow,1173
A0136_4,C0136,Mule,Hyderabad,631
A0136_5,C0136,Mule,Chennai,994
A0136_6,C0136,Mule,Hyderabad,1547
A0137_1,C0137,Victim,Coimbatore,428
A0137_2,C0137,Mule,Ahmedabad,275
A0137_3,C0137,Mule,Lucknow,811
A0137_4,C0137,Mule,Ahmedabad,641
A0137_5,C0137,Mule,Mumbai,140
A0137_6,C0137,Mule,Hyderabad,311
A0137_7,C0137,Mule,Coimbatore,731
A0138_1,C0138,Victim,Mumbai,856
A0138_2,C0138,Mule,Mumbai,1007
A0138_3,C0138,Mule,Mumbai,39
A0138_4,C0138,Mule,Bengaluru,1123
A0138_5,C0138,Mule,Coimbatore,1526
A0138_6,C0138,Mule,Pune,58
A0138_7,C0138,Mule,Pune,1580
A0139_1,C0139,Victim,Bengaluru,1033
A0139_2,C0139,Mule,Pune,1566
A0139_3,C0139,Mule,Coimbatore,367
A0139_4,C0139,Mule,Mumbai,69
A0139_5,C0139,Mule,Coimbatore,489
A0139_6,C0139,Mule,Bhubaneswar,298
A0140_1,C0140,Victim,Mumbai,808
A0140_2,C0140,Mule,Chennai,1150
A0140_3,C0140,Mule,Kochi,1001
A0140_4,C0140,Mule,Bhubaneswar,343
A0140_5,C0140,Mule,Coimbatore,1453
A0140_6,C0140,Mule,Lucknow,1320
A0140_7,C0140,Mule,Bengaluru,646
A0141_1,C0141,Victim,Delhi,1439
A0141_2,C0141,Mule,Delhi,707
A0141_3,C0141,Mule,Coimbatore,35
A0141_4,C0141,Mule,Bengaluru,1405
A0141_5,C0141,Mule,Chennai,256
A0142_1,C0142,Victim,Kochi,1671
A0142_2,C0142,Mule,Lucknow,670
A0142_3,C0142,Mule,Mumbai,1542
A0142_4,C0142,Mule,Chennai,224
A0142_5,C0142,Mule,Bengaluru,49
A0142_6,C0142,Mule,Hyderabad,1388
A0143_1,C0143,Victim,Bengaluru,301
A0143_2,C0143,Mule,Bhubaneswar,1517
A0143_3,C0143,Mule,Bengaluru,1759
A0143_4,C0143,Mule,Hyderabad,242
A0144_1,C0144,Victim,Chennai,565
A0144_2,C0144,Mule,Lucknow,673
A0144_3,C0144,Mule,Bengaluru,1472
A0144_4,C0144,Mule,Lucknow,1104
A0145_1,C0145,Victim,Chennai,1347
A0145_2,C0145,Mule,Hyderabad,1065
A0145_3,C0145,Mule,Delhi,1774
A0145_4,C0145,Mule,Delhi,368
A0146_1,C0146,Victim,Delhi,1784
A0146_2,C0146,Mule,Delhi,945
A0146_3,C0146,Mule,Pune,273
A0146_4,C0146,Mule,Delhi,1556
A0147_1,C0147,Victim,Hyderabad,709
A0147_2,C0147,Mule,Ahmedabad,1601
A0147_3,C0147,Mule,Jaipur,1258
A0147_4,C0147,Mule,Delhi,1497
A0147_5,C0147,Mule,Lucknow,774
A0147_6,C0147,Mule,Bhubaneswar,956
A0147_7,C0147,Mule,Chennai,229
A0148_1,C0148,Victim,Hyderabad,250
A0148_2,C0148,Mule,Mumbai,125
A0148_3,C0148,Mule,Lucknow,1745
A0148_4,C0148,Mule,Lucknow,1235
A0148_5,C0148,Mule,Chennai,1611
A0148_6,C0148,Mule,Delhi,966
A0149_1,C0149,Victim,Mumbai,1062
A0149_2,C0149,Mule,Mumbai,887
A0149_3,C0149,Mule,Jaipur,1448
A0149_4,C0149,Mule,Coimbatore,590
A0149_5,C0149,Mule,Mumbai,732
A0149_6,C0149,Mule,Kochi,957
A0150_1,C0150,Victim,Delhi,1410
A0150_2,C0150,Mule,Bhubaneswar,1753
A0150_3,C0150,Mule,Ahmedabad,615
A0150_4,C0150,Mule,Mumbai,1685
A0150_5,C0150,Mule,Bengaluru,1100
A0150_6,C0150,Mule,Chennai,81
A0150_7,C0150,Mule,Mumbai,327
A0151_1,C0151,Victim,Mumbai,1076
A0151_2,C0151,Mule,Bhubaneswar,619
A0151_3,C0151,Mule,Bhubaneswar,1390
A0151_4,C0151,Mule,Bengaluru,811
A0151_5,C0151,Mule,Mumbai,883
A0152_1,C0152,Victim,Coimbatore,385
A0152_2,C0152,Mule,Bhubaneswar,1082
A0152_3,C0152,Mule,Chennai,802
A0152_4,C0152,Mule,Bengaluru,907
A0152_5,C0152,Mule,Kochi,1169
A0153_1,C0153,Victim,Hyderabad,1096
A0153_2,C0153,Mule,Chennai,1640
A0153_3,C0153,Mule,Ahmedabad,356
A0153_4,C0153,Mule,Mumbai,1142
A0153_5,C0153,Mule,Ahmedabad,856
A0154_1,C0154,Victim,Hyderabad,1427
A0154_2,C0154,Mule,Pune,811
A0154_3,C0154,Mule,Chennai,820
A0154_4,C0154,Mule,Kochi,1136
A0155_1,C0155,Victim,Coimbatore,1613
A0155_2,C0155,Mule,Ahmedabad,1122
A0155_3,C0155,Mule,Bengaluru,1313
A0155_4,C0155,Mule,Chennai,461
A0155_5,C0155,Mule,Lucknow,1319
A0156_1,C0156,Victim,Chennai,1656
A0156_2,C0156,Mule,Kochi,1172
A0156_3,C0156,Mule,Chennai,1207
A0156_4,C0156,Mule,Coimbatore,559
A0156_5,C0156,Mule,Mumbai,824
A0157_1,C0157,Victim,Kochi,1272
A0157_2,C0157,Mule,Chennai,606
A0157_3,C0157,Mule,Delhi,811
A0157_4,C0157,Mule,Mumbai,1713
A0157_5,C0157,Mule,Lucknow,93
A0157_6,C0157,Mule,Delhi,350
A0158_1,C0158,Victim,Coimbatore,460
A0158_2,C0158,Mule,Bhubaneswar,1548
A0158_3,C0158,Mule,Bhubaneswar,734
A0158_4,C0158,Mule,Coimbatore,875
A0158_5,C0158,Mule,Lucknow,1773
A0158_6,C0158,Mule,Ahmedabad,321
A0159_1,C0159,Victim,Pune,1404
A0159_2,C0159,Mule,Lucknow,510
A0159_3,C0159,Mule,Chennai,613
A0159_4,C0159,Mule,Jaipur,172
A0159_5,C0159,Mule,Coimbatore,680
A0160_1,C0160,Victim,Kochi,305
A0160_2,C0160,Mule,Lucknow,1531
A0160_3,C0160,Mule,Pune,1012
A0160_4,C0160,Mule,Delhi,942
A0160_5,C0160,Mule,Pune,1616
A0160_6,C0160,Mule,Kochi,1027
A0161_1,C0161,Victim,Kochi,1369
A0161_2,C0161,Mule,Hyderabad,779
A0161_3,C0161,Mule,Mumbai,487
A0161_4,C0161,Mule,Jaipur,1531
A0161_5,C0161,Mule,Kochi,304
A0161_6,C0161,Mule,Delhi,1056
A0161_7,C0161,Mule,Ahmedabad,215
A0162_1,C0162,Victim,Hyderabad,1399
A0162_2,C0162,Mule,Coimbatore,1090
A0162_3,C0162,Mule,Pune,824
A0162_4,C0162,Mule,Delhi,961
A0163_1,C0163,Victim,Pune,1088
A0163_2,C0163,Mule,Kochi,800
A0163_3,C0163,Mule,Coimbatore,1087
A0163_4,C0163,Mule,Mumbai,752
A0164_1,C0164,Victim,Hyderabad,1691
A0164_2,C0164,Mule,Pune,1505
A0164_3,C0164,Mule,Chennai,1016
A0164_4,C0164,Mule,Lucknow,1010
A0164_5,C0164,Mule,Delhi,461
A0164_6,C0164,Mule,Jaipur,360
A0164_7,C0164,Mule,Lucknow,1736
A0165_1,C0165,Victim,Delhi,379
A0165_2,C0165,Mule,Coimbatore,1730
A0165_3,C0165,Mule,Mumbai,1260
A0165_4,C0165,Mule,Hyderabad,1657
A0165_5,C0165,Mule,Jaipur,1710
A0165_6,C0165,Mule,Hyderabad,1306
A0165_7,C0165,Mule,Lucknow,1076
A0166_1,C0166,Victim,Coimbatore,1017
A0166_2,C0166,Mule,Lucknow,296
A0166_3,C0166,Mule,Jaipur,1134
A0166_4,C0166,Mule,Bengaluru,1616
A0167_1,C0167,Victim,Coimbatore,304
A0167_2,C0167,Mule,Kochi,1007
A0167_3,C0167,Mule,Coimbatore,1789
A0167_4,C0167,Mule,Chennai,610
A0167_5,C0167,Mule,Jaipur,1143
A0167_6,C0167,Mule,Mumbai,557
A0167_7,C0167,Mule,Coimbatore,41
A0168_1,C0168,Victim,Mumbai,396
A0168_2,C0168,Mule,Pune,1175
A0168_3,C0168,Mule,Ahmedabad,1020
A0168_4,C0168,Mule,Kochi,658
A0168_5,C0168,Mule,Jaipur,735
A0168_6,C0168,Mule,Bhubaneswar,845
A0168_7,C0168,Mule,Bhubaneswar,312
A0169_1,C0169,Victim,Hyderabad,193
A0169_2,C0169,Mule,Jaipur,107
A0169_3,C0169,Mule,Bhubaneswar,817
A0169_4,C0169,Mule,Mumbai,1287
A0169_5,C0169,Mule,Lucknow,1097
A0169_6,C0169,Mule,Kochi,1487
A0170_1,C0170,Victim,Bengaluru,595
A0170_2,C0170,Mule,Mumbai,753
A0170_3,C0170,Mule,Lucknow,839
A0170_4,C0170,Mule,Mumbai,1230
A0171_1,C0171,Victim,Chennai,388
A0171_2,C0171,Mule,Mumbai,1066
A0171_3,C0171,Mule,Chennai,1174
A0171_4,C0171,Mule,Chennai,1060
A0171_5,C0171,Mule,Kochi,726
A0171_6,C0171,Mule,Chennai,1674
A0172_1,C0172,Victim,Pune,753
A0172_2,C0172,Mule,Ahmedabad,1127
A0172_3,C0172,Mule,Bengaluru,1465
A0172_4,C0172,Mule,Kochi,538
A0172_5,C0172,Mule,Kochi,220
A0172_6,C0172,Mule,Mumbai,1409
A0172_7,C0172,Mule,Bhubaneswar,1711
A0173_1,C0173,Victim,Bengaluru,275
A0173_2,C0173,Mule,Chennai,1414
A0173_3,C0173,Mule,Lucknow,1038
A0173_4,C0173,Mule,Jaipur,43
A0174_1,C0174,Victim,Mumbai,1137
A0174_2,C0174,Mule,Bengaluru,1059
A0174_3,C0174,Mule,Pune,836
A0174_4,C0174,Mule,Lucknow,1619
A0174_5,C0174,Mule,Hyderabad,966
A0174_6,C0174,Mule,Chennai,1460
A0174_7,C0174,Mule,Ahmedabad,972
A0175_1,C0175,Victim,Pune,602
A0175_2,C0175,Mule,Delhi,398
A0175_3,C0175,Mule,Jaipur,298
A0175_4,C0175,Mule,Jaipur,1434
A0175_5,C0175,Mule,Coimbatore,1697
A0175_6,C0175,Mule,Chennai,1506
A0175_7,C0175,Mule,Kochi,1676
A0176_1,C0176,Victim,Bengaluru,471
A0176_2,C0176,Mule,Kochi,1005
A0176_3,C0176,Mule,Lucknow,227
A0176_4,C0176,Mule,Delhi,1554
A0177_1,C0177,Victim,Pune,1408
A0177_2,C0177,Mule,Ahmedabad,1028
A0177_3,C0177,Mule,Bhubaneswar,945
A0177_4,C0177,Mule,Chennai,810
A0177_5,C0177,Mule,Jaipur,616
A0177_6,C0177,Mule,Delhi,1323
A0178_1,C0178,Victim,Delhi,372
A0178_2,C0178,Mule,Hyderabad,1779
A0178_3,C0178,Mule,Bengaluru,286
A0178_4,C0178,Mule,Bhubaneswar,510
A0178_5,C0178,Mule,Lucknow,545
A0178_6,C0178,Mule,Bhubaneswar,1465
A0178_7,C0178,Mule,Bhubaneswar,193
A0179_1,C0179,Victim,Bengaluru,88
A0179_2,C0179,Mule,Bengaluru,1388
A0179_3,C0179,Mule,Pune,1792
A0179_4,C0179,Mule,Pune,1799
A0179_5,C0179,Mule,Delhi,986
A0180_1,C0180,Victim,Kochi,874
A0180_2,C0180,Mule,Kochi,348
A0180_3,C0180,Mule,Kochi,51
A0180_4,C0180,Mule,Bengaluru,1101
A0180_5,C0180,Mule,Hyderabad,734
A0180_6,C0180,Mule,Kochi,990
A0181_1,C0181,Victim,Mumbai,568
A0181_2,C0181,Mule,Chennai,894
A0181_3,C0181,Mule,Lucknow,520
A0181_4,C0181,Mule,Ahmedabad,1595
A0181_5,C0181,Mule,Jaipur,1683
A0182_1,C0182,Victim,Pune,341
A0182_2,C0182,Mule,Bengaluru,1125
A0182_3,C0182,Mule,Bengaluru,410
A0182_4,C0182,Mule,Chennai,607
A0183_1,C0183,Victim,Chennai,194
A0183_2,C0183,Mule,Hyderabad,144
A0183_3,C0183,Mule,Kochi,1618
A0183_4,C0183,Mule,Mumbai,176
A0183_5,C0183,Mule,Ahmedabad,992
A0183_6,C0183,Mule,Hyderabad,423
A0184_1,C0184,Victim,Chennai,548
A0184_2,C0184,Mule,Delhi,1337
A0184_3,C0184,Mule,Kochi,436
A0184_4,C0184,Mule,Pune,136
A0185_1,C0185,Victim,Bengaluru,1608
A0185_2,C0185,Mule,Chennai,539
A0185_3,C0185,Mule,Hyderabad,1053
A0185_4,C0185,Mule,Chennai,1434
A0185_5,C0185,Mule,Jaipur,723
A0185_6,C0185,Mule,Lucknow,152
A0186_1,C0186,Victim,Delhi,1174
A0186_2,C0186,Mule,Kochi,1141
A0186_3,C0186,Mule,Bhubaneswar,1033
A0186_4,C0186,Mule,Coimbatore,1190
A0186_5,C0186,Mule,Hyderabad,1143
A0186_6,C0186,Mule,Pune,692
A0186_7,C0186,Mule,Bhubaneswar,989
A0187_1,C0187,Victim,Mumbai,1103
A0187_2,C0187,Mule,Lucknow,1048
A0187_3,C0187,Mule,Ahmedabad,345
A0187_4,C0187,Mule,Jaipur,609
A0187_5,C0187,Mule,Pune,869
A0188_1,C0188,Victim,Kochi,780
A0188_2,C0188,Mule,Coimbatore,1270
A0188_3,C0188,Mule,Bhubaneswar,175
A0188_4,C0188,Mule,Bengaluru,457
A0189_1,C0189,Victim,Coimbatore,1093
A0189_2,C0189,Mule,Chennai,237
A0189_3,C0189,Mule,Bhubaneswar,503
A0189_4,C0189,Mule,Ahmedabad,819
A0189_5,C0189,Mule,Coimbatore,425
A0190_1,C0190,Victim,Delhi,675
A0190_2,C0190,Mule,Ahmedabad,694
A0190_3,C0190,Mule,Pune,874
A0190_4,C0190,Mule,Lucknow,911
A0190_5,C0190,Mule,Bhubaneswar,692
A0190_6,C0190,Mule,Jaipur,522
A0191_1,C0191,Victim,Hyderabad,1782
A0191_2,C0191,Mule,Pune,74
A0191_3,C0191,Mule,Bhubaneswar,1714
A0191_4,C0191,Mule,Kochi,1163
A0191_5,C0191,Mule,Ahmedabad,1169
A0192_1,C0192,Victim,Pune,384
A0192_2,C0192,Mule,Delhi,1721
A0192_3,C0192,Mule,Bhubaneswar,1469
A0192_4,C0192,Mule,Jaipur,1708
A0192_5,C0192,Mule,Chennai,1249
A0192_6,C0192,Mule,Lucknow,645
A0192_7,C0192,Mule,Bengaluru,1526
A0193_1,C0193,Victim,Bengaluru,1058
A0193_2,C0193,Mule,Bhubaneswar,482
A0193_3,C0193,Mule,Hyderabad,133
A0193_4,C0193,Mule,Lucknow,1528
A0193_5,C0193,Mule,Mumbai,942
A0193_6,C0193,Mule,Jaipur,1208
A0194_1,C0194,Victim,Hyderabad,839
A0194_2,C0194,Mule,Lucknow,1200
A0194_3,C0194,Mule,Coimbatore,1179
A0194_4,C0194,Mule,Jaipur,1536
A0194_5,C0194,Mule,Ahmedabad,534
A0194_6,C0194,Mule,Coimbatore,176
A0194_7,C0194,Mule,Kochi,1620
A0195_1,C0195,Victim,Pune,1581
A0195_2,C0195,Mule,Bhubaneswar,1776
A0195_3,C0195,Mule,Chennai,260
A0195_4,C0195,Mule,Bhubaneswar,141
A0195_5,C0195,Mule,Coimbatore,1301
A0196_1,C0196,Victim,Bengaluru,801
A0196_2,C0196,Mule,Jaipur,1388
A0196_3,C0196,Mule,Ahmedabad,119
A0196_4,C0196,Mule,Kochi,378
A0197_1,C0197,Victim,Hyderabad,1071
A0197_2,C0197,Mule,Bhubaneswar,233
A0197_3,C0197,Mule,Pune,1022
A0197_4,C0197,Mule,Jaipur,1118
A0197_5,C0197,Mule,Chennai,411
A0197_6,C0197,Mule,Coimbatore,1055
A0197_7,C0197,Mule,Delhi,1178
A0198_1,C0198,Victim,Kochi,340
A0198_2,C0198,Mule,Pune,834
A0198_3,C0198,Mule,Lucknow,311
A0198_4,C0198,Mule,Chennai,1524
A0198_5,C0198,Mule,Mumbai,1096
A0199_1,C0199,Victim,Bengaluru,1440
A0199_2,C0199,Mule,Bhubaneswar,1102
A0199_3,C0199,Mule,Hyderabad,910
A0199_4,C0199,Mule,Hyderabad,1373
A0199_5,C0199,Mule,Jaipur,353
A0199_6,C0199,Mule,Pune,168
A0200_1,C0200,Victim,Kochi,1251
A0200_2,C0200,Mule,Coimbatore,502
A0200_3,C0200,Mule,Lucknow,83
A0200_4,C0200,Mule,Pune,192
A0200_5,C0200,Mule,Bhubaneswar,1627
A0201_1,C0201,Victim,Hyderabad,1581
A0201_2,C0201,Mule,Coimbatore,165
A0201_3,C0201,Mule,Hyderabad,929
A0201_4,C0201,Mule,Jaipur,1033
A0201_5,C0201,Mule,Bhubaneswar,695
A0202_1,C0202,Victim,Mumbai,1172
A0202_2,C0202,Mule,Mumbai,1087
A0202_3,C0202,Mule,Lucknow,130
A0202_4,C0202,Mule,Coimbatore,626
A0203_1,C0203,Victim,Bengaluru,835
A0203_2,C0203,Mule,Mumbai,692
A0203_3,C0203,Mule,Delhi,81
A0203_4,C0203,Mule,Hyderabad,959
A0203_5,C0203,Mule,Jaipur,1489
A0204_1,C0204,Victim,Bengaluru,1157
A0204_2,C0204,Mule,Mumbai,119
A0204_3,C0204,Mule,Hyderabad,716
A0204_4,C0204,Mule,Jaipur,1380
A0204_5,C0204,Mule,Hyderabad,362
A0204_6,C0204,Mule,Hyderabad,396
A0204_7,C0204,Mule,Bhubaneswar,135
A0205_1,C0205,Victim,Delhi,934
A0205_2,C0205,Mule,Chennai,1261
A0205_3,C0205,Mule,Jaipur,43
A0205_4,C0205,Mule,Coimbatore,1150
A0205_5,C0205,Mule,Kochi,1299
A0205_6,C0205,Mule,Lucknow,1171
A0205_7,C0205,Mule,Coimbatore,130
A0206_1,C0206,Victim,Pune,806
A0206_2,C0206,Mule,Chennai,1583
A0206_3,C0206,Mule,Mumbai,1757
A0206_4,C0206,Mule,Ahmedabad,162
A0206_5,C0206,Mule,Kochi,994
A0206_6,C0206,Mule,Hyderabad,279
A0207_1,C0207,Victim,Pune,1106
A0207_2,C0207,Mule,Jaipur,1306
A0207_3,C0207,Mule,Pune,295
A0207_4,C0207,Mule,Jaipur,1182
A0207_5,C0207,Mule,Delhi,1094
A0207_6,C0207,Mule,Bhubaneswar,1324
A0208_1,C0208,Victim,Chennai,1443
A0208_2,C0208,Mule,Kochi,551
A0208_3,C0208,Mule,Chennai,660
A0208_4,C0208,Mule,Kochi,1067
A0208_5,C0208,Mule,Ahmedabad,693
A0209_1,C0209,Victim,Pune,1635
A0209_2,C0209,Mule,Mumbai,1550
A0209_3,C0209,Mule,Bengaluru,1740
A0209_4,C0209,Mule,Ahmedabad,643
A0209_5,C0209,Mule,Jaipur,1514
A0209_6,C0209,Mule,Lucknow,676
A0209_7,C0209,Mule,Ahmedabad,1127
A0210_1,C0210,Victim,Chennai,877
A0210_2,C0210,Mule,Chennai,1047
A0210_3,C0210,Mule,Coimbatore,791
A0210_4,C0210,Mule,Delhi,1728
A0210_5,C0210,Mule,Kochi,472
A0210_6,C0210,Mule,Ahmedabad,649
A0211_1,C0211,Victim,Bengaluru,1513
A0211_2,C0211,Mule,Bengaluru,970
A0211_3,C0211,Mule,Mumbai,1491
A0211_4,C0211,Mule,Ahmedabad,267
A0211_5,C0211,Mule,Bengaluru,666
A0212_1,C0212,Victim,Delhi,588
A0212_2,C0212,Mule,Hyderabad,352
A0212_3,C0212,Mule,Kochi,264
A0212_4,C0212,Mule,Bengaluru,1305
A0213_1,C0213,Victim,Chennai,89
A0213_2,C0213,Mule,Delhi,1413
A0213_3,C0213,Mule,Bengaluru,246
A0213_4,C0213,Mule,Mumbai,140
A0213_5,C0213,Mule,Chennai,903
A0214_1,C0214,Victim,Coimbatore,665
A0214_2,C0214,Mule,Lucknow,1349
A0214_3,C0214,Mule,Bhubaneswar,1599
A0214_4,C0214,Mule,Delhi,993
A0214_5,C0214,Mule,Coimbatore,488
A0214_6,C0214,Mule,Hyderabad,1793
A0214_7,C0214,Mule,Jaipur,558
A0215_1,C0215,Victim,Coimbatore,1121
A0215_2,C0215,Mule,Delhi,850
A0215_3,C0215,Mule,Jaipur,876
A0215_4,C0215,Mule,Coimbatore,1301
A0215_5,C0215,Mule,Coimbatore,1152
A0215_6,C0215,Mule,Hyderabad,1017
A0216_1,C0216,Victim,Delhi,1166
A0216_2,C0216,Mule,Chennai,1713
A0216_3,C0216,Mule,Delhi,390
A0216_4,C0216,Mule,Kochi,861
A0216_5,C0216,Mule,Chennai,1255
A0216_6,C0216,Mule,Chennai,1433
A0217_1,C0217,Victim,Kochi,920
A0217_2,C0217,Mule,Bhubaneswar,735
A0217_3,C0217,Mule,Chennai,1223
A0217_4,C0217,Mule,Bengaluru,1282
A0217_5,C0217,Mule,Ahmedabad,857
A0217_6,C0217,Mule,Hyderabad,1775
A0218_1,C0218,Victim,Hyderabad,1002
A0218_2,C0218,Mule,Hyderabad,415
A0218_3,C0218,Mule,Ahmedabad,817
A0218_4,C0218,Mule,Pune,1750
A0218_5,C0218,Mule,Mumbai,345
A0219_1,C0219,Victim,Mumbai,960
A0219_2,C0219,Mule,Ahmedabad,898
A0219_3,C0219,Mule,Ahmedabad,1709
A0219_4,C0219,Mule,Delhi,817
A0219_5,C0219,Mule,Pune,492
A0220_1,C0220,Victim,Coimbatore,1525
A0220_2,C0220,Mule,Bhubaneswar,1108
A0220_3,C0220,Mule,Kochi,982
A0220_4,C0220,Mule,Ahmedabad,190
A0220_5,C0220,Mule,Ahmedabad,1279
A0221_1,C0221,Victim,Kochi,102
A0221_2,C0221,Mule,Bhubaneswar,1253
A0221_3,C0221,Mule,Bhubaneswar,652
A0221_4,C0221,Mule,Bhubaneswar,1637
A0221_5,C0221,Mule,Jaipur,563
A0222_1,C0222,Victim,Kochi,1548
A0222_2,C0222,Mule,Chennai,1266
A0222_3,C0222,Mule,Hyderabad,1241
A0222_4,C0222,Mule,Bhubaneswar,339
A0223_1,C0223,Victim,Mumbai,517
A0223_2,C0223,Mule,Lucknow,931
A0223_3,C0223,Mule,Bhubaneswar,1335
A0223_4,C0223,Mule,Hyderabad,461
A0223_5,C0223,Mule,Jaipur,1533
A0223_6,C0223,Mule,Pune,141
A0223_7,C0223,Mule,Lucknow,571
A0224_1,C0224,Victim,Coimbatore,1759
A0224_2,C0224,Mule,Mumbai,1280
A0224_3,C0224,Mule,Lucknow,1787
A0224_4,C0224,Mule,Kochi,716
A0224_5,C0224,Mule,Kochi,576
A0224_6,C0224,Mule,Chennai,552
A0225_1,C0225,Victim,Pune,1515
A0225_2,C0225,Mule,Kochi,545
A0225_3,C0225,Mule,Coimbatore,99
A0225_4,C0225,Mule,Bengaluru,1298
A0225_5,C0225,Mule,Chennai,146
A0226_1,C0226,Victim,Kochi,1447
A0226_2,C0226,Mule,Lucknow,1606
A0226_3,C0226,Mule,Pune,557
A0226_4,C0226,Mule,Hyderabad,1628
A0226_5,C0226,Mule,Chennai,597
A0226_6,C0226,Mule,Bengaluru,813
A0226_7,C0226,Mule,Mumbai,711
A0227_1,C0227,Victim,Kochi,68
A0227_2,C0227,Mule,Delhi,334
A0227_3,C0227,Mule,Lucknow,1341
A0227_4,C0227,Mule,Bengaluru,107
A0227_5,C0227,Mule,Lucknow,829
A0227_6,C0227,Mule,Kochi,340
A0227_7,C0227,Mule,Bhubaneswar,705
A0228_1,C0228,Victim,Pune,194
A0228_2,C0228,Mule,Delhi,1587
A0228_3,C0228,Mule,Kochi,1356
A0228_4,C0228,Mule,Coimbatore,391
A0228_5,C0228,Mule,Ahmedabad,110
A0228_6,C0228,Mule,Mumbai,1383
A0229_1,C0229,Victim,Delhi,63
A0229_2,C0229,Mule,Bengaluru,724
A0229_3,C0229,Mule,Bengaluru,721
A0229_4,C0229,Mule,Bhubaneswar,117
A0229_5,C0229,Mule,Mumbai,272
A0229_6,C0229,Mule,Coimbatore,1682
A0229_7,C0229,Mule,Lucknow,1396
A0230_1,C0230,Victim,Delhi,1740
A0230_2,C0230,Mule,Jaipur,160
A0230_3,C0230,Mule,Chennai,263
A0230_4,C0230,Mule,Delhi,1248
A0230_5,C0230,Mule,Jaipur,481
A0231_1,C0231,Victim,Pune,928
A0231_2,C0231,Mule,Coimbatore,1221
A0231_3,C0231,Mule,Bengaluru,303
A0231_4,C0231,Mule,Chennai,1650
A0231_5,C0231,Mule,Lucknow,1284
A0232_1,C0232,Victim,Delhi,519
A0232_2,C0232,Mule,Hyderabad,1280
A0232_3,C0232,Mule,Bhubaneswar,107
A0232_4,C0232,Mule,Jaipur,398
A0232_5,C0232,Mule,Bhubaneswar,1053
A0232_6,C0232,Mule,Jaipur,210
A0232_7,C0232,Mule,Lucknow,1722
A0233_1,C0233,Victim,Bengaluru,1402
A0233_2,C0233,Mule,Bengaluru,140
A0233_3,C0233,Mule,Lucknow,775
A0233_4,C0233,Mule,Kochi,459
A0233_5,C0233,Mule,Mumbai,544
A0234_1,C0234,Victim,Pune,437
A0234_2,C0234,Mule,Bhubaneswar,1416
A0234_3,C0234,Mule,Pune,501
A0234_4,C0234,Mule,Chennai,697
A0234_5,C0234,Mule,Coimbatore,230
A0234_6,C0234,Mule,Coimbatore,1540
A0234_7,C0234,Mule,Mumbai,439
A0235_1,C0235,Victim,Kochi,257
A0235_2,C0235,Mule,Delhi,969
A0235_3,C0235,Mule,Mumbai,380
A0235_4,C0235,Mule,Pune,480
A0235_5,C0235,Mule,Kochi,1266
A0236_1,C0236,Victim,Pune,1216
A0236_2,C0236,Mule,Coimbatore,1241
A0236_3,C0236,Mule,Hyderabad,1204
A0236_4,C0236,Mule,Bengaluru,885
A0236_5,C0236,Mule,Bengaluru,112
A0236_6,C0236,Mule,Delhi,1532
A0236_7,C0236,Mule,Ahmedabad,98
A0237_1,C0237,Victim,Bengaluru,1787
A0237_2,C0237,Mule,Jaipur,1560
A0237_3,C0237,Mule,Jaipur,79
A0237_4,C0237,Mule,Delhi,979
A0237_5,C0237,Mule,Hyderabad,1470
A0237_6,C0237,Mule,Mumbai,408
A0237_7,C0237,Mule,Pune,1313
A0238_1,C0238,Victim,Pune,257
A0238_2,C0238,Mule,Mumbai,778
A0238_3,C0238,Mule,Delhi,1297
A0238_4,C0238,Mule,Bengaluru,778
A0239_1,C0239,Victim,Hyderabad,752
A0239_2,C0239,Mule,Kochi,1061
A0239_3,C0239,Mule,Lucknow,896
A0239_4,C0239,Mule,Kochi,141
A0239_5,C0239,Mule,Chennai,793
A0239_6,C0239,Mule,Pune,956
A0240_1,C0240,Victim,Kochi,1457
A0240_2,C0240,Mule,Hyderabad,1046
A0240_3,C0240,Mule,Hyderabad,448
A0240_4,C0240,Mule,Ahmedabad,1314
A0241_1,C0241,Victim,Pune,1215
A0241_2,C0241,Mule,Pune,1372
A0241_3,C0241,Mule,Lucknow,1641
A0241_4,C0241,Mule,Pune,1025
A0241_5,C0241,Mule,Jaipur,1393
A0241_6,C0241,Mule,Bhubaneswar,1115
A0241_7,C0241,Mule,Ahmedabad,941
A0242_1,C0242,Victim,Bengaluru,360
A0242_2,C0242,Mule,Coimbatore,269
A0242_3,C0242,Mule,Bengaluru,678
A0242_4,C0242,Mule,Jaipur,289
A0242_5,C0242,Mule,Delhi,563
A0243_1,C0243,Victim,Pune,38
A0243_2,C0243,Mule,Bhubaneswar,1148
A0243_3,C0243,Mule,Ahmedabad,708
A0243_4,C0243,Mule,Lucknow,1474
A0243_5,C0243,Mule,Kochi,1000
A0244_1,C0244,Victim,Pune,698
A0244_2,C0244,Mule,Bengaluru,1275
A0244_3,C0244,Mule,Lucknow,429
A0244_4,C0244,Mule,Jaipur,1108
A0245_1,C0245,Victim,Pune,332
A0245_2,C0245,Mule,Bhubaneswar,1778
A0245_3,C0245,Mule,Mumbai,787
A0245_4,C0245,Mule,Mumbai,793
A0245_5,C0245,Mule,Bengaluru,612
A0245_6,C0245,Mule,Pune,749
A0245_7,C0245,Mule,Kochi,942
A0246_1,C0246,Victim,Mumbai,43
A0246_2,C0246,Mule,Mumbai,1338
A0246_3,C0246,Mule,Kochi,878
A0246_4,C0246,Mule,Hyderabad,1168
A0247_1,C0247,Victim,Chennai,345
A0247_2,C0247,Mule,Kochi,644
A0247_3,C0247,Mule,Lucknow,1738
A0247_4,C0247,Mule,Lucknow,997
A0248_1,C0248,Victim,Delhi,558
A0248_2,C0248,Mule,Lucknow,1434
A0248_3,C0248,Mule,Delhi,1451
A0248_4,C0248,Mule,Chennai,794
A0248_5,C0248,Mule,Ahmedabad,1531
A0248_6,C0248,Mule,Jaipur,65
A0248_7,C0248,Mule,Kochi,363
A0249_1,C0249,Victim,Bengaluru,677
A0249_2,C0249,Mule,Lucknow,1668
A0249_3,C0249,Mule,Kochi,585
A0249_4,C0249,Mule,Lucknow,1459
A0249_5,C0249,Mule,Bhubaneswar,772
A0249_6,C0249,Mule,Chennai,1124
A0250_1,C0250,Victim,Coimbatore,973
A0250_2,C0250,Mule,Chennai,268
A0250_3,C0250,Mule,Hyderabad,65
A0250_4,C0250,Mule,Delhi,743
A0250_5,C0250,Mule,Kochi,1445
A0250_6,C0250,Mule,Pune,314
A0250_7,C0250,Mule,Delhi,1253
A0251_1,C0251,Victim,Mumbai,432
A0251_2,C0251,Mule,Chennai,97
A0251_3,C0251,Mule,Lucknow,1081
A0251_4,C0251,Mule,Jaipur,151
A0252_1,C0252,Victim,Coimbatore,1762
A0252_2,C0252,Mule,Bhubaneswar,598
A0252_3,C0252,Mule,Jaipur,742
A0252_4,C0252,Mule,Pune,358
A0252_5,C0252,Mule,Ahmedabad,1629
A0253_1,C0253,Victim,Delhi,1459
A0253_2,C0253,Mule,Jaipur,409
A0253_3,C0253,Mule,Delhi,1409
A0253_4,C0253,Mule,Chennai,400
A0253_5,C0253,Mule,Pune,807
A0253_6,C0253,Mule,Mumbai,468
A0254_1,C0254,Victim,Kochi,492
A0254_2,C0254,Mule,Ahmedabad,864
A0254_3,C0254,Mule,Kochi,1781
A0254_4,C0254,Mule,Mumbai,416
A0254_5,C0254,Mule,Chennai,1752
A0254_6,C0254,Mule,Delhi,1420
A0254_7,C0254,Mule,Pune,397
A0255_1,C0255,Victim,Mumbai,600
A0255_2,C0255,Mule,Bhubaneswar,1598
A0255_3,C0255,Mule,Jaipur,1245
A0255_4,C0255,Mule,Kochi,1578
A0255_5,C0255,Mule,Lucknow,849
A0255_6,C0255,Mule,Pune,1004
A0255_7,C0255,Mule,Lucknow,1265
A0256_1,C0256,Victim,Bengaluru,1303
A0256_2,C0256,Mule,Jaipur,227
A0256_3,C0256,Mule,Chennai,1383
A0256_4,C0256,Mule,Ahmedabad,1601
A0256_5,C0256,Mule,Delhi,1653
A0256_6,C0256,Mule,Delhi,443
A0257_1,C0257,Victim,Kochi,1036
A0257_2,C0257,Mule,Mumbai,305
A0257_3,C0257,Mule,Kochi,1495
A0257_4,C0257,Mule,Mumbai,1028
A0257_5,C0257,Mule,Chennai,1195
A0258_1,C0258,Victim,Chennai,292
A0258_2,C0258,Mule,Pune,744
A0258_3,C0258,Mule,Bhubaneswar,1225
A0258_4,C0258,Mule,Bengaluru,1597
A0259_1,C0259,Victim,Kochi,721
A0259_2,C0259,Mule,Hyderabad,70
A0259_3,C0259,Mule,Ahmedabad,697
A0259_4,C0259,Mule,Bengaluru,973
A0260_1,C0260,Victim,Coimbatore,718
A0260_2,C0260,Mule,Delhi,1059
A0260_3,C0260,Mule,Lucknow,725
A0260_4,C0260,Mule,Hyderabad,1289
A0260_5,C0260,Mule,Kochi,774
A0261_1,C0261,Victim,Coimbatore,904
A0261_2,C0261,Mule,Coimbatore,741
A0261_3,C0261,Mule,Chennai,1364
A0261_4,C0261,Mule,Kochi,1063
A0261_5,C0261,Mule,Kochi,916
A0261_6,C0261,Mule,Lucknow,1135
A0261_7,C0261,Mule,Pune,439
A0262_1,C0262,Victim,Kochi,870
A0262_2,C0262,Mule,Pune,1791
A0262_3,C0262,Mule,Chennai,1328
A0262_4,C0262,Mule,Coimbatore,1762
A0262_5,C0262,Mule,Mumbai,576
A0262_6,C0262,Mule,Kochi,1353
A0262_7,C0262,Mule,Hyderabad,555
A0263_1,C0263,Victim,Bengaluru,1509
A0263_2,C0263,Mule,Delhi,1632
A0263_3,C0263,Mule,Bengaluru,143
A0263_4,C0263,Mule,Chennai,672
A0264_1,C0264,Victim,Delhi,517
A0264_2,C0264,Mule,Jaipur,280
A0264_3,C0264,Mule,Pune,704
A0264_4,C0264,Mule,Jaipur,1539
A0265_1,C0265,Victim,Pune,678
A0265_2,C0265,Mule,Ahmedabad,897
A0265_3,C0265,Mule,Delhi,1428
A0265_4,C0265,Mule,Coimbatore,598
A0266_1,C0266,Victim,Mumbai,1338
A0266_2,C0266,Mule,Bhubaneswar,773
A0266_3,C0266,Mule,Lucknow,279
A0266_4,C0266,Mule,Ahmedabad,514
A0266_5,C0266,Mule,Delhi,825
A0266_6,C0266,Mule,Bengaluru,834
A0267_1,C0267,Victim,Coimbatore,1460
A0267_2,C0267,Mule,Kochi,1066
A0267_3,C0267,Mule,Chennai,750
A0267_4,C0267,Mule,Mumbai,1263
A0267_5,C0267,Mule,Bhubaneswar,1695
A0268_1,C0268,Victim,Hyderabad,1764
A0268_2,C0268,Mule,Jaipur,1434
A0268_3,C0268,Mule,Mumbai,1653
A0268_4,C0268,Mule,Pune,954
A0268_5,C0268,Mule,Delhi,1535
A0269_1,C0269,Victim,Hyderabad,977
A0269_2,C0269,Mule,Coimbatore,566
A0269_3,C0269,Mule,Bhubaneswar,1774
A0269_4,C0269,Mule,Hyderabad,131
A0270_1,C0270,Victim,Coimbatore,1491
A0270_2,C0270,Mule,Coimbatore,420
A0270_3,C0270,Mule,Kochi,619
A0270_4,C0270,Mule,Bhubaneswar,1042
A0270_5,C0270,Mule,Mumbai,296
A0271_1,C0271,Victim,Pune,205
A0271_2,C0271,Mule,Bengaluru,990
A0271_3,C0271,Mule,Hyderabad,692
A0271_4,C0271,Mule,Bhubaneswar,844
A0271_5,C0271,Mule,Lucknow,464
A0271_6,C0271,Mule,Bhubaneswar,815
A0271_7,C0271,Mule,Bhubaneswar,896
A0272_1,C0272,Victim,Bengaluru,377
A0272_2,C0272,Mule,Ahmedabad,1039
A0272_3,C0272,Mule,Pune,988
A0272_4,C0272,Mule,Hyderabad,213
A0272_5,C0272,Mule,Pune,1484
A0272_6,C0272,Mule,Ahmedabad,916
A0273_1,C0273,Victim,Bengaluru,138
A0273_2,C0273,Mule,Coimbatore,334
A0273_3,C0273,Mule,Bengaluru,500
A0273_4,C0273,Mule,Hyderabad,103
A0273_5,C0273,Mule,Delhi,562
A0273_6,C0273,Mule,Hyderabad,1475
A0273_7,C0273,Mule,Delhi,923
A0274_1,C0274,Victim,Hyderabad,1107
A0274_2,C0274,Mule,Jaipur,399
A0274_3,C0274,Mule,Mumbai,187
A0274_4,C0274,Mule,Coimbatore,1603
A0275_1,C0275,Victim,Delhi,1246
A0275_2,C0275,Mule,Lucknow,41
A0275_3,C0275,Mule,Pune,119
A0275_4,C0275,Mule,Lucknow,1304
A0275_5,C0275,Mule,Delhi,695
A0275_6,C0275,Mule,Bhubaneswar,1533
A0276_1,C0276,Victim,Kochi,276
A0276_2,C0276,Mule,Kochi,1035
A0276_3,C0276,Mule,Mumbai,1537
A0276_4,C0276,Mule,Kochi,1432
A0276_5,C0276,Mule,Jaipur,298
A0277_1,C0277,Victim,Chennai,979
A0277_2,C0277,Mule,Lucknow,489
A0277_3,C0277,Mule,Lucknow,1435
A0277_4,C0277,Mule,Bhubaneswar,347
A0277_5,C0277,Mule,Delhi,1109
A0277_6,C0277,Mule,Lucknow,1355
A0278_1,C0278,Victim,Mumbai,223
A0278_2,C0278,Mule,Delhi,1383
A0278_3,C0278,Mule,Bhubaneswar,1194
A0278_4,C0278,Mule,Kochi,757
A0278_5,C0278,Mule,Kochi,1229
A0278_6,C0278,Mule,Chennai,1604
A0278_7,C0278,Mule,Ahmedabad,63
A0279_1,C0279,Victim,Bengaluru,1559
A0279_2,C0279,Mule,Jaipur,561
A0279_3,C0279,Mule,Lucknow,247
A0279_4,C0279,Mule,Mumbai,1124
A0280_1,C0280,Victim,Kochi,286
A0280_2,C0280,Mule,Hyderabad,58
A0280_3,C0280,Mule,Coimbatore,259
A0280_4,C0280,Mule,Bengaluru,1455
A0281_1,C0281,Victim,Chennai,370
A0281_2,C0281,Mule,Hyderabad,1543
A0281_3,C0281,Mule,Bhubaneswar,941
A0281_4,C0281,Mule,Delhi,995
A0282_1,C0282,Victim,Chennai,848
A0282_2,C0282,Mule,Delhi,1081
A0282_3,C0282,Mule,Jaipur,1514
A0282_4,C0282,Mule,Jaipur,1419
A0282_5,C0282,Mule,Delhi,504
A0282_6,C0282,Mule,Bhubaneswar,154
A0282_7,C0282,Mule,Ahmedabad,68
A0283_1,C0283,Victim,Delhi,630
A0283_2,C0283,Mule,Bhubaneswar,1486
A0283_3,C0283,Mule,Mumbai,883
A0283_4,C0283,Mule,Lucknow,1366
A0283_5,C0283,Mule,Bhubaneswar,767
A0284_1,C0284,Victim,Chennai,564
A0284_2,C0284,Mule,Pune,1416
A0284_3,C0284,Mule,Hyderabad,387
A0284_4,C0284,Mule,Ahmedabad,95
A0284_5,C0284,Mule,Chennai,721
A0284_6,C0284,Mule,Mumbai,263
A0285_1,C0285,Victim,Coimbatore,1716
A0285_2,C0285,Mule,Ahmedabad,115
A0285_3,C0285,Mule,Ahmedabad,245
A0285_4,C0285,Mule,Hyderabad,1320
A0286_1,C0286,Victim,Hyderabad,881
A0286_2,C0286,Mule,Bengaluru,532
A0286_3,C0286,Mule,Delhi,729
A0286_4,C0286,Mule,Kochi,1064
A0286_5,C0286,Mule,Hyderabad,204
A0286_6,C0286,Mule,Kochi,792
A0286_7,C0286,Mule,Bhubaneswar,1575
A0287_1,C0287,Victim,Coimbatore,674
A0287_2,C0287,Mule,Mumbai,1611
A0287_3,C0287,Mule,Hyderabad,918
A0287_4,C0287,Mule,Bengaluru,835
A0287_5,C0287,Mule,Bengaluru,1382
A0287_6,C0287,Mule,Lucknow,339
A0288_1,C0288,Victim,Delhi,1692
A0288_2,C0288,Mule,Lucknow,858
A0288_3,C0288,Mule,Coimbatore,647
A0288_4,C0288,Mule,Chennai,105
A0288_5,C0288,Mule,Ahmedabad,715
A0288_6,C0288,Mule,Mumbai,1515
A0289_1,C0289,Victim,Coimbatore,1753
A0289_2,C0289,Mule,Pune,561
A0289_3,C0289,Mule,Lucknow,1069
A0289_4,C0289,Mule,Pune,283
A0290_1,C0290,Victim,Mumbai,245
A0290_2,C0290,Mule,Pune,1087
A0290_3,C0290,Mule,Jaipur,424
A0290_4,C0290,Mule,Pune,960
A0290_5,C0290,Mule,Chennai,330
A0291_1,C0291,Victim,Delhi,931
A0291_2,C0291,Mule,Bhubaneswar,1032
A0291_3,C0291,Mule,Bhubaneswar,883
A0291_4,C0291,Mule,Hyderabad,325
A0291_5,C0291,Mule,Ahmedabad,290
A0291_6,C0291,Mule,Delhi,1486
A0291_7,C0291,Mule,Delhi,294
A0292_1,C0292,Victim,Kochi,651
A0292_2,C0292,Mule,Kochi,1025
A0292_3,C0292,Mule,Bengaluru,1650
A0292_4,C0292,Mule,Hyderabad,321
A0292_5,C0292,Mule,Jaipur,893
A0292_6,C0292,Mule,Bengaluru,654
A0293_1,C0293,Victim,Delhi,335
A0293_2,C0293,Mule,Bhubaneswar,696
A0293_3,C0293,Mule,Chennai,1668
A0293_4,C0293,Mule,Jaipur,1390
A0293_5,C0293,Mule,Jaipur,868
A0293_6,C0293,Mule,Mumbai,506
A0293_7,C0293,Mule,Mumbai,724
A0294_1,C0294,Victim,Coimbatore,68
A0294_2,C0294,Mule,Kochi,1641
A0294_3,C0294,Mule,Coimbatore,532
A0294_4,C0294,Mule,Bhubaneswar,1748
A0294_5,C0294,Mule,Jaipur,939
A0295_1,C0295,Victim,Bengaluru,324
A0295_2,C0295,Mule,Hyderabad,553
A0295_3,C0295,Mule,Chennai,345
A0295_4,C0295,Mule,Kochi,864
A0295_5,C0295,Mule,Lucknow,376
A0295_6,C0295,Mule,Bengaluru,1288
A0296_1,C0296,Victim,Mumbai,581
A0296_2,C0296,Mule,Bengaluru,681
A0296_3,C0296,Mule,Delhi,1162
A0296_4,C0296,Mule,Mumbai,164
A0297_1,C0297,Victim,Hyderabad,794
A0297_2,C0297,Mule,Ahmedabad,374
A0297_3,C0297,Mule,Coimbatore,1130
A0297_4,C0297,Mule,Mumbai,1166
A0297_5,C0297,Mule,Delhi,115
A0298_1,C0298,Victim,Chennai,1543
A0298_2,C0298,Mule,Ahmedabad,1183
A0298_3,C0298,Mule,Chennai,645
A0298_4,C0298,Mule,Chennai,839
A0298_5,C0298,Mule,Bhubaneswar,281
A0299_1,C0299,Victim,Delhi,62
A0299_2,C0299,Mule,Bhubaneswar,303
A0299_3,C0299,Mule,Lucknow,34
A0299_4,C0299,Mule,Jaipur,1005
A0299_5,C0299,Mule,Bengaluru,49
A0299_6,C0299,Mule,Lucknow,385
A0300_1,C0300,Victim,Coimbatore,788
A0300_2,C0300,Mule,Coimbatore,940
A0300_3,C0300,Mule,Bengaluru,483
A0300_4,C0300,Mule,Bhubaneswar,70
A0300_5,C0300,Mule,Kochi,1423
A0300_6,C0300,Mule,Bhubaneswar,762
A0300_7,C0300,Mule,Coimbatore,214
A0301_1,C0301,Victim,Bengaluru,1234
A0301_2,C0301,Mule,Hyderabad,1557
A0301_3,C0301,Mule,Chennai,290
A0301_4,C0301,Mule,Kochi,1197
A0302_1,C0302,Victim,Pune,1759
A0302_2,C0302,Mule,Mumbai,591
A0302_3,C0302,Mule,Chennai,1422
A0302_4,C0302,Mule,Ahmedabad,985
A0302_5,C0302,Mule,Delhi,770
A0302_6,C0302,Mule,Ahmedabad,1584
A0302_7,C0302,Mule,Bengaluru,1507
A0303_1,C0303,Victim,Chennai,914
A0303_2,C0303,Mule,Bengaluru,1243
A0303_3,C0303,Mule,Lucknow,714
A0303_4,C0303,Mule,Kochi,536
A0303_5,C0303,Mule,Chennai,999
A0303_6,C0303,Mule,Coimbatore,727
A0303_7,C0303,Mule,Bengaluru,1712
A0304_1,C0304,Victim,Coimbatore,1417
A0304_2,C0304,Mule,Bengaluru,1175
A0304_3,C0304,Mule,Bengaluru,633
A0304_4,C0304,Mule,Mumbai,852
A0305_1,C0305,Victim,Pune,251
A0305_2,C0305,Mule,Chennai,55
A0305_3,C0305,Mule,Jaipur,1490
A0305_4,C0305,Mule,Chennai,1244
A0305_5,C0305,Mule,Coimbatore,1203
A0306_1,C0306,Victim,Kochi,331
A0306_2,C0306,Mule,Delhi,662
A0306_3,C0306,Mule,Jaipur,732
A0306_4,C0306,Mule,Kochi,785
A0306_5,C0306,Mule,Bengaluru,1090
A0307_1,C0307,Victim,Pune,1291
A0307_2,C0307,Mule,Kochi,887
A0307_3,C0307,Mule,Pune,362
A0307_4,C0307,Mule,Chennai,960
A0307_5,C0307,Mule,Bengaluru,1045
A0307_6,C0307,Mule,Coimbatore,37
A0308_1,C0308,Victim,Bengaluru,931
A0308_2,C0308,Mule,Coimbatore,1322
A0308_3,C0308,Mule,Jaipur,1597
A0308_4,C0308,Mule,Pune,119
A0308_5,C0308,Mule,Bengaluru,437
A0308_6,C0308,Mule,Coimbatore,611
A0309_1,C0309,Victim,Kochi,521
A0309_2,C0309,Mule,Pune,1687
A0309_3,C0309,Mule,Pune,1383
A0309_4,C0309,Mule,Hyderabad,1109
A0309_5,C0309,Mule,Jaipur,918
A0309_6,C0309,Mule,Bhubaneswar,163
A0309_7,C0309,Mule,Chennai,325
A0310_1,C0310,Victim,Delhi,1519
A0310_2,C0310,Mule,Chennai,1636
A0310_3,C0310,Mule,Delhi,1649
A0310_4,C0310,Mule,Lucknow,1289
A0310_5,C0310,Mule,Chennai,372
A0311_1,C0311,Victim,Hyderabad,445
A0311_2,C0311,Mule,Delhi,1797
A0311_3,C0311,Mule,Coimbatore,840
A0311_4,C0311,Mule,Coimbatore,656
A0311_5,C0311,Mule,Mumbai,802
A0312_1,C0312,Victim,Mumbai,782
A0312_2,C0312,Mule,Delhi,679
A0312_3,C0312,Mule,Kochi,813
A0312_4,C0312,Mule,Bengaluru,397
A0312_5,C0312,Mule,Delhi,508
A0312_6,C0312,Mule,Kochi,1351
A0312_7,C0312,Mule,Chennai,765
A0313_1,C0313,Victim,Chennai,607
A0313_2,C0313,Mule,Pune,1633
A0313_3,C0313,Mule,Mumbai,860
A0313_4,C0313,Mule,Jaipur,1581
A0313_5,C0313,Mule,Lucknow,54
A0313_6,C0313,Mule,Delhi,1369
A0314_1,C0314,Victim,Hyderabad,951
A0314_2,C0314,Mule,Ahmedabad,91
A0314_3,C0314,Mule,Pune,314
A0314_4,C0314,Mule,Jaipur,292
A0314_5,C0314,Mule,Kochi,1541
A0314_6,C0314,Mule,Bengaluru,1053
A0314_7,C0314,Mule,Lucknow,1738
A0315_1,C0315,Victim,Mumbai,448
A0315_2,C0315,Mule,Mumbai,160
A0315_3,C0315,Mule,Ahmedabad,821
A0315_4,C0315,Mule,Coimbatore,1002
A0315_5,C0315,Mule,Chennai,703
A0315_6,C0315,Mule,Jaipur,954
A0315_7,C0315,Mule,Lucknow,653
A0316_1,C0316,Victim,Bengaluru,294
A0316_2,C0316,Mule,Ahmedabad,886
A0316_3,C0316,Mule,Delhi,1551
A0316_4,C0316,Mule,Chennai,826
A0317_1,C0317,Victim,Delhi,1718
A0317_2,C0317,Mule,Mumbai,1268
A0317_3,C0317,Mule,Coimbatore,1106
A0317_4,C0317,Mule,Pune,1195
A0318_1,C0318,Victim,Hyderabad,1295
A0318_2,C0318,Mule,Bhubaneswar,914
A0318_3,C0318,Mule,Delhi,817
A0318_4,C0318,Mule,Lucknow,405
A0318_5,C0318,Mule,Bhubaneswar,1194
A0319_1,C0319,Victim,Coimbatore,1063
A0319_2,C0319,Mule,Pune,869
A0319_3,C0319,Mule,Delhi,367
A0319_4,C0319,Mule,Kochi,454
A0320_1,C0320,Victim,Delhi,974
A0320_2,C0320,Mule,Chennai,199
A0320_3,C0320,Mule,Ahmedabad,1375
A0320_4,C0320,Mule,Coimbatore,1491
A0320_5,C0320,Mule,Delhi,317
A0320_6,C0320,Mule,Delhi,1710
A0320_7,C0320,Mule,Kochi,1753
A0321_1,C0321,Victim,Coimbatore,1443
A0321_2,C0321,Mule,Kochi,939
A0321_3,C0321,Mule,Bengaluru,1255
A0321_4,C0321,Mule,Bengaluru,129
A0321_5,C0321,Mule,Mumbai,1601
A0321_6,C0321,Mule,Coimbatore,541
A0321_7,C0321,Mule,Pune,518
A0322_1,C0322,Victim,Hyderabad,1139
A0322_2,C0322,Mule,Mumbai,906
A0322_3,C0322,Mule,Chennai,505
A0322_4,C0322,Mule,Coimbatore,246
A0322_5,C0322,Mule,Pune,692
A0323_1,C0323,Victim,Delhi,1489
A0323_2,C0323,Mule,Ahmedabad,1650
A0323_3,C0323,Mule,Jaipur,381
A0323_4,C0323,Mule,Kochi,224
A0324_1,C0324,Victim,Mumbai,1061
A0324_2,C0324,Mule,Jaipur,1473
A0324_3,C0324,Mule,Bengaluru,506
A0324_4,C0324,Mule,Bengaluru,1292
A0324_5,C0324,Mule,Chennai,662
A0325_1,C0325,Victim,Kochi,1348
A0325_2,C0325,Mule,Bengaluru,1096
A0325_3,C0325,Mule,Mumbai,1357
A0325_4,C0325,Mule,Kochi,1567
A0325_5,C0325,Mule,Bengaluru,499
A0325_6,C0325,Mule,Bhubaneswar,708
A0326_1,C0326,Victim,Hyderabad,217
A0326_2,C0326,Mule,Hyderabad,1243
A0326_3,C0326,Mule,Ahmedabad,1732
A0326_4,C0326,Mule,Coimbatore,513
A0326_5,C0326,Mule,Ahmedabad,190
A0327_1,C0327,Victim,Pune,803
A0327_2,C0327,Mule,Hyderabad,994
A0327_3,C0327,Mule,Delhi,895
A0327_4,C0327,Mule,Ahmedabad,1278
A0327_5,C0327,Mule,Bhubaneswar,917
A0327_6,C0327,Mule,Hyderabad,1708
A0327_7,C0327,Mule,Delhi,70
A0328_1,C0328,Victim,Chennai,1036
A0328_2,C0328,Mule,Mumbai,881
A0328_3,C0328,Mule,Mumbai,1550
A0328_4,C0328,Mule,Pune,816
A0328_5,C0328,Mule,Delhi,660
A0328_6,C0328,Mule,Lucknow,1234
A0329_1,C0329,Victim,Hyderabad,100
A0329_2,C0329,Mule,Pune,1322
A0329_3,C0329,Mule,Bhubaneswar,1415
A0329_4,C0329,Mule,Bengaluru,1458
A0329_5,C0329,Mule,Lucknow,1351
A0329_6,C0329,Mule,Hyderabad,565
A0329_7,C0329,Mule,Jaipur,962
A0330_1,C0330,Victim,Kochi,1571
A0330_2,C0330,Mule,Bhubaneswar,212
A0330_3,C0330,Mule,Chennai,1332
A0330_4,C0330,Mule,Jaipur,1620
A0330_5,C0330,Mule,Pune,1697
A0330_6,C0330,Mule,Hyderabad,580
A0330_7,C0330,Mule,Bhubaneswar,459
A0331_1,C0331,Victim,Delhi,410
A0331_2,C0331,Mule,Coimbatore,150
A0331_3,C0331,Mule,Bhubaneswar,404
A0331_4,C0331,Mule,Coimbatore,561
A0331_5,C0331,Mule,Mumbai,932
A0332_1,C0332,Victim,Chennai,228
A0332_2,C0332,Mule,Coimbatore,1099
A0332_3,C0332,Mule,Bengaluru,799
A0332_4,C0332,Mule,Jaipur,1095
A0333_1,C0333,Victim,Pune,36
A0333_2,C0333,Mule,Delhi,1460
A0333_3,C0333,Mule,Mumbai,1515
A0333_4,C0333,Mule,Hyderabad,82
A0334_1,C0334,Victim,Pune,1683
A0334_2,C0334,Mule,Bhubaneswar,696
A0334_3,C0334,Mule,Lucknow,939
A0334_4,C0334,Mule,Coimbatore,1272
A0335_1,C0335,Victim,Chennai,1049
A0335_2,C0335,Mule,Chennai,647
A0335_3,C0335,Mule,Lucknow,1153
A0335_4,C0335,Mule,Delhi,374
A0335_5,C0335,Mule,Delhi,266
A0336_1,C0336,Victim,Coimbatore,1124
A0336_2,C0336,Mule,Lucknow,1515
A0336_3,C0336,Mule,Delhi,215
A0336_4,C0336,Mule,Bhubaneswar,711
A0336_5,C0336,Mule,Coimbatore,1209
A0337_1,C0337,Victim,Coimbatore,290
A0337_2,C0337,Mule,Pune,808
A0337_3,C0337,Mule,Jaipur,1539
A0337_4,C0337,Mule,Bengaluru,666
A0337_5,C0337,Mule,Bengaluru,1238
A0337_6,C0337,Mule,Ahmedabad,418
A0338_1,C0338,Victim,Bengaluru,1256
A0338_2,C0338,Mule,Pune,662
A0338_3,C0338,Mule,Ahmedabad,1440
A0338_4,C0338,Mule,Chennai,590
A0339_1,C0339,Victim,Mumbai,1699
A0339_2,C0339,Mule,Lucknow,1767
A0339_3,C0339,Mule,Hyderabad,74
A0339_4,C0339,Mule,Ahmedabad,833
A0339_5,C0339,Mule,Pune,895
A0339_6,C0339,Mule,Lucknow,999
A0340_1,C0340,Victim,Delhi,626
A0340_2,C0340,Mule,Hyderabad,459
A0340_3,C0340,Mule,Coimbatore,1677
A0340_4,C0340,Mule,Bhubaneswar,430
A0340_5,C0340,Mule,Bhubaneswar,1363
A0340_6,C0340,Mule,Bengaluru,771
A0340_7,C0340,Mule,Bhubaneswar,1783
A0341_1,C0341,Victim,Hyderabad,273
A0341_2,C0341,Mule,Coimbatore,842
A0341_3,C0341,Mule,Delhi,649
A0341_4,C0341,Mule,Bhubaneswar,1250
A0342_1,C0342,Victim,Hyderabad,1231
A0342_2,C0342,Mule,Jaipur,1202
A0342_3,C0342,Mule,Delhi,590
A0342_4,C0342,Mule,Bhubaneswar,1556
A0343_1,C0343,Victim,Chennai,1168
A0343_2,C0343,Mule,Ahmedabad,1634
A0343_3,C0343,Mule,Ahmedabad,1030
A0343_4,C0343,Mule,Chennai,1092
A0343_5,C0343,Mule,Jaipur,1133
A0343_6,C0343,Mule,Bhubaneswar,1706
A0343_7,C0343,Mule,Lucknow,284
A0344_1,C0344,Victim,Bengaluru,1377
A0344_2,C0344,Mule,Bengaluru,538
A0344_3,C0344,Mule,Kochi,124
A0344_4,C0344,Mule,Ahmedabad,1633
A0344_5,C0344,Mule,Kochi,1379
A0344_6,C0344,Mule,Ahmedabad,941
A0344_7,C0344,Mule,Hyderabad,1211
A0345_1,C0345,Victim,Bengaluru,182
A0345_2,C0345,Mule,Ahmedabad,552
A0345_3,C0345,Mule,Kochi,811
A0345_4,C0345,Mule,Lucknow,364
A0345_5,C0345,Mule,Mumbai,964
A0345_6,C0345,Mule,Chennai,550
A0345_7,C0345,Mule,Lucknow,901
A0346_1,C0346,Victim,Coimbatore,1430
A0346_2,C0346,Mule,Ahmedabad,863
A0346_3,C0346,Mule,Chennai,704
A0346_4,C0346,Mule,Lucknow,212
A0347_1,C0347,Victim,Kochi,225
A0347_2,C0347,Mule,Ahmedabad,744
A0347_3,C0347,Mule,Bhubaneswar,1201
A0347_4,C0347,Mule,Kochi,1159
A0347_5,C0347,Mule,Kochi,1274
A0347_6,C0347,Mule,Chennai,128
A0347_7,C0347,Mule,Hyderabad,681
A0348_1,C0348,Victim,Bengaluru,754
A0348_2,C0348,Mule,Delhi,1058
A0348_3,C0348,Mule,Kochi,594
A0348_4,C0348,Mule,Mumbai,1096
A0348_5,C0348,Mule,Bhubaneswar,1697
A0348_6,C0348,Mule,Coimbatore,655
A0348_7,C0348,Mule,Lucknow,1787
A0349_1,C0349,Victim,Delhi,860
A0349_2,C0349,Mule,Bengaluru,1292
A0349_3,C0349,Mule,Coimbatore,1732
A0349_4,C0349,Mule,Bhubaneswar,44
A0350_1,C0350,Victim,Bengaluru,781
A0350_2,C0350,Mule,Hyderabad,1082
A0350_3,C0350,Mule,Pune,134
A0350_4,C0350,Mule,Mumbai,1044
A0351_1,C0351,Victim,Mumbai,654
A0351_2,C0351,Mule,Lucknow,1085
A0351_3,C0351,Mule,Bengaluru,978
A0351_4,C0351,Mule,Jaipur,1767
A0351_5,C0351,Mule,Delhi,147
A0352_1,C0352,Victim,Bengaluru,283
A0352_2,C0352,Mule,Delhi,44
A0352_3,C0352,Mule,Hyderabad,1605
A0352_4,C0352,Mule,Lucknow,542
A0352_5,C0352,Mule,Coimbatore,993
A0352_6,C0352,Mule,Mumbai,796
A0352_7,C0352,Mule,Kochi,776
A0353_1,C0353,Victim,Bengaluru,1011
A0353_2,C0353,Mule,Lucknow,574
A0353_3,C0353,Mule,Chennai,892
A0353_4,C0353,Mule,Delhi,1156
A0353_5,C0353,Mule,Delhi,1668
A0354_1,C0354,Victim,Chennai,909
A0354_2,C0354,Mule,Jaipur,1540
A0354_3,C0354,Mule,Bengaluru,919
A0354_4,C0354,Mule,Delhi,622
A0354_5,C0354,Mule,Kochi,1025
A0354_6,C0354,Mule,Chennai,1588
A0355_1,C0355,Victim,Bengaluru,276
A0355_2,C0355,Mule,Hyderabad,851
A0355_3,C0355,Mule,Bengaluru,590
A0355_4,C0355,Mule,Coimbatore,329
A0355_5,C0355,Mule,Mumbai,66
A0356_1,C0356,Victim,Kochi,1487
A0356_2,C0356,Mule,Mumbai,535
A0356_3,C0356,Mule,Pune,127
A0356_4,C0356,Mule,Hyderabad,113
A0356_5,C0356,Mule,Bengaluru,136
A0356_6,C0356,Mule,Lucknow,1555
A0357_1,C0357,Victim,Pune,517
A0357_2,C0357,Mule,Lucknow,595
A0357_3,C0357,Mule,Coimbatore,1226
A0357_4,C0357,Mule,Mumbai,208
A0357_5,C0357,Mule,Chennai,297
A0357_6,C0357,Mule,Lucknow,1550
A0358_1,C0358,Victim,Kochi,779
A0358_2,C0358,Mule,Delhi,1319
A0358_3,C0358,Mule,Bhubaneswar,270
A0358_4,C0358,Mule,Mumbai,168
A0358_5,C0358,Mule,Delhi,888
A0358_6,C0358,Mule,Ahmedabad,1061
A0359_1,C0359,Victim,Mumbai,1273
A0359_2,C0359,Mule,Kochi,453
A0359_3,C0359,Mule,Hyderabad,37
A0359_4,C0359,Mule,Hyderabad,1201
A0359_5,C0359,Mule,Coimbatore,1242
A0359_6,C0359,Mule,Bhubaneswar,48
A0359_7,C0359,Mule,Ahmedabad,962
A0360_1,C0360,Victim,Hyderabad,32
A0360_2,C0360,Mule,Lucknow,741
A0360_3,C0360,Mule,Lucknow,1269
A0360_4,C0360,Mule,Pune,694
A0361_1,C0361,Victim,Bengaluru,62
A0361_2,C0361,Mule,Ahmedabad,1376
A0361_3,C0361,Mule,Jaipur,247
A0361_4,C0361,Mule,Bhubaneswar,1557
A0361_5,C0361,Mule,Bhubaneswar,812
A0361_6,C0361,Mule,Lucknow,557
A0362_1,C0362,Victim,Delhi,1700
A0362_2,C0362,Mule,Hyderabad,416
A0362_3,C0362,Mule,Jaipur,1034
A0362_4,C0362,Mule,Bhubaneswar,399
A0362_5,C0362,Mule,Lucknow,607
A0363_1,C0363,Victim,Coimbatore,816
A0363_2,C0363,Mule,Bengaluru,255
A0363_3,C0363,Mule,Bengaluru,1593
A0363_4,C0363,Mule,Lucknow,119
A0363_5,C0363,Mule,Hyderabad,538
A0363_6,C0363,Mule,Chennai,578
A0363_7,C0363,Mule,Hyderabad,1314
A0364_1,C0364,Victim,Coimbatore,1719
A0364_2,C0364,Mule,Bengaluru,240
A0364_3,C0364,Mule,Ahmedabad,637
A0364_4,C0364,Mule,Chennai,1077
A0365_1,C0365,Victim,Bengaluru,489
A0365_2,C0365,Mule,Chennai,607
A0365_3,C0365,Mule,Pune,186
A0365_4,C0365,Mule,Jaipur,713
A0366_1,C0366,Victim,Pune,585
A0366_2,C0366,Mule,Delhi,1385
A0366_3,C0366,Mule,Pune,573
A0366_4,C0366,Mule,Bhubaneswar,1665
A0367_1,C0367,Victim,Coimbatore,291
A0367_2,C0367,Mule,Hyderabad,1601
A0367_3,C0367,Mule,Mumbai,752
A0367_4,C0367,Mule,Pune,1042
A0367_5,C0367,Mule,Mumbai,1015
A0367_6,C0367,Mule,Bhubaneswar,877
A0368_1,C0368,Victim,Hyderabad,35
A0368_2,C0368,Mule,Coimbatore,1772
A0368_3,C0368,Mule,Bengaluru,772
A0368_4,C0368,Mule,Ahmedabad,1000
A0368_5,C0368,Mule,Hyderabad,255
A0368_6,C0368,Mule,Bengaluru,745
A0369_1,C0369,Victim,Coimbatore,1745
A0369_2,C0369,Mule,Jaipur,353
A0369_3,C0369,Mule,Bengaluru,330
A0369_4,C0369,Mule,Pune,319
A0369_5,C0369,Mule,Chennai,531
A0369_6,C0369,Mule,Chennai,55
A0369_7,C0369,Mule,Jaipur,1732
A0370_1,C0370,Victim,Mumbai,1164
A0370_2,C0370,Mule,Bhubaneswar,1728
A0370_3,C0370,Mule,Kochi,1201
A0370_4,C0370,Mule,Ahmedabad,656
A0370_5,C0370,Mule,Bhubaneswar,495
A0370_6,C0370,Mule,Mumbai,351
A0370_7,C0370,Mule,Kochi,218
A0371_1,C0371,Victim,Coimbatore,189
A0371_2,C0371,Mule,Pune,1265
A0371_3,C0371,Mule,Pune,87
A0371_4,C0371,Mule,Coimbatore,607
A0372_1,C0372,Victim,Chennai,123
A0372_2,C0372,Mule,Bengaluru,674
A0372_3,C0372,Mule,Chennai,662
A0372_4,C0372,Mule,Bengaluru,760
A0372_5,C0372,Mule,Kochi,845
A0372_6,C0372,Mule,Ahmedabad,429
A0372_7,C0372,Mule,Pune,1569
A0373_1,C0373,Victim,Hyderabad,1604
A0373_2,C0373,Mule,Bhubaneswar,359
A0373_3,C0373,Mule,Ahmedabad,1087
A0373_4,C0373,Mule,Bhubaneswar,1276
A0373_5,C0373,Mule,Lucknow,1101
A0374_1,C0374,Victim,Coimbatore,222
A0374_2,C0374,Mule,Delhi,672
A0374_3,C0374,Mule,Hyderabad,635
A0374_4,C0374,Mule,Hyderabad,169
A0374_5,C0374,Mule,Kochi,1210
A0374_6,C0374,Mule,Pune,753
A0374_7,C0374,Mule,Chennai,175
A0375_1,C0375,Victim,Coimbatore,1066
A0375_2,C0375,Mule,Delhi,568
A0375_3,C0375,Mule,Lucknow,117
A0375_4,C0375,Mule,Jaipur,1348
A0375_5,C0375,Mule,Bengaluru,1547
A0375_6,C0375,Mule,Coimbatore,1463
A0375_7,C0375,Mule,Ahmedabad,46
A0376_1,C0376,Victim,Hyderabad,703
A0376_2,C0376,Mule,Chennai,679
A0376_3,C0376,Mule,Pune,1267
A0376_4,C0376,Mule,Delhi,465
A0376_5,C0376,Mule,Bhubaneswar,1548
A0376_6,C0376,Mule,Delhi,264
A0376_7,C0376,Mule,Kochi,960
A0377_1,C0377,Victim,Coimbatore,171
A0377_2,C0377,Mule,Kochi,859
A0377_3,C0377,Mule,Chennai,640
A0377_4,C0377,Mule,Bhubaneswar,954
A0377_5,C0377,Mule,Mumbai,1104
A0378_1,C0378,Victim,Pune,1715
A0378_2,C0378,Mule,Bengaluru,1178
A0378_3,C0378,Mule,Jaipur,436
A0378_4,C0378,Mule,Chennai,1510
A0378_5,C0378,Mule,Lucknow,1214
A0378_6,C0378,Mule,Jaipur,326
A0378_7,C0378,Mule,Pune,1390
A0379_1,C0379,Victim,Hyderabad,890
A0379_2,C0379,Mule,Bhubaneswar,1148
A0379_3,C0379,Mule,Hyderabad,1260
A0379_4,C0379,Mule,Mumbai,472
A0379_5,C0379,Mule,Pune,459
A0380_1,C0380,Victim,Pune,390
A0380_2,C0380,Mule,Delhi,907
A0380_3,C0380,Mule,Pune,392
A0380_4,C0380,Mule,Ahmedabad,1248
A0381_1,C0381,Victim,Delhi,1327
A0381_2,C0381,Mule,Delhi,1060
A0381_3,C0381,Mule,Jaipur,1680
A0381_4,C0381,Mule,Bengaluru,1397
A0382_1,C0382,Victim,Mumbai,797
A0382_2,C0382,Mule,Coimbatore,1069
A0382_3,C0382,Mule,Kochi,578
A0382_4,C0382,Mule,Lucknow,571
A0383_1,C0383,Victim,Bengaluru,525
A0383_2,C0383,Mule,Ahmedabad,831
A0383_3,C0383,Mule,Coimbatore,1292
A0383_4,C0383,Mule,Lucknow,835
A0383_5,C0383,Mule,Bengaluru,1671
A0383_6,C0383,Mule,Jaipur,908
A0383_7,C0383,Mule,Hyderabad,1333
A0384_1,C0384,Victim,Bengaluru,1295
A0384_2,C0384,Mule,Bhubaneswar,1143
A0384_3,C0384,Mule,Chennai,1201
A0384_4,C0384,Mule,Mumbai,81
A0385_1,C0385,Victim,Kochi,324
A0385_2,C0385,Mule,Lucknow,77
A0385_3,C0385,Mule,Lucknow,1216
A0385_4,C0385,Mule,Chennai,257
A0386_1,C0386,Victim,Coimbatore,1311
A0386_2,C0386,Mule,Chennai,460
A0386_3,C0386,Mule,Lucknow,889
A0386_4,C0386,Mule,Mumbai,672
A0386_5,C0386,Mule,Lucknow,953
A0386_6,C0386,Mule,Hyderabad,398
A0386_7,C0386,Mule,Kochi,50
A0387_1,C0387,Victim,Hyderabad,700
A0387_2,C0387,Mule,Hyderabad,480
A0387_3,C0387,Mule,Chennai,1520
A0387_4,C0387,Mule,Bhubaneswar,289
A0388_1,C0388,Victim,Bengaluru,1437
A0388_2,C0388,Mule,Bhubaneswar,605
A0388_3,C0388,Mule,Mumbai,240
A0388_4,C0388,Mule,Jaipur,1654
A0388_5,C0388,Mule,Jaipur,668
A0389_1,C0389,Victim,Delhi,99
A0389_2,C0389,Mule,Ahmedabad,548
A0389_3,C0389,Mule,Jaipur,869
A0389_4,C0389,Mule,Kochi,1266
A0389_5,C0389,Mule,Lucknow,1116
A0390_1,C0390,Victim,Chennai,467
A0390_2,C0390,Mule,Delhi,1192
A0390_3,C0390,Mule,Pune,506
A0390_4,C0390,Mule,Ahmedabad,165
A0390_5,C0390,Mule,Mumbai,610
A0390_6,C0390,Mule,Jaipur,464
A0391_1,C0391,Victim,Coimbatore,380
A0391_2,C0391,Mule,Jaipur,699
A0391_3,C0391,Mule,Jaipur,814
A0391_4,C0391,Mule,Coimbatore,1210
A0391_5,C0391,Mule,Bengaluru,613
A0391_6,C0391,Mule,Bengaluru,1348
A0391_7,C0391,Mule,Jaipur,39
A0392_1,C0392,Victim,Chennai,641
A0392_2,C0392,Mule,Bhubaneswar,960
A0392_3,C0392,Mule,Delhi,1768
A0392_4,C0392,Mule,Lucknow,278
A0392_5,C0392,Mule,Pune,1295
A0392_6,C0392,Mule,Chennai,89
A0392_7,C0392,Mule,Coimbatore,127
A0393_1,C0393,Victim,Mumbai,1460
A0393_2,C0393,Mule,Hyderabad,312
A0393_3,C0393,Mule,Jaipur,973
A0393_4,C0393,Mule,Chennai,288
A0393_5,C0393,Mule,Pune,1795
A0393_6,C0393,Mule,Hyderabad,1572
A0394_1,C0394,Victim,Hyderabad,183
A0394_2,C0394,Mule,Delhi,153
A0394_3,C0394,Mule,Coimbatore,56
A0394_4,C0394,Mule,Lucknow,472
A0395_1,C0395,Victim,Coimbatore,478
A0395_2,C0395,Mule,Pune,819
A0395_3,C0395,Mule,Delhi,1300
A0395_4,C0395,Mule,Ahmedabad,445
A0395_5,C0395,Mule,Mumbai,414
A0396_1,C0396,Victim,Pune,272
A0396_2,C0396,Mule,Ahmedabad,202
A0396_3,C0396,Mule,Pune,913
A0396_4,C0396,Mule,Coimbatore,338
A0396_5,C0396,Mule,Mumbai,1058
A0396_6,C0396,Mule,Mumbai,1070
A0397_1,C0397,Victim,Coimbatore,265
A0397_2,C0397,Mule,Bengaluru,103
A0397_3,C0397,Mule,Jaipur,575
A0397_4,C0397,Mule,Coimbatore,164
A0397_5,C0397,Mule,Ahmedabad,236
A0398_1,C0398,Victim,Bengaluru,1543
A0398_2,C0398,Mule,Kochi,1776
A0398_3,C0398,Mule,Bhubaneswar,518
A0398_4,C0398,Mule,Hyderabad,675
A0398_5,C0398,Mule,Lucknow,172
A0398_6,C0398,Mule,Hyderabad,413
A0398_7,C0398,Mule,Pune,962
A0399_1,C0399,Victim,Kochi,1105
A0399_2,C0399,Mule,Ahmedabad,372
A0399_3,C0399,Mule,Hyderabad,1617
A0399_4,C0399,Mule,Chennai,234
A0399_5,C0399,Mule,Kochi,1676
A0400_1,C0400,Victim,Delhi,582
A0400_2,C0400,Mule,Lucknow,1093
A0400_3,C0400,Mule,Bhubaneswar,1340
A0400_4,C0400,Mule,Bengaluru,332
A0401_1,C0401,Victim,Delhi,573
A0401_2,C0401,Mule,Lucknow,744
A0401_3,C0401,Mule,Pune,830
A0401_4,C0401,Mule,Jaipur,884
A0401_5,C0401,Mule,Kochi,663
A0402_1,C0402,Victim,Kochi,651
A0402_2,C0402,Mule,Delhi,620
A0402_3,C0402,Mule,Chennai,1667
A0402_4,C0402,Mule,Kochi,61
A0402_5,C0402,Mule,Delhi,113
A0403_1,C0403,Victim,Bengaluru,1490
A0403_2,C0403,Mule,Kochi,322
A0403_3,C0403,Mule,Bhubaneswar,432
A0403_4,C0403,Mule,Mumbai,1228
A0404_1,C0404,Victim,Pune,1429
A0404_2,C0404,Mule,Coimbatore,542
A0404_3,C0404,Mule,Hyderabad,882
A0404_4,C0404,Mule,Ahmedabad,438
A0404_5,C0404,Mule,Kochi,654
A0405_1,C0405,Victim,Mumbai,891
A0405_2,C0405,Mule,Mumbai,974
A0405_3,C0405,Mule,Bengaluru,1174
A0405_4,C0405,Mule,Bengaluru,1600
A0405_5,C0405,Mule,Mumbai,211
A0405_6,C0405,Mule,Hyderabad,1289
A0405_7,C0405,Mule,Kochi,1641
A0406_1,C0406,Victim,Delhi,1800
A0406_2,C0406,Mule,Bengaluru,278
A0406_3,C0406,Mule,Bhubaneswar,1227
A0406_4,C0406,Mule,Lucknow,1076
A0406_5,C0406,Mule,Bhubaneswar,1498
A0406_6,C0406,Mule,Bengaluru,1466
A0407_1,C0407,Victim,Coimbatore,448
A0407_2,C0407,Mule,Chennai,1000
A0407_3,C0407,Mule,Bengaluru,1735
A0407_4,C0407,Mule,Ahmedabad,938
A0407_5,C0407,Mule,Mumbai,143
A0408_1,C0408,Victim,Bengaluru,1005
A0408_2,C0408,Mule,Delhi,623
A0408_3,C0408,Mule,Kochi,1397
A0408_4,C0408,Mule,Chennai,1235
A0408_5,C0408,Mule,Delhi,782
A0409_1,C0409,Victim,Delhi,756
A0409_2,C0409,Mule,Hyderabad,988
A0409_3,C0409,Mule,Bhubaneswar,968
A0409_4,C0409,Mule,Kochi,48
A0410_1,C0410,Victim,Kochi,836
A0410_2,C0410,Mule,Chennai,1748
A0410_3,C0410,Mule,Lucknow,1020
A0410_4,C0410,Mule,Mumbai,996
A0410_5,C0410,Mule,Jaipur,1379
A0410_6,C0410,Mule,Hyderabad,1209
A0411_1,C0411,Victim,Pune,1610
A0411_2,C0411,Mule,Bhubaneswar,1659
A0411_3,C0411,Mule,Coimbatore,245
A0411_4,C0411,Mule,Hyderabad,1521
A0411_5,C0411,Mule,Mumbai,1577
A0412_1,C0412,Victim,Hyderabad,547
A0412_2,C0412,Mule,Delhi,926
A0412_3,C0412,Mule,Lucknow,615
A0412_4,C0412,Mule,Coimbatore,442
A0412_5,C0412,Mule,Bhubaneswar,361
A0413_1,C0413,Victim,Bengaluru,419
A0413_2,C0413,Mule,Coimbatore,1198
A0413_3,C0413,Mule,Delhi,1055
A0413_4,C0413,Mule,Pune,760
A0413_5,C0413,Mule,Jaipur,1174
A0413_6,C0413,Mule,Hyderabad,1671
A0413_7,C0413,Mule,Chennai,928
A0414_1,C0414,Victim,Coimbatore,1777
A0414_2,C0414,Mule,Ahmedabad,1281
A0414_3,C0414,Mule,Ahmedabad,669
A0414_4,C0414,Mule,Mumbai,1296
A0414_5,C0414,Mule,Bengaluru,1148
A0415_1,C0415,Victim,Hyderabad,179
A0415_2,C0415,Mule,Jaipur,1279
A0415_3,C0415,Mule,Bhubaneswar,1740
A0415_4,C0415,Mule,Bengaluru,738
A0415_5,C0415,Mule,Chennai,882
A0415_6,C0415,Mule,Jaipur,1544
A0415_7,C0415,Mule,Jaipur,195
A0416_1,C0416,Victim,Mumbai,1161
A0416_2,C0416,Mule,Delhi,136
A0416_3,C0416,Mule,Mumbai,1598
A0416_4,C0416,Mule,Mumbai,1454
A0417_1,C0417,Victim,Chennai,875
A0417_2,C0417,Mule,Bhubaneswar,1571
A0417_3,C0417,Mule,Ahmedabad,1193
A0417_4,C0417,Mule,Bengaluru,1672
A0417_5,C0417,Mule,Bengaluru,1504
A0418_1,C0418,Victim,Coimbatore,1143
A0418_2,C0418,Mule,Coimbatore,1043
A0418_3,C0418,Mule,Bhubaneswar,1535
A0418_4,C0418,Mule,Pune,1788
A0418_5,C0418,Mule,Coimbatore,938
A0418_6,C0418,Mule,Bhubaneswar,649
A0419_1,C0419,Victim,Kochi,281
A0419_2,C0419,Mule,Pune,1514
A0419_3,C0419,Mule,Hyderabad,103
A0419_4,C0419,Mule,Coimbatore,1460
A0419_5,C0419,Mule,Delhi,1361
A0420_1,C0420,Victim,Hyderabad,806
A0420_2,C0420,Mule,Hyderabad,1381
A0420_3,C0420,Mule,Mumbai,1120
A0420_4,C0420,Mule,Bengaluru,1382
A0420_5,C0420,Mule,Kochi,94
A0421_1,C0421,Victim,Coimbatore,1507
A0421_2,C0421,Mule,Lucknow,618
A0421_3,C0421,Mule,Ahmedabad,979
A0421_4,C0421,Mule,Mumbai,1202
A0421_5,C0421,Mule,Bhubaneswar,1193
A0421_6,C0421,Mule,Ahmedabad,562
A0421_7,C0421,Mule,Hyderabad,810
A0422_1,C0422,Victim,Chennai,658
A0422_2,C0422,Mule,Jaipur,1383
A0422_3,C0422,Mule,Pune,1742
A0422_4,C0422,Mule,Kochi,1765
A0423_1,C0423,Victim,Pune,932
A0423_2,C0423,Mule,Hyderabad,558
A0423_3,C0423,Mule,Kochi,561
A0423_4,C0423,Mule,Delhi,290
A0424_1,C0424,Victim,Kochi,63
A0424_2,C0424,Mule,Lucknow,1760
A0424_3,C0424,Mule,Pune,1136
A0424_4,C0424,Mule,Bhubaneswar,121
A0424_5,C0424,Mule,Jaipur,510
A0424_6,C0424,Mule,Pune,253
A0425_1,C0425,Victim,Pune,632
A0425_2,C0425,Mule,Jaipur,93
A0425_3,C0425,Mule,Hyderabad,784
A0425_4,C0425,Mule,Bengaluru,625
A0425_5,C0425,Mule,Hyderabad,1240
A0425_6,C0425,Mule,Bengaluru,247
A0425_7,C0425,Mule,Jaipur,463
A0426_1,C0426,Victim,Coimbatore,1273
A0426_2,C0426,Mule,Delhi,1380
A0426_3,C0426,Mule,Ahmedabad,1095
A0426_4,C0426,Mule,Delhi,679
A0427_1,C0427,Victim,Pune,750
A0427_2,C0427,Mule,Ahmedabad,1065
A0427_3,C0427,Mule,Chennai,771
A0427_4,C0427,Mule,Lucknow,1021
A0428_1,C0428,Victim,Pune,271
A0428_2,C0428,Mule,Chennai,866
A0428_3,C0428,Mule,Mumbai,1064
A0428_4,C0428,Mule,Hyderabad,1209
A0428_5,C0428,Mule,Delhi,1325
A0428_6,C0428,Mule,Coimbatore,398
A0429_1,C0429,Victim,Bengaluru,1457
A0429_2,C0429,Mule,Ahmedabad,524
A0429_3,C0429,Mule,Bhubaneswar,630
A0429_4,C0429,Mule,Chennai,719
A0429_5,C0429,Mule,Pune,1241
A0429_6,C0429,Mule,Jaipur,1292
A0429_7,C0429,Mule,Chennai,1509
A0430_1,C0430,Victim,Pune,391
A0430_2,C0430,Mule,Ahmedabad,1509
A0430_3,C0430,Mule,Jaipur,602
A0430_4,C0430,Mule,Chennai,505
A0430_5,C0430,Mule,Kochi,1040
A0430_6,C0430,Mule,Pune,128
A0430_7,C0430,Mule,Jaipur,1090
A0431_1,C0431,Victim,Delhi,488
A0431_2,C0431,Mule,Hyderabad,620
A0431_3,C0431,Mule,Kochi,1271
A0431_4,C0431,Mule,Chennai,504
A0431_5,C0431,Mule,Lucknow,600
A0431_6,C0431,Mule,Hyderabad,226
A0431_7,C0431,Mule,Coimbatore,1160
A0432_1,C0432,Victim,Delhi,1040
A0432_2,C0432,Mule,Kochi,207
A0432_3,C0432,Mule,Hyderabad,600
A0432_4,C0432,Mule,Bhubaneswar,1399
A0432_5,C0432,Mule,Chennai,754
A0432_6,C0432,Mule,Chennai,1554
A0432_7,C0432,Mule,Coimbatore,1519
A0433_1,C0433,Victim,Chennai,310
A0433_2,C0433,Mule,Jaipur,800
A0433_3,C0433,Mule,Coimbatore,1409
A0433_4,C0433,Mule,Coimbatore,573
A0433_5,C0433,Mule,Delhi,340
A0434_1,C0434,Victim,Mumbai,1286
A0434_2,C0434,Mule,Mumbai,1322
A0434_3,C0434,Mule,Jaipur,510
A0434_4,C0434,Mule,Lucknow,744
A0434_5,C0434,Mule,Delhi,1116
A0434_6,C0434,Mule,Lucknow,398
A0435_1,C0435,Victim,Coimbatore,981
A0435_2,C0435,Mule,Pune,1382
A0435_3,C0435,Mule,Chennai,741
A0435_4,C0435,Mule,Bhubaneswar,845
A0435_5,C0435,Mule,Bhubaneswar,292
A0436_1,C0436,Victim,Mumbai,141
A0436_2,C0436,Mule,Kochi,1024
A0436_3,C0436,Mule,Bhubaneswar,478
A0436_4,C0436,Mule,Pune,1333
A0436_5,C0436,Mule,Bengaluru,661
A0436_6,C0436,Mule,Delhi,869
A0437_1,C0437,Victim,Chennai,771
A0437_2,C0437,Mule,Ahmedabad,436
A0437_3,C0437,Mule,Hyderabad,1746
A0437_4,C0437,Mule,Ahmedabad,840
A0437_5,C0437,Mule,Bhubaneswar,499
A0438_1,C0438,Victim,Kochi,79
A0438_2,C0438,Mule,Coimbatore,1323
A0438_3,C0438,Mule,Bhubaneswar,536
A0438_4,C0438,Mule,Bengaluru,587
A0438_5,C0438,Mule,Bhubaneswar,283
A0438_6,C0438,Mule,Mumbai,1372
A0439_1,C0439,Victim,Delhi,234
A0439_2,C0439,Mule,Kochi,1373
A0439_3,C0439,Mule,Jaipur,995
A0439_4,C0439,Mule,Mumbai,626
A0439_5,C0439,Mule,Mumbai,220
A0440_1,C0440,Victim,Delhi,1006
A0440_2,C0440,Mule,Jaipur,253
A0440_3,C0440,Mule,Lucknow,666
A0440_4,C0440,Mule,Pune,324
A0440_5,C0440,Mule,Lucknow,201
A0440_6,C0440,Mule,Chennai,1178
A0441_1,C0441,Victim,Mumbai,579
A0441_2,C0441,Mule,Bhubaneswar,458
A0441_3,C0441,Mule,Ahmedabad,1657
A0441_4,C0441,Mule,Delhi,1147
A0442_1,C0442,Victim,Coimbatore,434
A0442_2,C0442,Mule,Delhi,262
A0442_3,C0442,Mule,Bengaluru,898
A0442_4,C0442,Mule,Delhi,379
A0442_5,C0442,Mule,Lucknow,1674
A0443_1,C0443,Victim,Pune,996
A0443_2,C0443,Mule,Delhi,461
A0443_3,C0443,Mule,Pune,1559
A0443_4,C0443,Mule,Bhubaneswar,1775
A0443_5,C0443,Mule,Hyderabad,366
A0443_6,C0443,Mule,Ahmedabad,1494
A0444_1,C0444,Victim,Pune,736
A0444_2,C0444,Mule,Lucknow,58
A0444_3,C0444,Mule,Coimbatore,592
A0444_4,C0444,Mule,Kochi,1710
A0444_5,C0444,Mule,Mumbai,1226
A0445_1,C0445,Victim,Pune,1683
A0445_2,C0445,Mule,Bhubaneswar,1291
A0445_3,C0445,Mule,Lucknow,999
A0445_4,C0445,Mule,Coimbatore,374
A0445_5,C0445,Mule,Bengaluru,1634
A0445_6,C0445,Mule,Coimbatore,473
A0446_1,C0446,Victim,Mumbai,1614
A0446_2,C0446,Mule,Mumbai,1476
A0446_3,C0446,Mule,Delhi,757
A0446_4,C0446,Mule,Kochi,1747
A0446_5,C0446,Mule,Ahmedabad,679
A0446_6,C0446,Mule,Ahmedabad,190
A0446_7,C0446,Mule,Jaipur,1754
A0447_1,C0447,Victim,Hyderabad,796
A0447_2,C0447,Mule,Hyderabad,1561
A0447_3,C0447,Mule,Bengaluru,431
A0447_4,C0447,Mule,Delhi,769
A0447_5,C0447,Mule,Ahmedabad,429
A0447_6,C0447,Mule,Bengaluru,1230
A0447_7,C0447,Mule,Kochi,702
A0448_1,C0448,Victim,Bengaluru,1565
A0448_2,C0448,Mule,Lucknow,1567
A0448_3,C0448,Mule,Ahmedabad,1683
A0448_4,C0448,Mule,Chennai,108
A0448_5,C0448,Mule,Pune,89
A0448_6,C0448,Mule,Jaipur,1490
A0448_7,C0448,Mule,Hyderabad,1475
A0449_1,C0449,Victim,Chennai,882
A0449_2,C0449,Mule,Lucknow,1401
A0449_3,C0449,Mule,Bengaluru,163
A0449_4,C0449,Mule,Coimbatore,1719
A0449_5,C0449,Mule,Ahmedabad,332
A0449_6,C0449,Mule,Bhubaneswar,576
A0449_7,C0449,Mule,Chennai,383
A0450_1,C0450,Victim,Pune,1600
A0450_2,C0450,Mule,Hyderabad,1645
A0450_3,C0450,Mule,Bengaluru,475
A0450_4,C0450,Mule,Lucknow,797
A0451_1,C0451,Victim,Mumbai,1740
A0451_2,C0451,Mule,Coimbatore,588
A0451_3,C0451,Mule,Coimbatore,392
A0451_4,C0451,Mule,Kochi,561
A0451_5,C0451,Mule,Bhubaneswar,930
A0452_1,C0452,Victim,Kochi,730
A0452_2,C0452,Mule,Bhubaneswar,1061
A0452_3,C0452,Mule,Ahmedabad,1729
A0452_4,C0452,Mule,Bhubaneswar,1656
A0452_5,C0452,Mule,Kochi,215
A0453_1,C0453,Victim,Chennai,1466
A0453_2,C0453,Mule,Chennai,1319
A0453_3,C0453,Mule,Pune,46
A0453_4,C0453,Mule,Hyderabad,893
A0453_5,C0453,Mule,Delhi,715
A0453_6,C0453,Mule,Pune,1356
A0454_1,C0454,Victim,Mumbai,112
A0454_2,C0454,Mule,Coimbatore,1592
A0454_3,C0454,Mule,Ahmedabad,250
A0454_4,C0454,Mule,Mumbai,902
A0454_5,C0454,Mule,Kochi,1212
A0454_6,C0454,Mule,Mumbai,1244
A0455_1,C0455,Victim,Delhi,1378
A0455_2,C0455,Mule,Hyderabad,440
A0455_3,C0455,Mule,Hyderabad,647
A0455_4,C0455,Mule,Kochi,194
A0456_1,C0456,Victim,Delhi,1732
A0456_2,C0456,Mule,Delhi,1476
A0456_3,C0456,Mule,Coimbatore,1592
A0456_4,C0456,Mule,Chennai,823
A0456_5,C0456,Mule,Hyderabad,681
A0456_6,C0456,Mule,Hyderabad,848
A0456_7,C0456,Mule,Pune,609
A0457_1,C0457,Victim,Hyderabad,921
A0457_2,C0457,Mule,Chennai,725
A0457_3,C0457,Mule,Mumbai,1369
A0457_4,C0457,Mule,Hyderabad,901
A0457_5,C0457,Mule,Hyderabad,613
A0457_6,C0457,Mule,Kochi,822
A0458_1,C0458,Victim,Pune,1206
A0458_2,C0458,Mule,Ahmedabad,816
A0458_3,C0458,Mule,Lucknow,961
A0458_4,C0458,Mule,Bengaluru,1025
A0458_5,C0458,Mule,Lucknow,1402
A0459_1,C0459,Victim,Coimbatore,44
A0459_2,C0459,Mule,Pune,1479
A0459_3,C0459,Mule,Jaipur,558
A0459_4,C0459,Mule,Coimbatore,1084
A0459_5,C0459,Mule,Jaipur,1520
A0460_1,C0460,Victim,Bengaluru,760
A0460_2,C0460,Mule,Mumbai,65
A0460_3,C0460,Mule,Delhi,694
A0460_4,C0460,Mule,Kochi,1332
A0460_5,C0460,Mule,Bengaluru,1250
A0460_6,C0460,Mule,Chennai,761
A0461_1,C0461,Victim,Delhi,186
A0461_2,C0461,Mule,Pune,793
A0461_3,C0461,Mule,Bengaluru,330
A0461_4,C0461,Mule,Jaipur,1512
A0462_1,C0462,Victim,Mumbai,1655
A0462_2,C0462,Mule,Coimbatore,1199
A0462_3,C0462,Mule,Kochi,650
A0462_4,C0462,Mule,Jaipur,1082
A0463_1,C0463,Victim,Kochi,40
A0463_2,C0463,Mule,Mumbai,454
A0463_3,C0463,Mule,Bengaluru,1631
A0463_4,C0463,Mule,Mumbai,1375
A0463_5,C0463,Mule,Hyderabad,592
A0463_6,C0463,Mule,Kochi,977
A0464_1,C0464,Victim,Pune,739
A0464_2,C0464,Mule,Delhi,340
A0464_3,C0464,Mule,Delhi,1779
A0464_4,C0464,Mule,Bhubaneswar,1051
A0464_5,C0464,Mule,Coimbatore,1120
A0464_6,C0464,Mule,Bhubaneswar,378
A0465_1,C0465,Victim,Pune,880
A0465_2,C0465,Mule,Bengaluru,1568
A0465_3,C0465,Mule,Kochi,1169
A0465_4,C0465,Mule,Bhubaneswar,1035
A0465_5,C0465,Mule,Coimbatore,798
A0465_6,C0465,Mule,Ahmedabad,299
A0465_7,C0465,Mule,Mumbai,1273
A0466_1,C0466,Victim,Mumbai,1789
A0466_2,C0466,Mule,Mumbai,1043
A0466_3,C0466,Mule,Delhi,616
A0466_4,C0466,Mule,Delhi,351
A0466_5,C0466,Mule,Hyderabad,849
A0467_1,C0467,Victim,Coimbatore,76
A0467_2,C0467,Mule,Pune,1278
A0467_3,C0467,Mule,Coimbatore,370
A0467_4,C0467,Mule,Jaipur,1311
A0467_5,C0467,Mule,Delhi,1431
A0467_6,C0467,Mule,Chennai,788
A0467_7,C0467,Mule,Bengaluru,1551
A0468_1,C0468,Victim,Delhi,1661
A0468_2,C0468,Mule,Hyderabad,974
A0468_3,C0468,Mule,Ahmedabad,1343
A0468_4,C0468,Mule,Chennai,1675
A0468_5,C0468,Mule,Jaipur,1745
A0469_1,C0469,Victim,Chennai,1014
A0469_2,C0469,Mule,Bhubaneswar,152
A0469_3,C0469,Mule,Kochi,1692
A0469_4,C0469,Mule,Mumbai,1726
A0469_5,C0469,Mule,Bhubaneswar,1604
A0469_6,C0469,Mule,Bengaluru,774
A0469_7,C0469,Mule,Mumbai,1497
A0470_1,C0470,Victim,Delhi,1571
A0470_2,C0470,Mule,Coimbatore,1580
A0470_3,C0470,Mule,Kochi,731
A0470_4,C0470,Mule,Kochi,1441
A0470_5,C0470,Mule,Delhi,707
A0470_6,C0470,Mule,Delhi,1462
A0470_7,C0470,Mule,Kochi,1193
A0471_1,C0471,Victim,Bengaluru,1789
A0471_2,C0471,Mule,Mumbai,556
A0471_3,C0471,Mule,Lucknow,496
A0471_4,C0471,Mule,Bengaluru,1772
A0471_5,C0471,Mule,Coimbatore,1224
A0471_6,C0471,Mule,Kochi,333
A0472_1,C0472,Victim,Delhi,1021
A0472_2,C0472,Mule,Mumbai,59
A0472_3,C0472,Mule,Lucknow,162
A0472_4,C0472,Mule,Pune,490
A0472_5,C0472,Mule,Kochi,452
A0473_1,C0473,Victim,Coimbatore,1163
A0473_2,C0473,Mule,Ahmedabad,1763
A0473_3,C0473,Mule,Bhubaneswar,1131
A0473_4,C0473,Mule,Chennai,1664
A0473_5,C0473,Mule,Bengaluru,944
A0473_6,C0473,Mule,Jaipur,1100
A0474_1,C0474,Victim,Hyderabad,980
A0474_2,C0474,Mule,Chennai,1129
A0474_3,C0474,Mule,Bengaluru,683
A0474_4,C0474,Mule,Lucknow,179
A0474_5,C0474,Mule,Coimbatore,1009
A0474_6,C0474,Mule,Chennai,935
A0474_7,C0474,Mule,Chennai,1004
A0475_1,C0475,Victim,Bengaluru,1068
A0475_2,C0475,Mule,Delhi,1083
A0475_3,C0475,Mule,Kochi,1351
A0475_4,C0475,Mule,Kochi,571
A0475_5,C0475,Mule,Ahmedabad,539
A0475_6,C0475,Mule,Pune,593
A0476_1,C0476,Victim,Delhi,1336
A0476_2,C0476,Mule,Lucknow,1133
A0476_3,C0476,Mule,Hyderabad,426
A0476_4,C0476,Mule,Chennai,1592
A0476_5,C0476,Mule,Coimbatore,466
A0476_6,C0476,Mule,Kochi,1057
A0477_1,C0477,Victim,Mumbai,498
A0477_2,C0477,Mule,Kochi,996
A0477_3,C0477,Mule,Kochi,789
A0477_4,C0477,Mule,Hyderabad,657
A0477_5,C0477,Mule,Pune,1518
A0477_6,C0477,Mule,Pune,1728
A0478_1,C0478,Victim,Kochi,1735
A0478_2,C0478,Mule,Pune,78
A0478_3,C0478,Mule,Pune,905
A0478_4,C0478,Mule,Mumbai,697
A0478_5,C0478,Mule,Ahmedabad,1176
A0478_6,C0478,Mule,Bhubaneswar,438
A0479_1,C0479,Victim,Kochi,151
A0479_2,C0479,Mule,Chennai,144
A0479_3,C0479,Mule,Lucknow,731
A0479_4,C0479,Mule,Kochi,1131
A0479_5,C0479,Mule,Pune,927
A0479_6,C0479,Mule,Kochi,257
A0479_7,C0479,Mule,Delhi,305
A0480_1,C0480,Victim,Pune,1560
A0480_2,C0480,Mule,Coimbatore,407
A0480_3,C0480,Mule,Pune,989
A0480_4,C0480,Mule,Coimbatore,973
A0480_5,C0480,Mule,Pune,712
A0480_6,C0480,Mule,Coimbatore,1417
A0480_7,C0480,Mule,Bhubaneswar,560
A0481_1,C0481,Victim,Pune,1534
A0481_2,C0481,Mule,Chennai,1187
A0481_3,C0481,Mule,Chennai,1173
A0481_4,C0481,Mule,Chennai,1119
A0482_1,C0482,Victim,Coimbatore,1356
A0482_2,C0482,Mule,Jaipur,725
A0482_3,C0482,Mule,Delhi,1110
A0482_4,C0482,Mule,Bhubaneswar,1544
A0482_5,C0482,Mule,Mumbai,73
A0483_1,C0483,Victim,Pune,416
A0483_2,C0483,Mule,Hyderabad,452
A0483_3,C0483,Mule,Kochi,401
A0483_4,C0483,Mule,Chennai,83
A0483_5,C0483,Mule,Ahmedabad,1262
A0484_1,C0484,Victim,Chennai,930
A0484_2,C0484,Mule,Chennai,1738
A0484_3,C0484,Mule,Mumbai,82
A0484_4,C0484,Mule,Delhi,1553
A0484_5,C0484,Mule,Bhubaneswar,457
A0485_1,C0485,Victim,Pune,880
A0485_2,C0485,Mule,Coimbatore,460
A0485_3,C0485,Mule,Chennai,1667
A0485_4,C0485,Mule,Ahmedabad,766
A0485_5,C0485,Mule,Delhi,552
A0485_6,C0485,Mule,Ahmedabad,259
A0486_1,C0486,Victim,Delhi,592
A0486_2,C0486,Mule,Bhubaneswar,1355
A0486_3,C0486,Mule,Pune,122
A0486_4,C0486,Mule,Hyderabad,1765
A0487_1,C0487,Victim,Pune,1716
A0487_2,C0487,Mule,Hyderabad,888
A0487_3,C0487,Mule,Hyderabad,387
A0487_4,C0487,Mule,Ahmedabad,340
A0487_5,C0487,Mule,Bhubaneswar,1687
A0487_6,C0487,Mule,Lucknow,401
A0487_7,C0487,Mule,Pune,254
A0488_1,C0488,Victim,Bengaluru,235
A0488_2,C0488,Mule,Bengaluru,744
A0488_3,C0488,Mule,Coimbatore,218
A0488_4,C0488,Mule,Mumbai,165
A0488_5,C0488,Mule,Chennai,1004
A0489_1,C0489,Victim,Hyderabad,479
A0489_2,C0489,Mule,Ahmedabad,295
A0489_3,C0489,Mule,Hyderabad,491
A0489_4,C0489,Mule,Lucknow,198
A0489_5,C0489,Mule,Bhubaneswar,224
A0490_1,C0490,Victim,Mumbai,1384
A0490_2,C0490,Mule,Hyderabad,1216
A0490_3,C0490,Mule,Bhubaneswar,1772
A0490_4,C0490,Mule,Bengaluru,1561
A0490_5,C0490,Mule,Mumbai,1324
A0490_6,C0490,Mule,Bengaluru,1656
A0491_1,C0491,Victim,Delhi,1555
A0491_2,C0491,Mule,Kochi,1372
A0491_3,C0491,Mule,Ahmedabad,720
A0491_4,C0491,Mule,Pune,411
A0492_1,C0492,Victim,Bengaluru,495
A0492_2,C0492,Mule,Delhi,1729
A0492_3,C0492,Mule,Chennai,276
A0492_4,C0492,Mule,Ahmedabad,1489
A0493_1,C0493,Victim,Pune,1182
A0493_2,C0493,Mule,Ahmedabad,1105
A0493_3,C0493,Mule,Bengaluru,1668
A0493_4,C0493,Mule,Ahmedabad,772
A0493_5,C0493,Mule,Ahmedabad,501
A0494_1,C0494,Victim,Mumbai,988
A0494_2,C0494,Mule,Pune,308
A0494_3,C0494,Mule,Bhubaneswar,644
A0494_4,C0494,Mule,Bengaluru,183
A0494_5,C0494,Mule,Kochi,1480
A0494_6,C0494,Mule,Ahmedabad,1398
A0494_7,C0494,Mule,Kochi,457
A0495_1,C0495,Victim,Coimbatore,451
A0495_2,C0495,Mule,Delhi,321
A0495_3,C0495,Mule,Lucknow,594
A0495_4,C0495,Mule,Pune,52
A0495_5,C0495,Mule,Lucknow,270
A0496_1,C0496,Victim,Chennai,1746
A0496_2,C0496,Mule,Kochi,261
A0496_3,C0496,Mule,Lucknow,985
A0496_4,C0496,Mule,Mumbai,1228
A0496_5,C0496,Mule,Hyderabad,1483
A0496_6,C0496,Mule,Bhubaneswar,1657
A0496_7,C0496,Mule,Delhi,1583
A0497_1,C0497,Victim,Pune,56
A0497_2,C0497,Mule,Chennai,1490
A0497_3,C0497,Mule,Delhi,527
A0497_4,C0497,Mule,Jaipur,1043
A0498_1,C0498,Victim,Coimbatore,1594
A0498_2,C0498,Mule,Coimbatore,768
A0498_3,C0498,Mule,Jaipur,1407
A0498_4,C0498,Mule,Bhubaneswar,1266
A0499_1,C0499,Victim,Hyderabad,79
A0499_2,C0499,Mule,Lucknow,703
A0499_3,C0499,Mule,Chennai,628
A0499_4,C0499,Mule,Mumbai,1672
A0499_5,C0499,Mule,Bengaluru,1523
A0500_1,C0500,Victim,Mumbai,1629
A0500_2,C0500,Mule,Hyderabad,1759
A0500_3,C0500,Mule,Delhi,1784
A0500_4,C0500,Mule,Chennai,713
A0500_5,C0500,Mule,Pune,1292
A0500_6,C0500,Mule,Ahmedabad,1545
A0501_1,C0501,Victim,Bengaluru,62
A0501_2,C0501,Mule,Chennai,418
A0501_3,C0501,Mule,Jaipur,665
A0501_4,C0501,Mule,Ahmedabad,1464
A0501_5,C0501,Mule,Lucknow,1177
A0501_6,C0501,Mule,Kochi,1579
A0502_1,C0502,Victim,Coimbatore,490
A0502_2,C0502,Mule,Delhi,1721
A0502_3,C0502,Mule,Bengaluru,533
A0502_4,C0502,Mule,Ahmedabad,347
A0502_5,C0502,Mule,Lucknow,590
A0502_6,C0502,Mule,Bengaluru,1042
A0503_1,C0503,Victim,Bengaluru,1314
A0503_2,C0503,Mule,Jaipur,822
A0503_3,C0503,Mule,Bhubaneswar,565
A0503_4,C0503,Mule,Bhubaneswar,1661
A0503_5,C0503,Mule,Pune,1675
A0503_6,C0503,Mule,Kochi,913
A0503_7,C0503,Mule,Pune,776
A0504_1,C0504,Victim,Delhi,1206
A0504_2,C0504,Mule,Bengaluru,972
A0504_3,C0504,Mule,Jaipur,926
A0504_4,C0504,Mule,Delhi,1240
A0504_5,C0504,Mule,Mumbai,162
A0504_6,C0504,Mule,Hyderabad,75
A0505_1,C0505,Victim,Hyderabad,664
A0505_2,C0505,Mule,Ahmedabad,1457
A0505_3,C0505,Mule,Lucknow,653
A0505_4,C0505,Mule,Pune,506
A0505_5,C0505,Mule,Jaipur,1665
A0505_6,C0505,Mule,Ahmedabad,863
A0505_7,C0505,Mule,Hyderabad,1599
A0506_1,C0506,Victim,Coimbatore,212
A0506_2,C0506,Mule,Chennai,856
A0506_3,C0506,Mule,Jaipur,1465
A0506_4,C0506,Mule,Lucknow,823
A0506_5,C0506,Mule,Mumbai,810
A0506_6,C0506,Mule,Bhubaneswar,1001
A0507_1,C0507,Victim,Coimbatore,71
A0507_2,C0507,Mule,Jaipur,154
A0507_3,C0507,Mule,Ahmedabad,151
A0507_4,C0507,Mule,Lucknow,794
A0507_5,C0507,Mule,Chennai,375
A0507_6,C0507,Mule,Bengaluru,1113
A0508_1,C0508,Victim,Bengaluru,1697
A0508_2,C0508,Mule,Delhi,92
A0508_3,C0508,Mule,Jaipur,109
A0508_4,C0508,Mule,Ahmedabad,1655
A0508_5,C0508,Mule,Chennai,1683
A0509_1,C0509,Victim,Coimbatore,534
A0509_2,C0509,Mule,Pune,319
A0509_3,C0509,Mule,Coimbatore,1704
A0509_4,C0509,Mule,Delhi,415
A0509_5,C0509,Mule,Mumbai,115
A0509_6,C0509,Mule,Pune,150
A0510_1,C0510,Victim,Mumbai,198
A0510_2,C0510,Mule,Delhi,78
A0510_3,C0510,Mule,Delhi,243
A0510_4,C0510,Mule,Pune,1179
A0510_5,C0510,Mule,Delhi,1278
A0510_6,C0510,Mule,Mumbai,656
A0510_7,C0510,Mule,Delhi,1640
A0511_1,C0511,Victim,Bengaluru,1424
A0511_2,C0511,Mule,Bhubaneswar,121
A0511_3,C0511,Mule,Coimbatore,232
A0511_4,C0511,Mule,Delhi,410
A0511_5,C0511,Mule,Coimbatore,1489
A0511_6,C0511,Mule,Pune,179
A0512_1,C0512,Victim,Bengaluru,1256
A0512_2,C0512,Mule,Coimbatore,1303
A0512_3,C0512,Mule,Lucknow,558
A0512_4,C0512,Mule,Mumbai,1423
A0512_5,C0512,Mule,Jaipur,1484
A0513_1,C0513,Victim,Delhi,1387
A0513_2,C0513,Mule,Bhubaneswar,486
A0513_3,C0513,Mule,Chennai,1335
A0513_4,C0513,Mule,Chennai,266
A0513_5,C0513,Mule,Hyderabad,1650
A0514_1,C0514,Victim,Delhi,290
A0514_2,C0514,Mule,Ahmedabad,103
A0514_3,C0514,Mule,Delhi,1010
A0514_4,C0514,Mule,Chennai,258
A0514_5,C0514,Mule,Coimbatore,107
A0515_1,C0515,Victim,Chennai,729
A0515_2,C0515,Mule,Kochi,389
A0515_3,C0515,Mule,Pune,976
A0515_4,C0515,Mule,Coimbatore,1349
A0515_5,C0515,Mule,Bengaluru,831
A0516_1,C0516,Victim,Bengaluru,1150
A0516_2,C0516,Mule,Pune,146
A0516_3,C0516,Mule,Chennai,1432
A0516_4,C0516,Mule,Chennai,869
A0516_5,C0516,Mule,Ahmedabad,1124
A0517_1,C0517,Victim,Hyderabad,1184
A0517_2,C0517,Mule,Ahmedabad,181
A0517_3,C0517,Mule,Bengaluru,1358
A0517_4,C0517,Mule,Delhi,1200
A0518_1,C0518,Victim,Hyderabad,617
A0518_2,C0518,Mule,Lucknow,1527
A0518_3,C0518,Mule,Hyderabad,825
A0518_4,C0518,Mule,Kochi,358
A0518_5,C0518,Mule,Pune,1545
A0519_1,C0519,Victim,Delhi,825
A0519_2,C0519,Mule,Delhi,774
A0519_3,C0519,Mule,Pune,697
A0519_4,C0519,Mule,Lucknow,846
A0519_5,C0519,Mule,Hyderabad,1511
A0519_6,C0519,Mule,Ahmedabad,451
A0519_7,C0519,Mule,Coimbatore,474
A0520_1,C0520,Victim,Mumbai,937
A0520_2,C0520,Mule,Bengaluru,1451
A0520_3,C0520,Mule,Coimbatore,820
A0520_4,C0520,Mule,Jaipur,1396
A0520_5,C0520,Mule,Hyderabad,589
A0521_1,C0521,Victim,Coimbatore,205
A0521_2,C0521,Mule,Bengaluru,47
A0521_3,C0521,Mule,Bengaluru,708
A0521_4,C0521,Mule,Chennai,671
A0522_1,C0522,Victim,Kochi,237
A0522_2,C0522,Mule,Ahmedabad,357
A0522_3,C0522,Mule,Hyderabad,364
A0522_4,C0522,Mule,Mumbai,272
A0522_5,C0522,Mule,Ahmedabad,1296
A0522_6,C0522,Mule,Mumbai,354
A0523_1,C0523,Victim,Pune,1227
A0523_2,C0523,Mule,Jaipur,402
A0523_3,C0523,Mule,Delhi,70
A0523_4,C0523,Mule,Delhi,1405
A0523_5,C0523,Mule,Jaipur,734
A0523_6,C0523,Mule,Pune,204
A0523_7,C0523,Mule,Pune,171
A0524_1,C0524,Victim,Chennai,682
A0524_2,C0524,Mule,Hyderabad,136
A0524_3,C0524,Mule,Lucknow,519
A0524_4,C0524,Mule,Bhubaneswar,657
A0524_5,C0524,Mule,Kochi,949
A0524_6,C0524,Mule,Mumbai,721
A0524_7,C0524,Mule,Bengaluru,588
A0525_1,C0525,Victim,Pune,1674
A0525_2,C0525,Mule,Ahmedabad,1778
A0525_3,C0525,Mule,Mumbai,863
A0525_4,C0525,Mule,Bhubaneswar,730
A0525_5,C0525,Mule,Hyderabad,739
A0525_6,C0525,Mule,Bhubaneswar,565
A0526_1,C0526,Victim,Bengaluru,1625
A0526_2,C0526,Mule,Chennai,1798
A0526_3,C0526,Mule,Chennai,49
A0526_4,C0526,Mule,Bhubaneswar,57
A0526_5,C0526,Mule,Bhubaneswar,1682
A0527_1,C0527,Victim,Coimbatore,37
A0527_2,C0527,Mule,Mumbai,1651
A0527_3,C0527,Mule,Lucknow,507
A0527_4,C0527,Mule,Coimbatore,132
A0528_1,C0528,Victim,Chennai,408
A0528_2,C0528,Mule,Ahmedabad,42
A0528_3,C0528,Mule,Chennai,390
A0528_4,C0528,Mule,Coimbatore,569
A0528_5,C0528,Mule,Hyderabad,1140
A0528_6,C0528,Mule,Jaipur,417
A0528_7,C0528,Mule,Bhubaneswar,283
A0529_1,C0529,Victim,Kochi,162
A0529_2,C0529,Mule,Bengaluru,158
A0529_3,C0529,Mule,Delhi,734
A0529_4,C0529,Mule,Bhubaneswar,153
A0529_5,C0529,Mule,Jaipur,1577
A0530_1,C0530,Victim,Kochi,671
A0530_2,C0530,Mule,Ahmedabad,1555
A0530_3,C0530,Mule,Coimbatore,497
A0530_4,C0530,Mule,Jaipur,379
A0530_5,C0530,Mule,Bengaluru,1444
A0530_6,C0530,Mule,Pune,869
A0530_7,C0530,Mule,Delhi,975
A0531_1,C0531,Victim,Bengaluru,474
A0531_2,C0531,Mule,Chennai,63
A0531_3,C0531,Mule,Mumbai,997
A0531_4,C0531,Mule,Hyderabad,584
A0531_5,C0531,Mule,Pune,435
A0532_1,C0532,Victim,Pune,1274
A0532_2,C0532,Mule,Kochi,319
A0532_3,C0532,Mule,Coimbatore,1092
A0532_4,C0532,Mule,Delhi,1675
A0532_5,C0532,Mule,Coimbatore,882
A0532_6,C0532,Mule,Delhi,56
A0532_7,C0532,Mule,Kochi,1323
A0533_1,C0533,Victim,Pune,1641
A0533_2,C0533,Mule,Kochi,1166
A0533_3,C0533,Mule,Pune,1212
A0533_4,C0533,Mule,Pune,1460
A0533_5,C0533,Mule,Coimbatore,290
A0533_6,C0533,Mule,Pune,1630
A0533_7,C0533,Mule,Lucknow,1202
A0534_1,C0534,Victim,Delhi,1622
A0534_2,C0534,Mule,Coimbatore,1650
A0534_3,C0534,Mule,Kochi,1487
A0534_4,C0534,Mule,Hyderabad,775
A0534_5,C0534,Mule,Bengaluru,1000
A0534_6,C0534,Mule,Coimbatore,487
A0534_7,C0534,Mule,Lucknow,36
A0535_1,C0535,Victim,Hyderabad,896
A0535_2,C0535,Mule,Bhubaneswar,1706
A0535_3,C0535,Mule,Bengaluru,640
A0535_4,C0535,Mule,Kochi,448
A0535_5,C0535,Mule,Hyderabad,636
A0535_6,C0535,Mule,Bengaluru,89
A0535_7,C0535,Mule,Lucknow,1348
A0536_1,C0536,Victim,Chennai,1161
A0536_2,C0536,Mule,Delhi,785
A0536_3,C0536,Mule,Hyderabad,675
A0536_4,C0536,Mule,Bhubaneswar,798
A0536_5,C0536,Mule,Ahmedabad,82
A0536_6,C0536,Mule,Lucknow,919
A0537_1,C0537,Victim,Bengaluru,218
A0537_2,C0537,Mule,Pune,761
A0537_3,C0537,Mule,Pune,196
A0537_4,C0537,Mule,Mumbai,733
A0537_5,C0537,Mule,Chennai,1038
A0538_1,C0538,Victim,Chennai,1010
A0538_2,C0538,Mule,Bengaluru,116
A0538_3,C0538,Mule,Coimbatore,1583
A0538_4,C0538,Mule,Coimbatore,342
A0538_5,C0538,Mule,Hyderabad,1055
A0539_1,C0539,Victim,Pune,843
A0539_2,C0539,Mule,Coimbatore,341
A0539_3,C0539,Mule,Ahmedabad,45
A0539_4,C0539,Mule,Lucknow,1554
A0539_5,C0539,Mule,Jaipur,606
A0540_1,C0540,Victim,Mumbai,408
A0540_2,C0540,Mule,Chennai,115
A0540_3,C0540,Mule,Mumbai,1677
A0540_4,C0540,Mule,Chennai,1551
A0540_5,C0540,Mule,Coimbatore,439
A0541_1,C0541,Victim,Chennai,55
A0541_2,C0541,Mule,Coimbatore,1728
A0541_3,C0541,Mule,Hyderabad,1792
A0541_4,C0541,Mule,Pune,452
A0541_5,C0541,Mule,Delhi,1504
A0541_6,C0541,Mule,Mumbai,1504
A0542_1,C0542,Victim,Delhi,1522
A0542_2,C0542,Mule,Jaipur,356
A0542_3,C0542,Mule,Chennai,139
A0542_4,C0542,Mule,Pune,470
A0542_5,C0542,Mule,Lucknow,420
A0542_6,C0542,Mule,Mumbai,1549
A0542_7,C0542,Mule,Pune,185
A0543_1,C0543,Victim,Kochi,76
A0543_2,C0543,Mule,Bhubaneswar,1183
A0543_3,C0543,Mule,Delhi,159
A0543_4,C0543,Mule,Bhubaneswar,1446
A0543_5,C0543,Mule,Hyderabad,471
A0543_6,C0543,Mule,Chennai,844
A0544_1,C0544,Victim,Hyderabad,1689
A0544_2,C0544,Mule,Bengaluru,1361
A0544_3,C0544,Mule,Bengaluru,1183
A0544_4,C0544,Mule,Mumbai,1174
A0544_5,C0544,Mule,Bhubaneswar,1030
A0544_6,C0544,Mule,Coimbatore,1495
A0544_7,C0544,Mule,Bhubaneswar,126
A0545_1,C0545,Victim,Delhi,767
A0545_2,C0545,Mule,Mumbai,207
A0545_3,C0545,Mule,Jaipur,548
A0545_4,C0545,Mule,Hyderabad,711
A0545_5,C0545,Mule,Pune,1351
A0545_6,C0545,Mule,Delhi,953
A0545_7,C0545,Mule,Ahmedabad,1794
A0546_1,C0546,Victim,Chennai,1157
A0546_2,C0546,Mule,Lucknow,367
A0546_3,C0546,Mule,Bhubaneswar,494
A0546_4,C0546,Mule,Lucknow,1483
A0546_5,C0546,Mule,Pune,1031
A0546_6,C0546,Mule,Chennai,696
A0547_1,C0547,Victim,Coimbatore,325
A0547_2,C0547,Mule,Chennai,1453
A0547_3,C0547,Mule,Kochi,525
A0547_4,C0547,Mule,Mumbai,650
A0547_5,C0547,Mule,Coimbatore,1139
A0547_6,C0547,Mule,Lucknow,227
A0547_7,C0547,Mule,Coimbatore,78
A0548_1,C0548,Victim,Chennai,94
A0548_2,C0548,Mule,Delhi,684
A0548_3,C0548,Mule,Pune,93
A0548_4,C0548,Mule,Kochi,1464
A0548_5,C0548,Mule,Delhi,1793
A0548_6,C0548,Mule,Mumbai,1571
A0548_7,C0548,Mule,Ahmedabad,1606
A0549_1,C0549,Victim,Chennai,664
A0549_2,C0549,Mule,Ahmedabad,1621
A0549_3,C0549,Mule,Bhubaneswar,1780
A0549_4,C0549,Mule,Delhi,473
A0549_5,C0549,Mule,Jaipur,870
A0549_6,C0549,Mule,Chennai,51
A0550_1,C0550,Victim,Bengaluru,624
A0550_2,C0550,Mule,Jaipur,708
A0550_3,C0550,Mule,Mumbai,254
A0550_4,C0550,Mule,Lucknow,347
A0551_1,C0551,Victim,Delhi,1491
A0551_2,C0551,Mule,Delhi,1685
A0551_3,C0551,Mule,Bhubaneswar,267
A0551_4,C0551,Mule,Chennai,366
A0551_5,C0551,Mule,Hyderabad,300
A0552_1,C0552,Victim,Mumbai,167
A0552_2,C0552,Mule,Chennai,208
A0552_3,C0552,Mule,Kochi,1391
A0552_4,C0552,Mule,Pune,1002
A0552_5,C0552,Mule,Mumbai,1068
A0552_6,C0552,Mule,Coimbatore,311
A0552_7,C0552,Mule,Chennai,79
A0553_1,C0553,Victim,Chennai,152
A0553_2,C0553,Mule,Ahmedabad,1644
A0553_3,C0553,Mule,Bengaluru,260
A0553_4,C0553,Mule,Ahmedabad,1393
A0553_5,C0553,Mule,Kochi,1229
A0553_6,C0553,Mule,Ahmedabad,48
A0554_1,C0554,Victim,Delhi,1189
A0554_2,C0554,Mule,Hyderabad,535
A0554_3,C0554,Mule,Lucknow,1572
A0554_4,C0554,Mule,Mumbai,1749
A0555_1,C0555,Victim,Hyderabad,1011
A0555_2,C0555,Mule,Jaipur,1648
A0555_3,C0555,Mule,Ahmedabad,862
A0555_4,C0555,Mule,Lucknow,1577
A0555_5,C0555,Mule,Lucknow,352
A0556_1,C0556,Victim,Delhi,651
A0556_2,C0556,Mule,Ahmedabad,1269
A0556_3,C0556,Mule,Pune,661
A0556_4,C0556,Mule,Delhi,1077
A0556_5,C0556,Mule,Delhi,820
A0556_6,C0556,Mule,Bhubaneswar,1237
A0557_1,C0557,Victim,Hyderabad,657
A0557_2,C0557,Mule,Coimbatore,1721
A0557_3,C0557,Mule,Pune,1090
A0557_4,C0557,Mule,Lucknow,872
A0557_5,C0557,Mule,Kochi,570
A0557_6,C0557,Mule,Jaipur,898
A0558_1,C0558,Victim,Hyderabad,404
A0558_2,C0558,Mule,Lucknow,1688
A0558_3,C0558,Mule,Delhi,797
A0558_4,C0558,Mule,Coimbatore,832
A0558_5,C0558,Mule,Delhi,1498
A0558_6,C0558,Mule,Kochi,1193
A0559_1,C0559,Victim,Mumbai,574
A0559_2,C0559,Mule,Bengaluru,905
A0559_3,C0559,Mule,Lucknow,1032
A0559_4,C0559,Mule,Jaipur,251
A0559_5,C0559,Mule,Delhi,925
A0560_1,C0560,Victim,Hyderabad,1382
A0560_2,C0560,Mule,Jaipur,152
A0560_3,C0560,Mule,Bengaluru,258
A0560_4,C0560,Mule,Pune,1308
A0561_1,C0561,Victim,Bengaluru,446
A0561_2,C0561,Mule,Ahmedabad,1292
A0561_3,C0561,Mule,Bengaluru,358
A0561_4,C0561,Mule,Chennai,1199
A0561_5,C0561,Mule,Bhubaneswar,1287
A0561_6,C0561,Mule,Kochi,1687
A0561_7,C0561,Mule,Delhi,285
A0562_1,C0562,Victim,Bengaluru,1772
A0562_2,C0562,Mule,Jaipur,1567
A0562_3,C0562,Mule,Mumbai,77
A0562_4,C0562,Mule,Ahmedabad,1596
A0562_5,C0562,Mule,Kochi,450
A0562_6,C0562,Mule,Lucknow,1036
A0562_7,C0562,Mule,Mumbai,1647
A0563_1,C0563,Victim,Mumbai,79
A0563_2,C0563,Mule,Lucknow,1183
A0563_3,C0563,Mule,Coimbatore,1351
A0563_4,C0563,Mule,Bhubaneswar,162
A0563_5,C0563,Mule,Delhi,1490
A0563_6,C0563,Mule,Bengaluru,826
A0563_7,C0563,Mule,Jaipur,736
A0564_1,C0564,Victim,Hyderabad,811
A0564_2,C0564,Mule,Pune,128
A0564_3,C0564,Mule,Coimbatore,214
A0564_4,C0564,Mule,Bhubaneswar,355
A0565_1,C0565,Victim,Mumbai,371
A0565_2,C0565,Mule,Ahmedabad,166
A0565_3,C0565,Mule,Coimbatore,218
A0565_4,C0565,Mule,Jaipur,136
A0565_5,C0565,Mule,Jaipur,1370
A0565_6,C0565,Mule,Bhubaneswar,390
A0566_1,C0566,Victim,Bengaluru,533
A0566_2,C0566,Mule,Bengaluru,696
A0566_3,C0566,Mule,Hyderabad,1599
A0566_4,C0566,Mule,Kochi,1081
A0566_5,C0566,Mule,Bengaluru,1055
A0567_1,C0567,Victim,Bengaluru,167
A0567_2,C0567,Mule,Mumbai,308
A0567_3,C0567,Mule,Bengaluru,618
A0567_4,C0567,Mule,Delhi,1113
A0568_1,C0568,Victim,Mumbai,1060
A0568_2,C0568,Mule,Delhi,288
A0568_3,C0568,Mule,Bengaluru,453
A0568_4,C0568,Mule,Chennai,1258
A0568_5,C0568,Mule,Pune,1754
A0569_1,C0569,Victim,Mumbai,321
A0569_2,C0569,Mule,Bengaluru,495
A0569_3,C0569,Mule,Delhi,547
A0569_4,C0569,Mule,Delhi,847
A0569_5,C0569,Mule,Delhi,1489
A0570_1,C0570,Victim,Coimbatore,756
A0570_2,C0570,Mule,Ahmedabad,1159
A0570_3,C0570,Mule,Delhi,112
A0570_4,C0570,Mule,Delhi,168
A0570_5,C0570,Mule,Pune,708
A0570_6,C0570,Mule,Coimbatore,665
A0571_1,C0571,Victim,Coimbatore,1583
A0571_2,C0571,Mule,Delhi,917
A0571_3,C0571,Mule,Ahmedabad,104
A0571_4,C0571,Mule,Lucknow,1626
A0571_5,C0571,Mule,Ahmedabad,1522
A0571_6,C0571,Mule,Bhubaneswar,1189
A0571_7,C0571,Mule,Ahmedabad,167
A0572_1,C0572,Victim,Mumbai,904
A0572_2,C0572,Mule,Ahmedabad,1193
A0572_3,C0572,Mule,Kochi,461
A0572_4,C0572,Mule,Bengaluru,165
A0572_5,C0572,Mule,Hyderabad,1788
A0573_1,C0573,Victim,Pune,1108
A0573_2,C0573,Mule,Hyderabad,1397
A0573_3,C0573,Mule,Lucknow,1740
A0573_4,C0573,Mule,Bhubaneswar,1237
A0573_5,C0573,Mule,Ahmedabad,1427
A0573_6,C0573,Mule,Kochi,1681
A0574_1,C0574,Victim,Hyderabad,980
A0574_2,C0574,Mule,Hyderabad,231
A0574_3,C0574,Mule,Bhubaneswar,1140
A0574_4,C0574,Mule,Ahmedabad,773
A0574_5,C0574,Mule,Mumbai,1550
A0575_1,C0575,Victim,Chennai,788
A0575_2,C0575,Mule,Chennai,660
A0575_3,C0575,Mule,Coimbatore,1026
A0575_4,C0575,Mule,Delhi,841
A0575_5,C0575,Mule,Jaipur,468
A0575_6,C0575,Mule,Mumbai,910
A0576_1,C0576,Victim,Chennai,995
A0576_2,C0576,Mule,Hyderabad,96
A0576_3,C0576,Mule,Hyderabad,626
A0576_4,C0576,Mule,Pune,1420
A0577_1,C0577,Victim,Bengaluru,1717
A0577_2,C0577,Mule,Delhi,250
A0577_3,C0577,Mule,Kochi,1245
A0577_4,C0577,Mule,Kochi,1290
A0577_5,C0577,Mule,Ahmedabad,176
A0577_6,C0577,Mule,Jaipur,612
A0577_7,C0577,Mule,Hyderabad,163
A0578_1,C0578,Victim,Hyderabad,1394
A0578_2,C0578,Mule,Pune,461
A0578_3,C0578,Mule,Coimbatore,974
A0578_4,C0578,Mule,Hyderabad,1470
A0578_5,C0578,Mule,Hyderabad,105
A0578_6,C0578,Mule,Chennai,150
A0579_1,C0579,Victim,Kochi,999
A0579_2,C0579,Mule,Lucknow,99
A0579_3,C0579,Mule,Pune,350
A0579_4,C0579,Mule,Mumbai,422
A0579_5,C0579,Mule,Pune,165
A0580_1,C0580,Victim,Bengaluru,1634
A0580_2,C0580,Mule,Hyderabad,543
A0580_3,C0580,Mule,Mumbai,220
A0580_4,C0580,Mule,Delhi,715
A0581_1,C0581,Victim,Pune,35
A0581_2,C0581,Mule,Chennai,1018
A0581_3,C0581,Mule,Ahmedabad,443
A0581_4,C0581,Mule,Coimbatore,332
A0581_5,C0581,Mule,Pune,1423
A0581_6,C0581,Mule,Lucknow,1786
A0582_1,C0582,Victim,Delhi,979
A0582_2,C0582,Mule,Jaipur,1201
A0582_3,C0582,Mule,Coimbatore,675
A0582_4,C0582,Mule,Jaipur,486
A0582_5,C0582,Mule,Delhi,572
A0582_6,C0582,Mule,Kochi,1365
A0582_7,C0582,Mule,Bengaluru,1702
A0583_1,C0583,Victim,Kochi,1047
A0583_2,C0583,Mule,Jaipur,467
A0583_3,C0583,Mule,Ahmedabad,1384
A0583_4,C0583,Mule,Ahmedabad,618
A0584_1,C0584,Victim,Bengaluru,376
A0584_2,C0584,Mule,Lucknow,628
A0584_3,C0584,Mule,Lucknow,556
A0584_4,C0584,Mule,Mumbai,361
A0584_5,C0584,Mule,Mumbai,447
A0584_6,C0584,Mule,Bhubaneswar,365
A0585_1,C0585,Victim,Delhi,1015
A0585_2,C0585,Mule,Lucknow,1288
A0585_3,C0585,Mule,Kochi,1638
A0585_4,C0585,Mule,Chennai,759
A0586_1,C0586,Victim,Hyderabad,1580
A0586_2,C0586,Mule,Lucknow,749
A0586_3,C0586,Mule,Bengaluru,726
A0586_4,C0586,Mule,Mumbai,1653
A0586_5,C0586,Mule,Mumbai,242
A0586_6,C0586,Mule,Ahmedabad,1618
A0586_7,C0586,Mule,Mumbai,464
A0587_1,C0587,Victim,Pune,881
A0587_2,C0587,Mule,Bhubaneswar,1745
A0587_3,C0587,Mule,Bengaluru,675
A0587_4,C0587,Mule,Delhi,204
A0587_5,C0587,Mule,Hyderabad,1756
A0587_6,C0587,Mule,Chennai,1247
A0588_1,C0588,Victim,Mumbai,604
A0588_2,C0588,Mule,Pune,1770
A0588_3,C0588,Mule,Mumbai,182
A0588_4,C0588,Mule,Ahmedabad,775
A0588_5,C0588,Mule,Chennai,1050
A0589_1,C0589,Victim,Coimbatore,1210
A0589_2,C0589,Mule,Coimbatore,1222
A0589_3,C0589,Mule,Chennai,504
A0589_4,C0589,Mule,Bengaluru,596
A0589_5,C0589,Mule,Kochi,1753
A0590_1,C0590,Victim,Kochi,310
A0590_2,C0590,Mule,Chennai,223
A0590_3,C0590,Mule,Jaipur,38
A0590_4,C0590,Mule,Chennai,1006
A0591_1,C0591,Victim,Delhi,1522
A0591_2,C0591,Mule,Bhubaneswar,289
A0591_3,C0591,Mule,Hyderabad,1541
A0591_4,C0591,Mule,Lucknow,1073
A0591_5,C0591,Mule,Coimbatore,865
A0592_1,C0592,Victim,Mumbai,581
A0592_2,C0592,Mule,Coimbatore,1292
A0592_3,C0592,Mule,Chennai,1477
A0592_4,C0592,Mule,Mumbai,552
A0592_5,C0592,Mule,Lucknow,1269
A0592_6,C0592,Mule,Delhi,32
A0593_1,C0593,Victim,Hyderabad,260
A0593_2,C0593,Mule,Jaipur,35
A0593_3,C0593,Mule,Lucknow,460
A0593_4,C0593,Mule,Bhubaneswar,256
A0593_5,C0593,Mule,Bhubaneswar,58
A0593_6,C0593,Mule,Mumbai,249
A0594_1,C0594,Victim,Delhi,590
A0594_2,C0594,Mule,Mumbai,130
A0594_3,C0594,Mule,Kochi,36
A0594_4,C0594,Mule,Mumbai,979
A0594_5,C0594,Mule,Hyderabad,155
A0594_6,C0594,Mule,Bengaluru,1562
A0594_7,C0594,Mule,Delhi,1103
A0595_1,C0595,Victim,Kochi,1013
A0595_2,C0595,Mule,Coimbatore,927
A0595_3,C0595,Mule,Hyderabad,65
A0595_4,C0595,Mule,Coimbatore,1351
A0595_5,C0595,Mule,Delhi,817
A0596_1,C0596,Victim,Kochi,1688
A0596_2,C0596,Mule,Coimbatore,1581
A0596_3,C0596,Mule,Lucknow,1168
A0596_4,C0596,Mule,Jaipur,1206
A0596_5,C0596,Mule,Ahmedabad,404
A0596_6,C0596,Mule,Lucknow,1047
A0597_1,C0597,Victim,Pune,808
A0597_2,C0597,Mule,Delhi,1309
A0597_3,C0597,Mule,Coimbatore,531
A0597_4,C0597,Mule,Pune,123
A0598_1,C0598,Victim,Delhi,1125
A0598_2,C0598,Mule,Bhubaneswar,178
A0598_3,C0598,Mule,Chennai,1424
A0598_4,C0598,Mule,Ahmedabad,933
A0598_5,C0598,Mule,Bhubaneswar,307
A0598_6,C0598,Mule,Coimbatore,1541
A0598_7,C0598,Mule,Coimbatore,477
A0599_1,C0599,Victim,Delhi,1138
A0599_2,C0599,Mule,Hyderabad,1376
A0599_3,C0599,Mule,Bhubaneswar,1522
A0599_4,C0599,Mule,Bengaluru,1754
A0599_5,C0599,Mule,Delhi,1703
A0599_6,C0599,Mule,Coimbatore,1659
A0600_1,C0600,Victim,Kochi,382
A0600_2,C0600,Mule,Hyderabad,509
A0600_3,C0600,Mule,Bhubaneswar,122
A0600_4,C0600,Mule,Bhubaneswar,397
A0600_5,C0600,Mule,Coimbatore,1724
