transaction_id,case_id,sender_account,receiver_account,amount,timestamp,transaction_type
T0001_01,C0001,A0001_1,A0001_2,94846,2026-06-13 04:27:00,Transfer
T0001_02,C0001,A0001_2,A0001_3,75004,2026-06-13 04:41:00,Transfer
T0001_03,C0001,A0001_3,A0001_4,62733,2026-06-13 05:09:00,Transfer
T0001_04,C0001,A0001_4,A0001_5,40034,2026-06-13 05:28:00,Transfer
T0002_01,C0002,A0002_1,A0002_2,128351,2026-02-11 00:32:00,Transfer
T0002_02,C0002,A0002_2,A0002_3,74638,2026-02-11 00:52:00,Transfer
T0002_03,C0002,A0002_3,A0002_4,65812,2026-02-11 01:17:00,Transfer
T0002_04,C0002,A0002_4,A0002_5,51395,2026-02-11 01:23:00,Transfer
T0002_05,C0002,A0002_5,A0002_6,29209,2026-02-11 01:39:00,Transfer
T0003_01,C0003,A0003_1,A0003_2,63320,2026-08-07 08:21:00,Transfer
T0003_02,C0003,A0003_2,A0003_3,38964,2026-08-07 08:47:00,Transfer
T0003_03,C0003,A0003_3,A0003_4,25637,2026-08-07 09:03:00,Transfer
T0003_04,C0003,A0003_4,A0003_5,21120,2026-08-07 09:08:00,Transfer
T0003_05,C0003,A0003_5,A0003_6,13550,2026-08-07 09:12:00,Transfer
T0004_01,C0004,A0004_1,A0004_2,225584,2026-02-24 19:45:00,Transfer
T0004_02,C0004,A0004_2,A0004_3,170047,2026-02-24 19:52:00,Transfer
T0004_03,C0004,A0004_3,A0004_4,144933,2026-02-24 20:01:00,Transfer
T0004_04,C0004,A0004_4,A0004_5,88573,2026-02-24 20:13:00,Transfer
T0004_05,C0004,A0004_5,A0004_6,76777,2026-02-24 20:42:00,Transfer
T0004_06,C0004,A0004_6,A0004_7,60543,2026-02-24 21:08:00,Transfer
T0005_01,C0005,A0005_1,A0005_2,50245,2026-05-16 09:00:00,Transfer
T0005_02,C0005,A0005_2,A0005_3,47167,2026-05-16 09:13:00,Transfer
T0005_03,C0005,A0005_3,A0005_4,35520,2026-05-16 09:21:00,Transfer
T0006_01,C0006,A0006_1,A0006_2,62202,2026-05-10 21:04:00,Transfer
T0006_02,C0006,A0006_2,A0006_3,36342,2026-05-10 21:37:00,Transfer
T0006_03,C0006,A0006_3,A0006_4,31850,2026-05-10 21:47:00,Transfer
T0006_04,C0006,A0006_4,A0006_5,19153,2026-05-10 22:19:00,Transfer
T0006_05,C0006,A0006_5,A0006_6,17788,2026-05-10 22:31:00,Transfer
T0007_01,C0007,A0007_1,A0007_2,77916,2026-04-19 07:49:00,Transfer
T0007_02,C0007,A0007_2,A0007_3,43077,2026-04-19 07:54:00,Transfer
T0007_03,C0007,A0007_3,A0007_4,27637,2026-04-19 07:58:00,Transfer
T0007_04,C0007,A0007_4,A0007_5,24703,2026-04-19 08:04:00,Transfer
T0007_05,C0007,A0007_5,A0007_6,18667,2026-04-19 08:23:00,Transfer
T0008_01,C0008,A0008_1,A0008_2,22530,2026-02-03 19:51:00,Transfer
T0008_02,C0008,A0008_2,A0008_3,18459,2026-02-03 19:59:00,Transfer
T0008_03,C0008,A0008_3,A0008_4,10599,2026-02-03 20:22:00,Transfer
T0008_04,C0008,A0008_4,A0008_5,9223,2026-02-03 20:30:00,Transfer
T0009_01,C0009,A0009_1,A0009_2,31690,2026-04-25 05:27:00,Transfer
T0009_02,C0009,A0009_2,A0009_3,20138,2026-04-25 05:54:00,Transfer
T0009_03,C0009,A0009_3,A0009_4,18345,2026-04-25 06:06:00,Transfer
T0009_04,C0009,A0009_4,A0009_5,12870,2026-04-25 06:32:00,Transfer
T0009_05,C0009,A0009_5,A0009_6,8443,2026-04-25 07:03:00,Transfer
T0010_01,C0010,A0010_1,A0010_2,36327,2026-07-07 19:51:00,Transfer
T0010_02,C0010,A0010_2,A0010_3,22267,2026-07-07 20:25:00,Transfer
T0010_03,C0010,A0010_3,A0010_4,12960,2026-07-07 20:38:00,Transfer
T0010_04,C0010,A0010_4,A0010_5,7483,2026-07-07 20:44:00,Transfer
T0011_01,C0011,A0011_1,A0011_2,208495,2026-01-31 20:06:00,Transfer
T0011_02,C0011,A0011_2,A0011_3,125587,2026-01-31 20:27:00,Transfer
T0011_03,C0011,A0011_3,A0011_4,92041,2026-01-31 20:33:00,Transfer
T0012_01,C0012,A0012_1,A0012_2,58382,2026-05-25 04:04:00,Transfer
T0012_02,C0012,A0012_2,A0012_3,53869,2026-05-25 04:12:00,Transfer
T0012_03,C0012,A0012_3,A0012_4,49859,2026-05-25 04:22:00,Transfer
T0012_04,C0012,A0012_4,A0012_5,32696,2026-05-25 04:30:00,Transfer
T0012_05,C0012,A0012_5,A0012_6,27692,2026-05-25 04:41:00,Transfer
T0013_01,C0013,A0013_1,A0013_2,50095,2026-07-03 12:07:00,Transfer
T0013_02,C0013,A0013_2,A0013_3,29059,2026-07-03 12:18:00,Transfer
T0013_03,C0013,A0013_3,A0013_4,22324,2026-07-03 12:43:00,Transfer
T0013_04,C0013,A0013_4,A0013_5,17479,2026-07-03 12:54:00,Transfer
T0013_05,C0013,A0013_5,A0013_6,12618,2026-07-03 12:58:00,Transfer
T0013_06,C0013,A0013_6,A0013_7,8495,2026-07-03 13:02:00,Transfer
T0014_01,C0014,A0014_1,A0014_2,26150,2026-06-20 03:48:00,Transfer
T0014_02,C0014,A0014_2,A0014_3,18383,2026-06-20 03:52:00,Transfer
T0014_03,C0014,A0014_3,A0014_4,16424,2026-06-20 04:08:00,Transfer
T0014_04,C0014,A0014_4,A0014_5,10344,2026-06-20 04:39:00,Transfer
T0015_01,C0015,A0015_1,A0015_2,57250,2026-08-12 08:08:00,Transfer
T0015_02,C0015,A0015_2,A0015_3,51571,2026-08-12 08:26:00,Transfer
T0015_03,C0015,A0015_3,A0015_4,32047,2026-08-12 08:44:00,Transfer
T0015_04,C0015,A0015_4,A0015_5,18116,2026-08-12 09:13:00,Transfer
T0016_01,C0016,A0016_1,A0016_2,44646,2026-04-22 21:18:00,Transfer
T0016_02,C0016,A0016_2,A0016_3,35683,2026-04-22 21:27:00,Transfer
T0016_03,C0016,A0016_3,A0016_4,29898,2026-04-22 21:48:00,Transfer
T0016_04,C0016,A0016_4,A0016_5,22508,2026-04-22 22:16:00,Transfer
T0016_05,C0016,A0016_5,A0016_6,15316,2026-04-22 22:36:00,Transfer
T0016_06,C0016,A0016_6,A0016_7,11820,2026-04-22 22:50:00,Transfer
T0017_01,C0017,A0017_1,A0017_2,73133,2026-06-23 06:27:00,Transfer
T0017_02,C0017,A0017_2,A0017_3,59496,2026-06-23 06:47:00,Transfer
T0017_03,C0017,A0017_3,A0017_4,44989,2026-06-23 07:10:00,Transfer
T0017_04,C0017,A0017_4,A0017_5,26424,2026-06-23 07:27:00,Transfer
T0017_05,C0017,A0017_5,A0017_6,21644,2026-06-23 07:43:00,Transfer
T0017_06,C0017,A0017_6,A0017_7,18887,2026-06-23 07:54:00,Transfer
T0018_01,C0018,A0018_1,A0018_2,119789,2026-05-02 21:36:00,Transfer
T0018_02,C0018,A0018_2,A0018_3,88143,2026-05-02 21:53:00,Transfer
T0018_03,C0018,A0018_3,A0018_4,80826,2026-05-02 22:02:00,Transfer
T0018_04,C0018,A0018_4,A0018_5,59211,2026-05-02 22:33:00,Transfer
T0018_05,C0018,A0018_5,A0018_6,48377,2026-05-02 22:55:00,Transfer
T0018_06,C0018,A0018_6,A0018_7,44991,2026-05-02 23:25:00,Transfer
T0019_01,C0019,A0019_1,A0019_2,77983,2026-05-10 14:49:00,Transfer
T0019_02,C0019,A0019_2,A0019_3,65148,2026-05-10 15:06:00,Transfer
T0019_03,C0019,A0019_3,A0019_4,42912,2026-05-10 15:28:00,Transfer
T0019_04,C0019,A0019_4,A0019_5,38930,2026-05-10 15:35:00,Transfer
T0020_01,C0020,A0020_1,A0020_2,32037,2026-06-27 05:36:00,Transfer
T0020_02,C0020,A0020_2,A0020_3,27275,2026-06-27 06:04:00,Transfer
T0020_03,C0020,A0020_3,A0020_4,20873,2026-06-27 06:20:00,Transfer
T0020_04,C0020,A0020_4,A0020_5,15556,2026-06-27 06:39:00,Transfer
T0020_05,C0020,A0020_5,A0020_6,11267,2026-06-27 06:42:00,Transfer
T0020_06,C0020,A0020_6,A0020_7,7949,2026-06-27 07:09:00,Transfer
T0021_01,C0021,A0021_1,A0021_2,123668,2026-08-24 05:00:00,Transfer
T0021_02,C0021,A0021_2,A0021_3,81781,2026-08-24 05:28:00,Transfer
T0021_03,C0021,A0021_3,A0021_4,53231,2026-08-24 05:35:00,Transfer
T0021_04,C0021,A0021_4,A0021_5,39291,2026-08-24 05:40:00,Transfer
T0021_05,C0021,A0021_5,A0021_6,37325,2026-08-24 06:04:00,Transfer
T0021_06,C0021,A0021_6,A0021_7,23876,2026-08-24 06:10:00,Transfer
T0022_01,C0022,A0022_1,A0022_2,72233,2026-01-08 08:43:00,Transfer
T0022_02,C0022,A0022_2,A0022_3,62201,2026-01-08 08:55:00,Transfer
T0022_03,C0022,A0022_3,A0022_4,58213,2026-01-08 09:03:00,Transfer
T0022_04,C0022,A0022_4,A0022_5,45491,2026-01-08 09:24:00,Transfer
T0023_01,C0023,A0023_1,A0023_2,23382,2026-04-07 14:11:00,Transfer
T0023_02,C0023,A0023_2,A0023_3,13505,2026-04-07 14:34:00,Transfer
T0023_03,C0023,A0023_3,A0023_4,7496,2026-04-07 15:02:00,Transfer
T0023_04,C0023,A0023_4,A0023_5,6588,2026-04-07 15:10:00,Transfer
T0024_01,C0024,A0024_1,A0024_2,46965,2026-08-17 16:09:00,Transfer
T0024_02,C0024,A0024_2,A0024_3,41436,2026-08-17 16:16:00,Transfer
T0024_03,C0024,A0024_3,A0024_4,27412,2026-08-17 16:46:00,Transfer
T0024_04,C0024,A0024_4,A0024_5,17750,2026-08-17 17:17:00,Transfer
T0025_01,C0025,A0025_1,A0025_2,76909,2026-03-28 01:35:00,Transfer
T0025_02,C0025,A0025_2,A0025_3,57330,2026-03-28 01:52:00,Transfer
T0025_03,C0025,A0025_3,A0025_4,47368,2026-03-28 02:25:00,Transfer
T0025_04,C0025,A0025_4,A0025_5,34544,2026-03-28 02:28:00,Transfer
T0026_01,C0026,A0026_1,A0026_2,87636,2026-06-27 08:40:00,Transfer
T0026_02,C0026,A0026_2,A0026_3,54914,2026-06-27 09:12:00,Transfer
T0026_03,C0026,A0026_3,A0026_4,36276,2026-06-27 09:47:00,Transfer
T0026_04,C0026,A0026_4,A0026_5,28611,2026-06-27 09:55:00,Transfer
T0026_05,C0026,A0026_5,A0026_6,25264,2026-06-27 10:15:00,Transfer
T0026_06,C0026,A0026_6,A0026_7,16194,2026-06-27 10:28:00,Transfer
T0027_01,C0027,A0027_1,A0027_2,53904,2026-02-02 10:04:00,Transfer
T0027_02,C0027,A0027_2,A0027_3,32107,2026-02-02 10:10:00,Transfer
T0027_03,C0027,A0027_3,A0027_4,22805,2026-02-02 10:16:00,Transfer
T0027_04,C0027,A0027_4,A0027_5,17806,2026-02-02 10:21:00,Transfer
T0027_05,C0027,A0027_5,A0027_6,10873,2026-02-02 10:42:00,Transfer
T0028_01,C0028,A0028_1,A0028_2,185746,2026-05-23 14:35:00,Transfer
T0028_02,C0028,A0028_2,A0028_3,119981,2026-05-23 14:41:00,Transfer
T0028_03,C0028,A0028_3,A0028_4,73501,2026-05-23 15:09:00,Transfer
T0028_04,C0028,A0028_4,A0028_5,53670,2026-05-23 15:41:00,Transfer
T0028_05,C0028,A0028_5,A0028_6,35771,2026-05-23 15:57:00,Transfer
T0028_06,C0028,A0028_6,A0028_7,23796,2026-05-23 16:17:00,Transfer
T0029_01,C0029,A0029_1,A0029_2,37081,2026-06-25 08:41:00,Transfer
T0029_02,C0029,A0029_2,A0029_3,30609,2026-06-25 09:08:00,Transfer
T0029_03,C0029,A0029_3,A0029_4,28376,2026-06-25 09:42:00,Transfer
T0029_04,C0029,A0029_4,A0029_5,21735,2026-06-25 10:12:00,Transfer
T0029_05,C0029,A0029_5,A0029_6,12653,2026-06-25 10:16:00,Transfer
T0029_06,C0029,A0029_6,A0029_7,11460,2026-06-25 10:38:00,Transfer
T0030_01,C0030,A0030_1,A0030_2,96194,2026-02-28 23:33:00,Transfer
T0030_02,C0030,A0030_2,A0030_3,65731,2026-02-28 23:41:00,Transfer
T0030_03,C0030,A0030_3,A0030_4,58703,2026-03-01 00:04:00,Transfer
T0030_04,C0030,A0030_4,A0030_5,41952,2026-03-01 00:37:00,Transfer
T0030_05,C0030,A0030_5,A0030_6,27910,2026-03-01 01:04:00,Transfer
T0031_01,C0031,A0031_1,A0031_2,47350,2026-01-23 11:36:00,Transfer
T0031_02,C0031,A0031_2,A0031_3,37887,2026-01-23 11:41:00,Transfer
T0031_03,C0031,A0031_3,A0031_4,23922,2026-01-23 11:51:00,Transfer
T0032_01,C0032,A0032_1,A0032_2,38092,2026-05-05 04:46:00,Transfer
T0032_02,C0032,A0032_2,A0032_3,28704,2026-05-05 05:05:00,Transfer
T0032_03,C0032,A0032_3,A0032_4,20557,2026-05-05 05:37:00,Transfer
T0032_04,C0032,A0032_4,A0032_5,19366,2026-05-05 05:54:00,Transfer
T0033_01,C0033,A0033_1,A0033_2,171655,2026-02-18 21:15:00,Transfer
T0033_02,C0033,A0033_2,A0033_3,131390,2026-02-18 21:39:00,Transfer
T0033_03,C0033,A0033_3,A0033_4,89736,2026-02-18 22:05:00,Transfer
T0034_01,C0034,A0034_1,A0034_2,70624,2026-02-18 23:59:00,Transfer
T0034_02,C0034,A0034_2,A0034_3,42409,2026-02-19 00:22:00,Transfer
T0034_03,C0034,A0034_3,A0034_4,38078,2026-02-19 00:52:00,Transfer
T0034_04,C0034,A0034_4,A0034_5,22461,2026-02-19 01:23:00,Transfer
T0035_01,C0035,A0035_1,A0035_2,120055,2026-08-11 22:42:00,Transfer
T0035_02,C0035,A0035_2,A0035_3,95681,2026-08-11 22:59:00,Transfer
T0035_03,C0035,A0035_3,A0035_4,76780,2026-08-11 23:19:00,Transfer
T0035_04,C0035,A0035_4,A0035_5,72861,2026-08-11 23:26:00,Transfer
T0035_05,C0035,A0035_5,A0035_6,52721,2026-08-11 23:34:00,Transfer
T0035_06,C0035,A0035_6,A0035_7,45031,2026-08-11 23:42:00,Transfer
T0036_01,C0036,A0036_1,A0036_2,82516,2026-08-20 01:14:00,Transfer
T0036_02,C0036,A0036_2,A0036_3,65500,2026-08-20 01:40:00,Transfer
T0036_03,C0036,A0036_3,A0036_4,52261,2026-08-20 01:57:00,Transfer
T0037_01,C0037,A0037_1,A0037_2,80277,2026-03-01 16:31:00,Transfer
T0037_02,C0037,A0037_2,A0037_3,71295,2026-03-01 16:45:00,Transfer
T0037_03,C0037,A0037_3,A0037_4,67712,2026-03-01 17:17:00,Transfer
T0037_04,C0037,A0037_4,A0037_5,40130,2026-03-01 17:43:00,Transfer
T0037_05,C0037,A0037_5,A0037_6,31252,2026-03-01 18:03:00,Transfer
T0038_01,C0038,A0038_1,A0038_2,9749,2026-08-01 23:02:00,Transfer
T0038_02,C0038,A0038_2,A0038_3,6215,2026-08-01 23:16:00,Transfer
T0038_03,C0038,A0038_3,A0038_4,4961,2026-08-01 23:26:00,Transfer
T0039_01,C0039,A0039_1,A0039_2,64633,2026-06-15 01:54:00,Transfer
T0039_02,C0039,A0039_2,A0039_3,49272,2026-06-15 02:13:00,Transfer
T0039_03,C0039,A0039_3,A0039_4,43467,2026-06-15 02:31:00,Transfer
T0040_01,C0040,A0040_1,A0040_2,59788,2026-03-17 11:57:00,Transfer
T0040_02,C0040,A0040_2,A0040_3,43759,2026-03-17 12:15:00,Transfer
T0040_03,C0040,A0040_3,A0040_4,34299,2026-03-17 12:40:00,Transfer
T0041_01,C0041,A0041_1,A0041_2,79552,2026-01-07 21:29:00,Transfer
T0041_02,C0041,A0041_2,A0041_3,46846,2026-01-07 21:39:00,Transfer
T0041_03,C0041,A0041_3,A0041_4,33047,2026-01-07 22:04:00,Transfer
T0041_04,C0041,A0041_4,A0041_5,27038,2026-01-07 22:32:00,Transfer
T0042_01,C0042,A0042_1,A0042_2,231352,2026-08-15 14:27:00,Transfer
T0042_02,C0042,A0042_2,A0042_3,216842,2026-08-15 14:58:00,Transfer
T0042_03,C0042,A0042_3,A0042_4,127214,2026-08-15 15:13:00,Transfer
T0042_04,C0042,A0042_4,A0042_5,102621,2026-08-15 15:16:00,Transfer
T0042_05,C0042,A0042_5,A0042_6,58517,2026-08-15 15:39:00,Transfer
T0042_06,C0042,A0042_6,A0042_7,37885,2026-08-15 15:49:00,Transfer
T0043_01,C0043,A0043_1,A0043_2,42652,2026-07-15 19:04:00,Transfer
T0043_02,C0043,A0043_2,A0043_3,25707,2026-07-15 19:28:00,Transfer
T0043_03,C0043,A0043_3,A0043_4,22262,2026-07-15 19:45:00,Transfer
T0043_04,C0043,A0043_4,A0043_5,17487,2026-07-15 19:48:00,Transfer
T0044_01,C0044,A0044_1,A0044_2,174898,2026-07-09 15:01:00,Transfer
T0044_02,C0044,A0044_2,A0044_3,117295,2026-07-09 15:04:00,Transfer
T0044_03,C0044,A0044_3,A0044_4,67366,2026-07-09 15:36:00,Transfer
T0045_01,C0045,A0045_1,A0045_2,47878,2026-05-06 15:49:00,Transfer
T0045_02,C0045,A0045_2,A0045_3,28232,2026-05-06 15:58:00,Transfer
T0045_03,C0045,A0045_3,A0045_4,25158,2026-05-06 16:13:00,Transfer
T0045_04,C0045,A0045_4,A0045_5,18164,2026-05-06 16:29:00,Transfer
T0045_05,C0045,A0045_5,A0045_6,12996,2026-05-06 17:00:00,Transfer
T0046_01,C0046,A0046_1,A0046_2,62034,2026-03-22 15:17:00,Transfer
T0046_02,C0046,A0046_2,A0046_3,50744,2026-03-22 15:45:00,Transfer
T0046_03,C0046,A0046_3,A0046_4,35086,2026-03-22 16:14:00,Transfer
T0046_04,C0046,A0046_4,A0046_5,31480,2026-03-22 16:19:00,Transfer
T0046_05,C0046,A0046_5,A0046_6,29508,2026-03-22 16:40:00,Transfer
T0047_01,C0047,A0047_1,A0047_2,53595,2026-02-24 05:39:00,Transfer
T0047_02,C0047,A0047_2,A0047_3,42532,2026-02-24 05:58:00,Transfer
T0047_03,C0047,A0047_3,A0047_4,23885,2026-02-24 06:17:00,Transfer
T0048_01,C0048,A0048_1,A0048_2,52462,2026-03-28 12:36:00,Transfer
T0048_02,C0048,A0048_2,A0048_3,32157,2026-03-28 12:57:00,Transfer
T0048_03,C0048,A0048_3,A0048_4,26968,2026-03-28 13:04:00,Transfer
T0048_04,C0048,A0048_4,A0048_5,24361,2026-03-28 13:15:00,Transfer
T0049_01,C0049,A0049_1,A0049_2,96412,2026-06-22 03:26:00,Transfer
T0049_02,C0049,A0049_2,A0049_3,54778,2026-06-22 03:53:00,Transfer
T0049_03,C0049,A0049_3,A0049_4,51698,2026-06-22 03:58:00,Transfer
T0049_04,C0049,A0049_4,A0049_5,28592,2026-06-22 04:19:00,Transfer
T0049_05,C0049,A0049_5,A0049_6,26537,2026-06-22 04:29:00,Transfer
T0049_06,C0049,A0049_6,A0049_7,22706,2026-06-22 04:49:00,Transfer
T0050_01,C0050,A0050_1,A0050_2,89850,2026-07-11 15:15:00,Transfer
T0050_02,C0050,A0050_2,A0050_3,70025,2026-07-11 15:43:00,Transfer
T0050_03,C0050,A0050_3,A0050_4,46623,2026-07-11 16:10:00,Transfer
T0050_04,C0050,A0050_4,A0050_5,26031,2026-07-11 16:32:00,Transfer
T0050_05,C0050,A0050_5,A0050_6,16106,2026-07-11 17:03:00,Transfer
T0050_06,C0050,A0050_6,A0050_7,14218,2026-07-11 17:28:00,Transfer
T0051_01,C0051,A0051_1,A0051_2,24566,2026-03-04 15:12:00,Transfer
T0051_02,C0051,A0051_2,A0051_3,22413,2026-03-04 15:36:00,Transfer
T0051_03,C0051,A0051_3,A0051_4,15474,2026-03-04 15:47:00,Transfer
T0052_01,C0052,A0052_1,A0052_2,68091,2026-02-20 06:30:00,Transfer
T0052_02,C0052,A0052_2,A0052_3,41561,2026-02-20 06:36:00,Transfer
T0052_03,C0052,A0052_3,A0052_4,30654,2026-02-20 06:57:00,Transfer
T0053_01,C0053,A0053_1,A0053_2,64153,2026-05-10 02:49:00,Transfer
T0053_02,C0053,A0053_2,A0053_3,43534,2026-05-10 03:21:00,Transfer
T0053_03,C0053,A0053_3,A0053_4,32674,2026-05-10 03:26:00,Transfer
T0053_04,C0053,A0053_4,A0053_5,23858,2026-05-10 03:49:00,Transfer
T0053_05,C0053,A0053_5,A0053_6,22497,2026-05-10 03:56:00,Transfer
T0053_06,C0053,A0053_6,A0053_7,16913,2026-05-10 04:09:00,Transfer
T0054_01,C0054,A0054_1,A0054_2,349632,2026-04-23 18:25:00,Transfer
T0054_02,C0054,A0054_2,A0054_3,232036,2026-04-23 18:36:00,Transfer
T0054_03,C0054,A0054_3,A0054_4,158560,2026-04-23 18:47:00,Transfer
T0054_04,C0054,A0054_4,A0054_5,145351,2026-04-23 19:08:00,Transfer
T0054_05,C0054,A0054_5,A0054_6,136205,2026-04-23 19:35:00,Transfer
T0055_01,C0055,A0055_1,A0055_2,85406,2026-01-22 10:50:00,Transfer
T0055_02,C0055,A0055_2,A0055_3,79467,2026-01-22 11:13:00,Transfer
T0055_03,C0055,A0055_3,A0055_4,73830,2026-01-22 11:46:00,Transfer
T0055_04,C0055,A0055_4,A0055_5,46276,2026-01-22 11:56:00,Transfer
T0055_05,C0055,A0055_5,A0055_6,28319,2026-01-22 12:16:00,Transfer
T0056_01,C0056,A0056_1,A0056_2,15390,2026-05-19 18:19:00,Transfer
T0056_02,C0056,A0056_2,A0056_3,14433,2026-05-19 18:39:00,Transfer
T0056_03,C0056,A0056_3,A0056_4,12281,2026-05-19 19:09:00,Transfer
T0056_04,C0056,A0056_4,A0056_5,7904,2026-05-19 19:26:00,Transfer
T0057_01,C0057,A0057_1,A0057_2,94405,2026-05-01 07:03:00,Transfer
T0057_02,C0057,A0057_2,A0057_3,78786,2026-05-01 07:38:00,Transfer
T0057_03,C0057,A0057_3,A0057_4,70156,2026-05-01 07:58:00,Transfer
T0057_04,C0057,A0057_4,A0057_5,40939,2026-05-01 08:10:00,Transfer
T0057_05,C0057,A0057_5,A0057_6,26983,2026-05-01 08:44:00,Transfer
T0057_06,C0057,A0057_6,A0057_7,16431,2026-05-01 09:13:00,Transfer
T0058_01,C0058,A0058_1,A0058_2,51873,2026-07-29 15:50:00,Transfer
T0058_02,C0058,A0058_2,A0058_3,47565,2026-07-29 16:22:00,Transfer
T0058_03,C0058,A0058_3,A0058_4,39404,2026-07-29 16:32:00,Transfer
T0058_04,C0058,A0058_4,A0058_5,33632,2026-07-29 17:04:00,Transfer
T0058_05,C0058,A0058_5,A0058_6,24532,2026-07-29 17:06:00,Transfer
T0058_06,C0058,A0058_6,A0058_7,22381,2026-07-29 17:09:00,Transfer
T0059_01,C0059,A0059_1,A0059_2,55937,2026-05-21 21:36:00,Transfer
T0059_02,C0059,A0059_2,A0059_3,44117,2026-05-21 21:39:00,Transfer
T0059_03,C0059,A0059_3,A0059_4,35416,2026-05-21 21:56:00,Transfer
T0060_01,C0060,A0060_1,A0060_2,200658,2026-01-01 21:28:00,Transfer
T0060_02,C0060,A0060_2,A0060_3,130720,2026-01-01 21:31:00,Transfer
T0060_03,C0060,A0060_3,A0060_4,90567,2026-01-01 21:37:00,Transfer
T0060_04,C0060,A0060_4,A0060_5,62302,2026-01-01 21:45:00,Transfer
T0060_05,C0060,A0060_5,A0060_6,53492,2026-01-01 22:08:00,Transfer
T0060_06,C0060,A0060_6,A0060_7,32275,2026-01-01 22:32:00,Transfer
T0061_01,C0061,A0061_1,A0061_2,127330,2026-02-14 23:47:00,Transfer
T0061_02,C0061,A0061_2,A0061_3,96281,2026-02-15 00:19:00,Transfer
T0061_03,C0061,A0061_3,A0061_4,62710,2026-02-15 00:33:00,Transfer
T0061_04,C0061,A0061_4,A0061_5,41667,2026-02-15 00:38:00,Transfer
T0062_01,C0062,A0062_1,A0062_2,205038,2026-07-24 13:01:00,Transfer
T0062_02,C0062,A0062_2,A0062_3,119337,2026-07-24 13:21:00,Transfer
T0062_03,C0062,A0062_3,A0062_4,80265,2026-07-24 13:50:00,Transfer
T0062_04,C0062,A0062_4,A0062_5,49496,2026-07-24 14:20:00,Transfer
T0062_05,C0062,A0062_5,A0062_6,34182,2026-07-24 14:24:00,Transfer
T0062_06,C0062,A0062_6,A0062_7,28737,2026-07-24 14:48:00,Transfer
T0063_01,C0063,A0063_1,A0063_2,111119,2026-06-13 02:15:00,Transfer
T0063_02,C0063,A0063_2,A0063_3,88010,2026-06-13 02:45:00,Transfer
T0063_03,C0063,A0063_3,A0063_4,81807,2026-06-13 03:10:00,Transfer
T0063_04,C0063,A0063_4,A0063_5,59520,2026-06-13 03:16:00,Transfer
T0063_05,C0063,A0063_5,A0063_6,46399,2026-06-13 03:51:00,Transfer
T0064_01,C0064,A0064_1,A0064_2,37468,2026-03-13 09:16:00,Transfer
T0064_02,C0064,A0064_2,A0064_3,23607,2026-03-13 09:26:00,Transfer
T0064_03,C0064,A0064_3,A0064_4,21036,2026-03-13 09:56:00,Transfer
T0064_04,C0064,A0064_4,A0064_5,13022,2026-03-13 10:26:00,Transfer
T0065_01,C0065,A0065_1,A0065_2,93802,2026-03-23 23:00:00,Transfer
T0065_02,C0065,A0065_2,A0065_3,65132,2026-03-23 23:25:00,Transfer
T0065_03,C0065,A0065_3,A0065_4,47999,2026-03-23 23:35:00,Transfer
T0065_04,C0065,A0065_4,A0065_5,38148,2026-03-23 23:42:00,Transfer
T0065_05,C0065,A0065_5,A0065_6,21984,2026-03-24 00:09:00,Transfer
T0066_01,C0066,A0066_1,A0066_2,24790,2026-07-16 14:16:00,Transfer
T0066_02,C0066,A0066_2,A0066_3,17924,2026-07-16 14:21:00,Transfer
T0066_03,C0066,A0066_3,A0066_4,15818,2026-07-16 14:56:00,Transfer
T0066_04,C0066,A0066_4,A0066_5,9668,2026-07-16 15:08:00,Transfer
T0067_01,C0067,A0067_1,A0067_2,32104,2026-02-27 12:05:00,Transfer
T0067_02,C0067,A0067_2,A0067_3,25256,2026-02-27 12:16:00,Transfer
T0067_03,C0067,A0067_3,A0067_4,15620,2026-02-27 12:39:00,Transfer
T0068_01,C0068,A0068_1,A0068_2,31052,2026-08-10 01:43:00,Transfer
T0068_02,C0068,A0068_2,A0068_3,20772,2026-08-10 01:49:00,Transfer
T0068_03,C0068,A0068_3,A0068_4,17146,2026-08-10 02:01:00,Transfer
T0068_04,C0068,A0068_4,A0068_5,12445,2026-08-10 02:33:00,Transfer
T0068_05,C0068,A0068_5,A0068_6,9156,2026-08-10 02:56:00,Transfer
T0069_01,C0069,A0069_1,A0069_2,31461,2026-07-03 11:20:00,Transfer
T0069_02,C0069,A0069_2,A0069_3,29200,2026-07-03 11:48:00,Transfer
T0069_03,C0069,A0069_3,A0069_4,18959,2026-07-03 12:00:00,Transfer
T0069_04,C0069,A0069_4,A0069_5,16596,2026-07-03 12:22:00,Transfer
T0070_01,C0070,A0070_1,A0070_2,127352,2026-05-12 16:16:00,Transfer
T0070_02,C0070,A0070_2,A0070_3,113199,2026-05-12 16:45:00,Transfer
T0070_03,C0070,A0070_3,A0070_4,68323,2026-05-12 17:03:00,Transfer
T0070_04,C0070,A0070_4,A0070_5,57459,2026-05-12 17:30:00,Transfer
T0070_05,C0070,A0070_5,A0070_6,40013,2026-05-12 17:57:00,Transfer
T0070_06,C0070,A0070_6,A0070_7,22825,2026-05-12 18:11:00,Transfer
T0071_01,C0071,A0071_1,A0071_2,94884,2026-04-09 17:48:00,Transfer
T0071_02,C0071,A0071_2,A0071_3,71165,2026-04-09 17:52:00,Transfer
T0071_03,C0071,A0071_3,A0071_4,40248,2026-04-09 18:15:00,Transfer
T0072_01,C0072,A0072_1,A0072_2,20450,2026-06-05 17:50:00,Transfer
T0072_02,C0072,A0072_2,A0072_3,14260,2026-06-05 17:59:00,Transfer
T0072_03,C0072,A0072_3,A0072_4,13432,2026-06-05 18:20:00,Transfer
T0072_04,C0072,A0072_4,A0072_5,11668,2026-06-05 18:23:00,Transfer
T0072_05,C0072,A0072_5,A0072_6,9203,2026-06-05 18:41:00,Transfer
T0073_01,C0073,A0073_1,A0073_2,77104,2026-07-04 02:21:00,Transfer
T0073_02,C0073,A0073_2,A0073_3,52081,2026-07-04 02:32:00,Transfer
T0073_03,C0073,A0073_3,A0073_4,37247,2026-07-04 02:47:00,Transfer
T0073_04,C0073,A0073_4,A0073_5,26599,2026-07-04 03:19:00,Transfer
T0074_01,C0074,A0074_1,A0074_2,29517,2026-05-13 07:29:00,Transfer
T0074_02,C0074,A0074_2,A0074_3,27537,2026-05-13 07:48:00,Transfer
T0074_03,C0074,A0074_3,A0074_4,21292,2026-05-13 08:04:00,Transfer
T0074_04,C0074,A0074_4,A0074_5,19729,2026-05-13 08:25:00,Transfer
T0074_05,C0074,A0074_5,A0074_6,16936,2026-05-13 08:40:00,Transfer
T0074_06,C0074,A0074_6,A0074_7,13990,2026-05-13 09:13:00,Transfer
T0075_01,C0075,A0075_1,A0075_2,133784,2026-08-28 09:48:00,Transfer
T0075_02,C0075,A0075_2,A0075_3,123510,2026-08-28 10:07:00,Transfer
T0075_03,C0075,A0075_3,A0075_4,74712,2026-08-28 10:24:00,Transfer
T0075_04,C0075,A0075_4,A0075_5,48337,2026-08-28 10:59:00,Transfer
T0075_05,C0075,A0075_5,A0075_6,30948,2026-08-28 11:15:00,Transfer
T0075_06,C0075,A0075_6,A0075_7,17671,2026-08-28 11:43:00,Transfer
T0076_01,C0076,A0076_1,A0076_2,111837,2026-06-24 04:58:00,Transfer
T0076_02,C0076,A0076_2,A0076_3,80204,2026-06-24 05:11:00,Transfer
T0076_03,C0076,A0076_3,A0076_4,74073,2026-06-24 05:15:00,Transfer
T0076_04,C0076,A0076_4,A0076_5,70285,2026-06-24 05:42:00,Transfer
T0076_05,C0076,A0076_5,A0076_6,60809,2026-06-24 05:55:00,Transfer
T0076_06,C0076,A0076_6,A0076_7,56226,2026-06-24 06:15:00,Transfer
T0077_01,C0077,A0077_1,A0077_2,32249,2026-06-04 04:10:00,Transfer
T0077_02,C0077,A0077_2,A0077_3,27937,2026-06-04 04:24:00,Transfer
T0077_03,C0077,A0077_3,A0077_4,17326,2026-06-04 04:51:00,Transfer
T0077_04,C0077,A0077_4,A0077_5,15260,2026-06-04 05:25:00,Transfer
T0077_05,C0077,A0077_5,A0077_6,10394,2026-06-04 05:52:00,Transfer
T0077_06,C0077,A0077_6,A0077_7,8499,2026-06-04 06:05:00,Transfer
T0078_01,C0078,A0078_1,A0078_2,72673,2026-03-05 00:32:00,Transfer
T0078_02,C0078,A0078_2,A0078_3,53498,2026-03-05 00:44:00,Transfer
T0078_03,C0078,A0078_3,A0078_4,38099,2026-03-05 01:18:00,Transfer
T0078_04,C0078,A0078_4,A0078_5,35022,2026-03-05 01:39:00,Transfer
T0079_01,C0079,A0079_1,A0079_2,380252,2026-08-29 10:20:00,Transfer
T0079_02,C0079,A0079_2,A0079_3,289068,2026-08-29 10:55:00,Transfer
T0079_03,C0079,A0079_3,A0079_4,240361,2026-08-29 11:01:00,Transfer
T0079_04,C0079,A0079_4,A0079_5,220386,2026-08-29 11:10:00,Transfer
T0080_01,C0080,A0080_1,A0080_2,28198,2026-05-10 07:32:00,Transfer
T0080_02,C0080,A0080_2,A0080_3,20194,2026-05-10 07:37:00,Transfer
T0080_03,C0080,A0080_3,A0080_4,15620,2026-05-10 07:58:00,Transfer
T0080_04,C0080,A0080_4,A0080_5,13110,2026-05-10 08:25:00,Transfer
T0081_01,C0081,A0081_1,A0081_2,32086,2026-02-25 20:26:00,Transfer
T0081_02,C0081,A0081_2,A0081_3,23404,2026-02-25 20:52:00,Transfer
T0081_03,C0081,A0081_3,A0081_4,16388,2026-02-25 21:02:00,Transfer
T0081_04,C0081,A0081_4,A0081_5,13297,2026-02-25 21:26:00,Transfer
T0081_05,C0081,A0081_5,A0081_6,7944,2026-02-25 21:53:00,Transfer
T0081_06,C0081,A0081_6,A0081_7,6049,2026-02-25 22:09:00,Transfer
T0082_01,C0082,A0082_1,A0082_2,159790,2026-04-29 23:17:00,Transfer
T0082_02,C0082,A0082_2,A0082_3,125847,2026-04-29 23:47:00,Transfer
T0082_03,C0082,A0082_3,A0082_4,99307,2026-04-29 23:52:00,Transfer
T0082_04,C0082,A0082_4,A0082_5,64340,2026-04-29 23:56:00,Transfer
T0082_05,C0082,A0082_5,A0082_6,45739,2026-04-30 00:12:00,Transfer
T0082_06,C0082,A0082_6,A0082_7,35031,2026-04-30 00:17:00,Transfer
T0083_01,C0083,A0083_1,A0083_2,172988,2026-03-01 20:16:00,Transfer
T0083_02,C0083,A0083_2,A0083_3,133605,2026-03-01 20:21:00,Transfer
T0083_03,C0083,A0083_3,A0083_4,125443,2026-03-01 20:47:00,Transfer
T0083_04,C0083,A0083_4,A0083_5,108423,2026-03-01 21:09:00,Transfer
T0084_01,C0084,A0084_1,A0084_2,136152,2026-03-18 13:15:00,Transfer
T0084_02,C0084,A0084_2,A0084_3,85957,2026-03-18 13:22:00,Transfer
T0084_03,C0084,A0084_3,A0084_4,78985,2026-03-18 13:47:00,Transfer
T0084_04,C0084,A0084_4,A0084_5,46363,2026-03-18 14:01:00,Transfer
T0085_01,C0085,A0085_1,A0085_2,76819,2026-06-04 20:52:00,Transfer
T0085_02,C0085,A0085_2,A0085_3,65200,2026-06-04 21:24:00,Transfer
T0085_03,C0085,A0085_3,A0085_4,59708,2026-06-04 21:39:00,Transfer
T0085_04,C0085,A0085_4,A0085_5,42312,2026-06-04 21:56:00,Transfer
T0086_01,C0086,A0086_1,A0086_2,38041,2026-04-08 16:14:00,Transfer
T0086_02,C0086,A0086_2,A0086_3,32201,2026-04-08 16:17:00,Transfer
T0086_03,C0086,A0086_3,A0086_4,21069,2026-04-08 16:45:00,Transfer
T0086_04,C0086,A0086_4,A0086_5,14075,2026-04-08 16:59:00,Transfer
T0086_05,C0086,A0086_5,A0086_6,9598,2026-04-08 17:25:00,Transfer
T0087_01,C0087,A0087_1,A0087_2,71413,2026-05-21 22:30:00,Transfer
T0087_02,C0087,A0087_2,A0087_3,66276,2026-05-21 22:35:00,Transfer
T0087_03,C0087,A0087_3,A0087_4,56714,2026-05-21 23:03:00,Transfer
T0087_04,C0087,A0087_4,A0087_5,34311,2026-05-21 23:19:00,Transfer
T0087_05,C0087,A0087_5,A0087_6,19803,2026-05-21 23:30:00,Transfer
T0087_06,C0087,A0087_6,A0087_7,10964,2026-05-22 00:04:00,Transfer
T0088_01,C0088,A0088_1,A0088_2,108862,2026-06-13 23:14:00,Transfer
T0088_02,C0088,A0088_2,A0088_3,64534,2026-06-13 23:22:00,Transfer
T0088_03,C0088,A0088_3,A0088_4,49029,2026-06-13 23:39:00,Transfer
T0088_04,C0088,A0088_4,A0088_5,30730,2026-06-14 00:14:00,Transfer
T0088_05,C0088,A0088_5,A0088_6,20004,2026-06-14 00:38:00,Transfer
T0088_06,C0088,A0088_6,A0088_7,13141,2026-06-14 01:05:00,Transfer
T0089_01,C0089,A0089_1,A0089_2,83982,2026-04-28 19:27:00,Transfer
T0089_02,C0089,A0089_2,A0089_3,62981,2026-04-28 19:56:00,Transfer
T0089_03,C0089,A0089_3,A0089_4,50886,2026-04-28 20:19:00,Transfer
T0089_04,C0089,A0089_4,A0089_5,39504,2026-04-28 20:27:00,Transfer
T0089_05,C0089,A0089_5,A0089_6,35866,2026-04-28 20:31:00,Transfer
T0090_01,C0090,A0090_1,A0090_2,75624,2026-06-27 19:34:00,Transfer
T0090_02,C0090,A0090_2,A0090_3,64348,2026-06-27 20:01:00,Transfer
T0090_03,C0090,A0090_3,A0090_4,59299,2026-06-27 20:22:00,Transfer
T0091_01,C0091,A0091_1,A0091_2,154661,2026-08-02 13:53:00,Transfer
T0091_02,C0091,A0091_2,A0091_3,86896,2026-08-02 14:12:00,Transfer
T0091_03,C0091,A0091_3,A0091_4,75027,2026-08-02 14:42:00,Transfer
T0091_04,C0091,A0091_4,A0091_5,55988,2026-08-02 15:06:00,Transfer
T0091_05,C0091,A0091_5,A0091_6,43178,2026-08-02 15:32:00,Transfer
T0091_06,C0091,A0091_6,A0091_7,31206,2026-08-02 15:58:00,Transfer
T0092_01,C0092,A0092_1,A0092_2,36279,2026-07-24 08:46:00,Transfer
T0092_02,C0092,A0092_2,A0092_3,21876,2026-07-24 08:59:00,Transfer
T0092_03,C0092,A0092_3,A0092_4,15803,2026-07-24 09:33:00,Transfer
T0092_04,C0092,A0092_4,A0092_5,11270,2026-07-24 09:36:00,Transfer
T0092_05,C0092,A0092_5,A0092_6,6602,2026-07-24 09:43:00,Transfer
T0093_01,C0093,A0093_1,A0093_2,48112,2026-08-10 13:44:00,Transfer
T0093_02,C0093,A0093_2,A0093_3,31772,2026-08-10 14:05:00,Transfer
T0093_03,C0093,A0093_3,A0093_4,23628,2026-08-10 14:11:00,Transfer
T0093_04,C0093,A0093_4,A0093_5,16408,2026-08-10 14:28:00,Transfer
T0093_05,C0093,A0093_5,A0093_6,13755,2026-08-10 15:01:00,Transfer
T0093_06,C0093,A0093_6,A0093_7,10832,2026-08-10 15:15:00,Transfer
T0094_01,C0094,A0094_1,A0094_2,136894,2026-01-02 14:05:00,Transfer
T0094_02,C0094,A0094_2,A0094_3,115531,2026-01-02 14:38:00,Transfer
T0094_03,C0094,A0094_3,A0094_4,108264,2026-01-02 14:55:00,Transfer
T0094_04,C0094,A0094_4,A0094_5,73657,2026-01-02 15:14:00,Transfer
T0094_05,C0094,A0094_5,A0094_6,64567,2026-01-02 15:41:00,Transfer
T0095_01,C0095,A0095_1,A0095_2,30762,2026-02-21 20:51:00,Transfer
T0095_02,C0095,A0095_2,A0095_3,19897,2026-02-21 21:02:00,Transfer
T0095_03,C0095,A0095_3,A0095_4,16635,2026-02-21 21:28:00,Transfer
T0096_01,C0096,A0096_1,A0096_2,43134,2026-05-03 20:10:00,Transfer
T0096_02,C0096,A0096_2,A0096_3,33441,2026-05-03 20:37:00,Transfer
T0096_03,C0096,A0096_3,A0096_4,31325,2026-05-03 21:00:00,Transfer
T0097_01,C0097,A0097_1,A0097_2,81810,2026-01-26 09:19:00,Transfer
T0097_02,C0097,A0097_2,A0097_3,59895,2026-01-26 09:34:00,Transfer
T0097_03,C0097,A0097_3,A0097_4,45427,2026-01-26 09:58:00,Transfer
T0097_04,C0097,A0097_4,A0097_5,33637,2026-01-26 10:28:00,Transfer
T0097_05,C0097,A0097_5,A0097_6,28214,2026-01-26 10:58:00,Transfer
T0097_06,C0097,A0097_6,A0097_7,19116,2026-01-26 11:19:00,Transfer
T0098_01,C0098,A0098_1,A0098_2,92599,2026-01-06 12:19:00,Transfer
T0098_02,C0098,A0098_2,A0098_3,65581,2026-01-06 12:33:00,Transfer
T0098_03,C0098,A0098_3,A0098_4,47862,2026-01-06 13:02:00,Transfer
T0098_04,C0098,A0098_4,A0098_5,33768,2026-01-06 13:17:00,Transfer
T0099_01,C0099,A0099_1,A0099_2,39175,2026-07-27 02:32:00,Transfer
T0099_02,C0099,A0099_2,A0099_3,26998,2026-07-27 03:03:00,Transfer
T0099_03,C0099,A0099_3,A0099_4,21515,2026-07-27 03:24:00,Transfer
T0099_04,C0099,A0099_4,A0099_5,19739,2026-07-27 03:31:00,Transfer
T0100_01,C0100,A0100_1,A0100_2,80875,2026-03-03 11:06:00,Transfer
T0100_02,C0100,A0100_2,A0100_3,53825,2026-03-03 11:19:00,Transfer
T0100_03,C0100,A0100_3,A0100_4,36376,2026-03-03 11:49:00,Transfer
T0100_04,C0100,A0100_4,A0100_5,29019,2026-03-03 12:13:00,Transfer
T0100_05,C0100,A0100_5,A0100_6,27009,2026-03-03 12:46:00,Transfer
T0101_01,C0101,A0101_1,A0101_2,114805,2026-05-24 17:56:00,Transfer
T0101_02,C0101,A0101_2,A0101_3,88387,2026-05-24 18:05:00,Transfer
T0101_03,C0101,A0101_3,A0101_4,68861,2026-05-24 18:24:00,Transfer
T0101_04,C0101,A0101_4,A0101_5,59223,2026-05-24 18:49:00,Transfer
T0101_05,C0101,A0101_5,A0101_6,45413,2026-05-24 18:53:00,Transfer
T0101_06,C0101,A0101_6,A0101_7,38782,2026-05-24 19:23:00,Transfer
T0102_01,C0102,A0102_1,A0102_2,212731,2026-01-27 23:01:00,Transfer
T0102_02,C0102,A0102_2,A0102_3,131125,2026-01-27 23:11:00,Transfer
T0102_03,C0102,A0102_3,A0102_4,113284,2026-01-27 23:26:00,Transfer
T0103_01,C0103,A0103_1,A0103_2,27588,2026-03-13 20:39:00,Transfer
T0103_02,C0103,A0103_2,A0103_3,17928,2026-03-13 21:01:00,Transfer
T0103_03,C0103,A0103_3,A0103_4,15801,2026-03-13 21:28:00,Transfer
T0103_04,C0103,A0103_4,A0103_5,11784,2026-03-13 21:47:00,Transfer
T0103_05,C0103,A0103_5,A0103_6,9440,2026-03-13 22:13:00,Transfer
T0104_01,C0104,A0104_1,A0104_2,107062,2026-08-14 03:59:00,Transfer
T0104_02,C0104,A0104_2,A0104_3,94208,2026-08-14 04:32:00,Transfer
T0104_03,C0104,A0104_3,A0104_4,61933,2026-08-14 04:52:00,Transfer
T0104_04,C0104,A0104_4,A0104_5,42430,2026-08-14 05:02:00,Transfer
T0104_05,C0104,A0104_5,A0104_6,32945,2026-08-14 05:35:00,Transfer
T0105_01,C0105,A0105_1,A0105_2,92645,2026-01-12 03:54:00,Transfer
T0105_02,C0105,A0105_2,A0105_3,54413,2026-01-12 04:19:00,Transfer
T0105_03,C0105,A0105_3,A0105_4,35376,2026-01-12 04:44:00,Transfer
T0106_01,C0106,A0106_1,A0106_2,138442,2026-01-14 14:13:00,Transfer
T0106_02,C0106,A0106_2,A0106_3,114576,2026-01-14 14:45:00,Transfer
T0106_03,C0106,A0106_3,A0106_4,66262,2026-01-14 15:11:00,Transfer
T0106_04,C0106,A0106_4,A0106_5,38811,2026-01-14 15:19:00,Transfer
T0106_05,C0106,A0106_5,A0106_6,22948,2026-01-14 15:44:00,Transfer
T0106_06,C0106,A0106_6,A0106_7,20708,2026-01-14 15:54:00,Transfer
T0107_01,C0107,A0107_1,A0107_2,170844,2026-08-12 05:18:00,Transfer
T0107_02,C0107,A0107_2,A0107_3,152731,2026-08-12 05:25:00,Transfer
T0107_03,C0107,A0107_3,A0107_4,138777,2026-08-12 05:35:00,Transfer
T0108_01,C0108,A0108_1,A0108_2,69093,2026-04-09 12:23:00,Transfer
T0108_02,C0108,A0108_2,A0108_3,43679,2026-04-09 12:57:00,Transfer
T0108_03,C0108,A0108_3,A0108_4,27319,2026-04-09 13:24:00,Transfer
T0108_04,C0108,A0108_4,A0108_5,18255,2026-04-09 13:29:00,Transfer
T0109_01,C0109,A0109_1,A0109_2,46079,2026-01-29 08:27:00,Transfer
T0109_02,C0109,A0109_2,A0109_3,25651,2026-01-29 08:33:00,Transfer
T0109_03,C0109,A0109_3,A0109_4,14249,2026-01-29 08:48:00,Transfer
T0110_01,C0110,A0110_1,A0110_2,46165,2026-07-22 14:01:00,Transfer
T0110_02,C0110,A0110_2,A0110_3,31118,2026-07-22 14:30:00,Transfer
T0110_03,C0110,A0110_3,A0110_4,26200,2026-07-22 14:47:00,Transfer
T0110_04,C0110,A0110_4,A0110_5,15016,2026-07-22 14:54:00,Transfer
T0110_05,C0110,A0110_5,A0110_6,13812,2026-07-22 15:03:00,Transfer
T0110_06,C0110,A0110_6,A0110_7,10101,2026-07-22 15:08:00,Transfer
T0111_01,C0111,A0111_1,A0111_2,537170,2026-07-09 06:19:00,Transfer
T0111_02,C0111,A0111_2,A0111_3,461199,2026-07-09 06:22:00,Transfer
T0111_03,C0111,A0111_3,A0111_4,315462,2026-07-09 06:51:00,Transfer
T0111_04,C0111,A0111_4,A0111_5,207823,2026-07-09 06:57:00,Transfer
T0112_01,C0112,A0112_1,A0112_2,146541,2026-06-10 02:49:00,Transfer
T0112_02,C0112,A0112_2,A0112_3,83178,2026-06-10 02:51:00,Transfer
T0112_03,C0112,A0112_3,A0112_4,53884,2026-06-10 03:23:00,Transfer
T0112_04,C0112,A0112_4,A0112_5,37481,2026-06-10 03:34:00,Transfer
T0112_05,C0112,A0112_5,A0112_6,23297,2026-06-10 03:38:00,Transfer
T0113_01,C0113,A0113_1,A0113_2,64616,2026-07-09 23:08:00,Transfer
T0113_02,C0113,A0113_2,A0113_3,37320,2026-07-09 23:39:00,Transfer
T0113_03,C0113,A0113_3,A0113_4,33454,2026-07-10 00:00:00,Transfer
T0113_04,C0113,A0113_4,A0113_5,22779,2026-07-10 00:31:00,Transfer
T0113_05,C0113,A0113_5,A0113_6,12601,2026-07-10 00:45:00,Transfer
T0114_01,C0114,A0114_1,A0114_2,84681,2026-07-09 21:31:00,Transfer
T0114_02,C0114,A0114_2,A0114_3,78786,2026-07-09 21:33:00,Transfer
T0114_03,C0114,A0114_3,A0114_4,67249,2026-07-09 21:59:00,Transfer
T0114_04,C0114,A0114_4,A0114_5,59824,2026-07-09 22:20:00,Transfer
T0114_05,C0114,A0114_5,A0114_6,35390,2026-07-09 22:55:00,Transfer
T0115_01,C0115,A0115_1,A0115_2,34047,2026-01-16 05:37:00,Transfer
T0115_02,C0115,A0115_2,A0115_3,19744,2026-01-16 05:42:00,Transfer
T0115_03,C0115,A0115_3,A0115_4,14294,2026-01-16 05:52:00,Transfer
T0116_01,C0116,A0116_1,A0116_2,52172,2026-03-22 13:53:00,Transfer
T0116_02,C0116,A0116_2,A0116_3,38125,2026-03-22 14:24:00,Transfer
T0116_03,C0116,A0116_3,A0116_4,25010,2026-03-22 14:33:00,Transfer
T0116_04,C0116,A0116_4,A0116_5,14660,2026-03-22 14:54:00,Transfer
T0116_05,C0116,A0116_5,A0116_6,12908,2026-03-22 14:58:00,Transfer
T0116_06,C0116,A0116_6,A0116_7,8209,2026-03-22 15:20:00,Transfer
T0117_01,C0117,A0117_1,A0117_2,57538,2026-04-02 13:53:00,Transfer
T0117_02,C0117,A0117_2,A0117_3,34654,2026-04-02 14:20:00,Transfer
T0117_03,C0117,A0117_3,A0117_4,24219,2026-04-02 14:27:00,Transfer
T0117_04,C0117,A0117_4,A0117_5,18961,2026-04-02 14:45:00,Transfer
T0117_05,C0117,A0117_5,A0117_6,17386,2026-04-02 14:51:00,Transfer
T0118_01,C0118,A0118_1,A0118_2,415953,2026-08-20 22:43:00,Transfer
T0118_02,C0118,A0118_2,A0118_3,342447,2026-08-20 22:56:00,Transfer
T0118_03,C0118,A0118_3,A0118_4,236828,2026-08-20 23:09:00,Transfer
T0119_01,C0119,A0119_1,A0119_2,15875,2026-02-08 01:23:00,Transfer
T0119_02,C0119,A0119_2,A0119_3,15013,2026-02-08 01:47:00,Transfer
T0119_03,C0119,A0119_3,A0119_4,11137,2026-02-08 02:20:00,Transfer
T0119_04,C0119,A0119_4,A0119_5,7657,2026-02-08 02:54:00,Transfer
T0119_05,C0119,A0119_5,A0119_6,5196,2026-02-08 03:13:00,Transfer
T0120_01,C0120,A0120_1,A0120_2,40750,2026-02-26 01:28:00,Transfer
T0120_02,C0120,A0120_2,A0120_3,25282,2026-02-26 01:50:00,Transfer
T0120_03,C0120,A0120_3,A0120_4,22058,2026-02-26 02:14:00,Transfer
T0120_04,C0120,A0120_4,A0120_5,20196,2026-02-26 02:17:00,Transfer
T0120_05,C0120,A0120_5,A0120_6,16790,2026-02-26 02:41:00,Transfer
T0120_06,C0120,A0120_6,A0120_7,15598,2026-02-26 02:52:00,Transfer
T0121_01,C0121,A0121_1,A0121_2,46285,2026-07-27 17:20:00,Transfer
T0121_02,C0121,A0121_2,A0121_3,38730,2026-07-27 17:42:00,Transfer
T0121_03,C0121,A0121_3,A0121_4,22224,2026-07-27 17:53:00,Transfer
T0121_04,C0121,A0121_4,A0121_5,17437,2026-07-27 18:04:00,Transfer
T0122_01,C0122,A0122_1,A0122_2,95752,2026-08-09 12:54:00,Transfer
T0122_02,C0122,A0122_2,A0122_3,67156,2026-08-09 13:14:00,Transfer
T0122_03,C0122,A0122_3,A0122_4,40356,2026-08-09 13:16:00,Transfer
T0122_04,C0122,A0122_4,A0122_5,37511,2026-08-09 13:43:00,Transfer
T0122_05,C0122,A0122_5,A0122_6,33396,2026-08-09 13:47:00,Transfer
T0122_06,C0122,A0122_6,A0122_7,20800,2026-08-09 14:09:00,Transfer
T0123_01,C0123,A0123_1,A0123_2,21228,2026-05-25 04:05:00,Transfer
T0123_02,C0123,A0123_2,A0123_3,13794,2026-05-25 04:11:00,Transfer
T0123_03,C0123,A0123_3,A0123_4,9520,2026-05-25 04:19:00,Transfer
T0123_04,C0123,A0123_4,A0123_5,7979,2026-05-25 04:24:00,Transfer
T0123_05,C0123,A0123_5,A0123_6,5620,2026-05-25 04:52:00,Transfer
T0124_01,C0124,A0124_1,A0124_2,45681,2026-04-07 12:25:00,Transfer
T0124_02,C0124,A0124_2,A0124_3,29895,2026-04-07 12:33:00,Transfer
T0124_03,C0124,A0124_3,A0124_4,17329,2026-04-07 12:45:00,Transfer
T0125_01,C0125,A0125_1,A0125_2,293024,2026-05-21 03:37:00,Transfer
T0125_02,C0125,A0125_2,A0125_3,238591,2026-05-21 03:58:00,Transfer
T0125_03,C0125,A0125_3,A0125_4,153895,2026-05-21 04:03:00,Transfer
T0126_01,C0126,A0126_1,A0126_2,22549,2026-05-06 05:43:00,Transfer
T0126_02,C0126,A0126_2,A0126_3,21214,2026-05-06 06:15:00,Transfer
T0126_03,C0126,A0126_3,A0126_4,18827,2026-05-06 06:36:00,Transfer
T0127_01,C0127,A0127_1,A0127_2,333398,2026-06-19 09:14:00,Transfer
T0127_02,C0127,A0127_2,A0127_3,194798,2026-06-19 09:38:00,Transfer
T0127_03,C0127,A0127_3,A0127_4,170111,2026-06-19 10:06:00,Transfer
T0127_04,C0127,A0127_4,A0127_5,159612,2026-06-19 10:22:00,Transfer
T0128_01,C0128,A0128_1,A0128_2,17737,2026-07-29 18:27:00,Transfer
T0128_02,C0128,A0128_2,A0128_3,10981,2026-07-29 18:39:00,Transfer
T0128_03,C0128,A0128_3,A0128_4,10309,2026-07-29 18:53:00,Transfer
T0128_04,C0128,A0128_4,A0128_5,6190,2026-07-29 19:22:00,Transfer
T0129_01,C0129,A0129_1,A0129_2,237692,2026-02-21 21:52:00,Transfer
T0129_02,C0129,A0129_2,A0129_3,170134,2026-02-21 22:03:00,Transfer
T0129_03,C0129,A0129_3,A0129_4,132132,2026-02-21 22:11:00,Transfer
T0129_04,C0129,A0129_4,A0129_5,121557,2026-02-21 22:19:00,Transfer
T0129_05,C0129,A0129_5,A0129_6,105061,2026-02-21 22:43:00,Transfer
T0130_01,C0130,A0130_1,A0130_2,129193,2026-05-05 20:09:00,Transfer
T0130_02,C0130,A0130_2,A0130_3,106739,2026-05-05 20:14:00,Transfer
T0130_03,C0130,A0130_3,A0130_4,90546,2026-05-05 20:33:00,Transfer
T0131_01,C0131,A0131_1,A0131_2,34617,2026-07-23 10:57:00,Transfer
T0131_02,C0131,A0131_2,A0131_3,29299,2026-07-23 11:32:00,Transfer
T0131_03,C0131,A0131_3,A0131_4,26277,2026-07-23 11:37:00,Transfer
T0131_04,C0131,A0131_4,A0131_5,19868,2026-07-23 11:49:00,Transfer
T0131_05,C0131,A0131_5,A0131_6,11448,2026-07-23 12:23:00,Transfer
T0131_06,C0131,A0131_6,A0131_7,8143,2026-07-23 12:58:00,Transfer
T0132_01,C0132,A0132_1,A0132_2,6151,2026-08-13 07:14:00,Transfer
T0132_02,C0132,A0132_2,A0132_3,4299,2026-08-13 07:44:00,Transfer
T0132_03,C0132,A0132_3,A0132_4,2669,2026-08-13 08:16:00,Transfer
T0133_01,C0133,A0133_1,A0133_2,53731,2026-02-11 09:26:00,Transfer
T0133_02,C0133,A0133_2,A0133_3,40583,2026-02-11 09:28:00,Transfer
T0133_03,C0133,A0133_3,A0133_4,30016,2026-02-11 09:38:00,Transfer
T0134_01,C0134,A0134_1,A0134_2,204095,2026-01-03 08:09:00,Transfer
T0134_02,C0134,A0134_2,A0134_3,158088,2026-01-03 08:29:00,Transfer
T0134_03,C0134,A0134_3,A0134_4,105822,2026-01-03 08:37:00,Transfer
T0134_04,C0134,A0134_4,A0134_5,78593,2026-01-03 09:00:00,Transfer
T0134_05,C0134,A0134_5,A0134_6,74297,2026-01-03 09:22:00,Transfer
T0135_01,C0135,A0135_1,A0135_2,66737,2026-08-17 22:50:00,Transfer
T0135_02,C0135,A0135_2,A0135_3,60915,2026-08-17 23:17:00,Transfer
T0135_03,C0135,A0135_3,A0135_4,42963,2026-08-17 23:21:00,Transfer
T0135_04,C0135,A0135_4,A0135_5,33649,2026-08-17 23:35:00,Transfer
T0136_01,C0136,A0136_1,A0136_2,294209,2026-06-25 18:45:00,Transfer
T0136_02,C0136,A0136_2,A0136_3,238831,2026-06-25 19:01:00,Transfer
T0136_03,C0136,A0136_3,A0136_4,165298,2026-06-25 19:22:00,Transfer
T0136_04,C0136,A0136_4,A0136_5,118715,2026-06-25 19:45:00,Transfer
T0136_05,C0136,A0136_5,A0136_6,82942,2026-06-25 20:05:00,Transfer
T0137_01,C0137,A0137_1,A0137_2,171563,2026-01-14 21:59:00,Transfer
T0137_02,C0137,A0137_2,A0137_3,147814,2026-01-14 22:32:00,Transfer
T0137_03,C0137,A0137_3,A0137_4,100964,2026-01-14 22:45:00,Transfer
T0137_04,C0137,A0137_4,A0137_5,68187,2026-01-14 22:50:00,Transfer
T0137_05,C0137,A0137_5,A0137_6,37631,2026-01-14 23:09:00,Transfer
T0137_06,C0137,A0137_6,A0137_7,23848,2026-01-14 23:21:00,Transfer
T0138_01,C0138,A0138_1,A0138_2,36512,2026-07-21 03:20:00,Transfer
T0138_02,C0138,A0138_2,A0138_3,23386,2026-07-21 03:44:00,Transfer
T0138_03,C0138,A0138_3,A0138_4,15781,2026-07-21 03:52:00,Transfer
T0138_04,C0138,A0138_4,A0138_5,11100,2026-07-21 04:13:00,Transfer
T0138_05,C0138,A0138_5,A0138_6,6846,2026-07-21 04:17:00,Transfer
T0138_06,C0138,A0138_6,A0138_7,4581,2026-07-21 04:37:00,Transfer
T0139_01,C0139,A0139_1,A0139_2,72420,2026-05-15 12:15:00,Transfer
T0139_02,C0139,A0139_2,A0139_3,60430,2026-05-15 12:19:00,Transfer
T0139_03,C0139,A0139_3,A0139_4,42305,2026-05-15 12:37:00,Transfer
T0139_04,C0139,A0139_4,A0139_5,36318,2026-05-15 12:42:00,Transfer
T0139_05,C0139,A0139_5,A0139_6,28602,2026-05-15 12:47:00,Transfer
T0140_01,C0140,A0140_1,A0140_2,69577,2026-01-06 02:07:00,Transfer
T0140_02,C0140,A0140_2,A0140_3,49923,2026-01-06 02:15:00,Transfer
T0140_03,C0140,A0140_3,A0140_4,37673,2026-01-06 02:24:00,Transfer
T0140_04,C0140,A0140_4,A0140_5,24980,2026-01-06 02:32:00,Transfer
T0140_05,C0140,A0140_5,A0140_6,18712,2026-01-06 02:46:00,Transfer
T0140_06,C0140,A0140_6,A0140_7,16114,2026-01-06 03:21:00,Transfer
T0141_01,C0141,A0141_1,A0141_2,101816,2026-03-17 06:09:00,Transfer
T0141_02,C0141,A0141_2,A0141_3,59055,2026-03-17 06:17:00,Transfer
T0141_03,C0141,A0141_3,A0141_4,53852,2026-03-17 06:33:00,Transfer
T0141_04,C0141,A0141_4,A0141_5,39457,2026-03-17 06:53:00,Transfer
T0142_01,C0142,A0142_1,A0142_2,322873,2026-07-28 06:30:00,Transfer
T0142_02,C0142,A0142_2,A0142_3,291034,2026-07-28 06:37:00,Transfer
T0142_03,C0142,A0142_3,A0142_4,203446,2026-07-28 07:00:00,Transfer
T0142_04,C0142,A0142_4,A0142_5,126776,2026-07-28 07:27:00,Transfer
T0142_05,C0142,A0142_5,A0142_6,90023,2026-07-28 07:58:00,Transfer
T0143_01,C0143,A0143_1,A0143_2,342952,2026-08-06 17:02:00,Transfer
T0143_02,C0143,A0143_2,A0143_3,295509,2026-08-06 17:05:00,Transfer
T0143_03,C0143,A0143_3,A0143_4,264489,2026-08-06 17:15:00,Transfer
T0144_01,C0144,A0144_1,A0144_2,83353,2026-08-16 14:35:00,Transfer
T0144_02,C0144,A0144_2,A0144_3,63151,2026-08-16 14:43:00,Transfer
T0144_03,C0144,A0144_3,A0144_4,45666,2026-08-16 15:00:00,Transfer
T0145_01,C0145,A0145_1,A0145_2,80927,2026-06-14 13:40:00,Transfer
T0145_02,C0145,A0145_2,A0145_3,46139,2026-06-14 13:56:00,Transfer
T0145_03,C0145,A0145_3,A0145_4,35536,2026-06-14 14:22:00,Transfer
T0146_01,C0146,A0146_1,A0146_2,60527,2026-04-28 15:26:00,Transfer
T0146_02,C0146,A0146_2,A0146_3,53285,2026-04-28 15:47:00,Transfer
T0146_03,C0146,A0146_3,A0146_4,48278,2026-04-28 16:02:00,Transfer
T0147_01,C0147,A0147_1,A0147_2,43189,2026-03-29 12:57:00,Transfer
T0147_02,C0147,A0147_2,A0147_3,33215,2026-03-29 13:22:00,Transfer
T0147_03,C0147,A0147_3,A0147_4,27596,2026-03-29 13:26:00,Transfer
T0147_04,C0147,A0147_4,A0147_5,25077,2026-03-29 13:59:00,Transfer
T0147_05,C0147,A0147_5,A0147_6,15201,2026-03-29 14:27:00,Transfer
T0147_06,C0147,A0147_6,A0147_7,9010,2026-03-29 14:41:00,Transfer
T0148_01,C0148,A0148_1,A0148_2,124480,2026-04-11 07:30:00,Transfer
T0148_02,C0148,A0148_2,A0148_3,94871,2026-04-11 07:35:00,Transfer
T0148_03,C0148,A0148_3,A0148_4,73173,2026-04-11 08:04:00,Transfer
T0148_04,C0148,A0148_4,A0148_5,64796,2026-04-11 08:36:00,Transfer
T0148_05,C0148,A0148_5,A0148_6,59596,2026-04-11 08:49:00,Transfer
T0149_01,C0149,A0149_1,A0149_2,137513,2026-07-28 05:03:00,Transfer
T0149_02,C0149,A0149_2,A0149_3,114788,2026-07-28 05:18:00,Transfer
T0149_03,C0149,A0149_3,A0149_4,72357,2026-07-28 05:38:00,Transfer
T0149_04,C0149,A0149_4,A0149_5,59668,2026-07-28 05:48:00,Transfer
T0149_05,C0149,A0149_5,A0149_6,56239,2026-07-28 06:01:00,Transfer
T0150_01,C0150,A0150_1,A0150_2,125847,2026-03-24 04:17:00,Transfer
T0150_02,C0150,A0150_2,A0150_3,118725,2026-03-24 04:35:00,Transfer
T0150_03,C0150,A0150_3,A0150_4,72252,2026-03-24 04:40:00,Transfer
T0150_04,C0150,A0150_4,A0150_5,59697,2026-03-24 05:00:00,Transfer
T0150_05,C0150,A0150_5,A0150_6,37704,2026-03-24 05:04:00,Transfer
T0150_06,C0150,A0150_6,A0150_7,26146,2026-03-24 05:34:00,Transfer
T0151_01,C0151,A0151_1,A0151_2,28603,2026-07-09 19:32:00,Transfer
T0151_02,C0151,A0151_2,A0151_3,18055,2026-07-09 20:02:00,Transfer
T0151_03,C0151,A0151_3,A0151_4,15924,2026-07-09 20:27:00,Transfer
T0151_04,C0151,A0151_4,A0151_5,13567,2026-07-09 20:41:00,Transfer
T0152_01,C0152,A0152_1,A0152_2,100409,2026-03-17 16:01:00,Transfer
T0152_02,C0152,A0152_2,A0152_3,83728,2026-03-17 16:12:00,Transfer
T0152_03,C0152,A0152_3,A0152_4,47388,2026-03-17 16:34:00,Transfer
T0152_04,C0152,A0152_4,A0152_5,37377,2026-03-17 16:55:00,Transfer
T0153_01,C0153,A0153_1,A0153_2,80180,2026-04-02 03:01:00,Transfer
T0153_02,C0153,A0153_2,A0153_3,55670,2026-04-02 03:16:00,Transfer
T0153_03,C0153,A0153_3,A0153_4,51779,2026-04-02 03:51:00,Transfer
T0153_04,C0153,A0153_4,A0153_5,38313,2026-04-02 03:53:00,Transfer
T0154_01,C0154,A0154_1,A0154_2,244240,2026-03-03 22:39:00,Transfer
T0154_02,C0154,A0154_2,A0154_3,184577,2026-03-03 23:13:00,Transfer
T0154_03,C0154,A0154_3,A0154_4,134413,2026-03-03 23:17:00,Transfer
T0155_01,C0155,A0155_1,A0155_2,136981,2026-03-24 18:03:00,Transfer
T0155_02,C0155,A0155_2,A0155_3,104804,2026-03-24 18:32:00,Transfer
T0155_03,C0155,A0155_3,A0155_4,84747,2026-03-24 18:38:00,Transfer
T0155_04,C0155,A0155_4,A0155_5,71929,2026-03-24 18:49:00,Transfer
T0156_01,C0156,A0156_1,A0156_2,56842,2026-01-10 03:41:00,Transfer
T0156_02,C0156,A0156_2,A0156_3,46571,2026-01-10 03:43:00,Transfer
T0156_03,C0156,A0156_3,A0156_4,37562,2026-01-10 03:49:00,Transfer
T0156_04,C0156,A0156_4,A0156_5,32017,2026-01-10 03:53:00,Transfer
T0157_01,C0157,A0157_1,A0157_2,168132,2026-08-26 17:44:00,Transfer
T0157_02,C0157,A0157_2,A0157_3,157044,2026-08-26 17:55:00,Transfer
T0157_03,C0157,A0157_3,A0157_4,105097,2026-08-26 18:20:00,Transfer
T0157_04,C0157,A0157_4,A0157_5,98050,2026-08-26 18:22:00,Transfer
T0157_05,C0157,A0157_5,A0157_6,75636,2026-08-26 18:33:00,Transfer
T0158_01,C0158,A0158_1,A0158_2,178378,2026-06-02 13:51:00,Transfer
T0158_02,C0158,A0158_2,A0158_3,145982,2026-06-02 13:56:00,Transfer
T0158_03,C0158,A0158_3,A0158_4,130005,2026-06-02 14:27:00,Transfer
T0158_04,C0158,A0158_4,A0158_5,105027,2026-06-02 14:33:00,Transfer
T0158_05,C0158,A0158_5,A0158_6,69975,2026-06-02 14:39:00,Transfer
T0159_01,C0159,A0159_1,A0159_2,142770,2026-05-29 17:00:00,Transfer
T0159_02,C0159,A0159_2,A0159_3,110821,2026-05-29 17:25:00,Transfer
T0159_03,C0159,A0159_3,A0159_4,96755,2026-05-29 17:54:00,Transfer
T0159_04,C0159,A0159_4,A0159_5,59741,2026-05-29 18:16:00,Transfer
T0160_01,C0160,A0160_1,A0160_2,114923,2026-07-09 22:07:00,Transfer
T0160_02,C0160,A0160_2,A0160_3,104179,2026-07-09 22:21:00,Transfer
T0160_03,C0160,A0160_3,A0160_4,68267,2026-07-09 22:27:00,Transfer
T0160_04,C0160,A0160_4,A0160_5,57410,2026-07-09 22:30:00,Transfer
T0160_05,C0160,A0160_5,A0160_6,51085,2026-07-09 22:33:00,Transfer
T0161_01,C0161,A0161_1,A0161_2,88083,2026-06-01 07:30:00,Transfer
T0161_02,C0161,A0161_2,A0161_3,75124,2026-06-01 07:40:00,Transfer
T0161_03,C0161,A0161_3,A0161_4,54726,2026-06-01 07:53:00,Transfer
T0161_04,C0161,A0161_4,A0161_5,42497,2026-06-01 08:04:00,Transfer
T0161_05,C0161,A0161_5,A0161_6,35883,2026-06-01 08:36:00,Transfer
T0161_06,C0161,A0161_6,A0161_7,33215,2026-06-01 08:40:00,Transfer
T0162_01,C0162,A0162_1,A0162_2,30726,2026-01-17 09:49:00,Transfer
T0162_02,C0162,A0162_2,A0162_3,24686,2026-01-17 10:08:00,Transfer
T0162_03,C0162,A0162_3,A0162_4,21821,2026-01-17 10:26:00,Transfer
T0163_01,C0163,A0163_1,A0163_2,33570,2026-04-07 22:31:00,Transfer
T0163_02,C0163,A0163_2,A0163_3,24370,2026-04-07 22:47:00,Transfer
T0163_03,C0163,A0163_3,A0163_4,14154,2026-04-07 23:06:00,Transfer
T0164_01,C0164,A0164_1,A0164_2,151828,2026-04-03 20:48:00,Transfer
T0164_02,C0164,A0164_2,A0164_3,91687,2026-04-03 21:22:00,Transfer
T0164_03,C0164,A0164_3,A0164_4,51865,2026-04-03 21:33:00,Transfer
T0164_04,C0164,A0164_4,A0164_5,29685,2026-04-03 21:51:00,Transfer
T0164_05,C0164,A0164_5,A0164_6,27279,2026-04-03 22:26:00,Transfer
T0164_06,C0164,A0164_6,A0164_7,25459,2026-04-03 22:29:00,Transfer
T0165_01,C0165,A0165_1,A0165_2,151401,2026-01-22 07:42:00,Transfer
T0165_02,C0165,A0165_2,A0165_3,97188,2026-01-22 08:08:00,Transfer
T0165_03,C0165,A0165_3,A0165_4,58593,2026-01-22 08:11:00,Transfer
T0165_04,C0165,A0165_4,A0165_5,36968,2026-01-22 08:45:00,Transfer
T0165_05,C0165,A0165_5,A0165_6,30452,2026-01-22 08:56:00,Transfer
T0165_06,C0165,A0165_6,A0165_7,24124,2026-01-22 09:09:00,Transfer
T0166_01,C0166,A0166_1,A0166_2,71127,2026-01-10 18:31:00,Transfer
T0166_02,C0166,A0166_2,A0166_3,58968,2026-01-10 19:00:00,Transfer
T0166_03,C0166,A0166_3,A0166_4,37845,2026-01-10 19:32:00,Transfer
T0167_01,C0167,A0167_1,A0167_2,63446,2026-07-26 00:07:00,Transfer
T0167_02,C0167,A0167_2,A0167_3,44412,2026-07-26 00:22:00,Transfer
T0167_03,C0167,A0167_3,A0167_4,36644,2026-07-26 00:44:00,Transfer
T0167_04,C0167,A0167_4,A0167_5,26146,2026-07-26 00:52:00,Transfer
T0167_05,C0167,A0167_5,A0167_6,15999,2026-07-26 01:10:00,Transfer
T0167_06,C0167,A0167_6,A0167_7,10471,2026-07-26 01:39:00,Transfer
T0168_01,C0168,A0168_1,A0168_2,158965,2026-06-24 13:55:00,Transfer
T0168_02,C0168,A0168_2,A0168_3,93807,2026-06-24 14:29:00,Transfer
T0168_03,C0168,A0168_3,A0168_4,66624,2026-06-24 14:52:00,Transfer
T0168_04,C0168,A0168_4,A0168_5,57985,2026-06-24 14:57:00,Transfer
T0168_05,C0168,A0168_5,A0168_6,35619,2026-06-24 14:59:00,Transfer
T0168_06,C0168,A0168_6,A0168_7,31050,2026-06-24 15:10:00,Transfer
T0169_01,C0169,A0169_1,A0169_2,37486,2026-01-23 02:43:00,Transfer
T0169_02,C0169,A0169_2,A0169_3,33371,2026-01-23 03:18:00,Transfer
T0169_03,C0169,A0169_3,A0169_4,22171,2026-01-23 03:22:00,Transfer
T0169_04,C0169,A0169_4,A0169_5,19146,2026-01-23 03:56:00,Transfer
T0169_05,C0169,A0169_5,A0169_6,14480,2026-01-23 04:12:00,Transfer
T0170_01,C0170,A0170_1,A0170_2,127688,2026-04-03 08:34:00,Transfer
T0170_02,C0170,A0170_2,A0170_3,107316,2026-04-03 08:58:00,Transfer
T0170_03,C0170,A0170_3,A0170_4,73939,2026-04-03 09:17:00,Transfer
T0171_01,C0171,A0171_1,A0171_2,42873,2026-04-27 14:24:00,Transfer
T0171_02,C0171,A0171_2,A0171_3,33238,2026-04-27 14:41:00,Transfer
T0171_03,C0171,A0171_3,A0171_4,28351,2026-04-27 15:12:00,Transfer
T0171_04,C0171,A0171_4,A0171_5,23322,2026-04-27 15:15:00,Transfer
T0171_05,C0171,A0171_5,A0171_6,17323,2026-04-27 15:33:00,Transfer
T0172_01,C0172,A0172_1,A0172_2,90095,2026-02-26 23:38:00,Transfer
T0172_02,C0172,A0172_2,A0172_3,57428,2026-02-26 23:57:00,Transfer
T0172_03,C0172,A0172_3,A0172_4,35784,2026-02-27 00:11:00,Transfer
T0172_04,C0172,A0172_4,A0172_5,26823,2026-02-27 00:25:00,Transfer
T0172_05,C0172,A0172_5,A0172_6,17272,2026-02-27 00:42:00,Transfer
T0172_06,C0172,A0172_6,A0172_7,15529,2026-02-27 00:57:00,Transfer
T0173_01,C0173,A0173_1,A0173_2,54763,2026-08-03 21:53:00,Transfer
T0173_02,C0173,A0173_2,A0173_3,49793,2026-08-03 22:12:00,Transfer
T0173_03,C0173,A0173_3,A0173_4,37161,2026-08-03 22:46:00,Transfer
T0174_01,C0174,A0174_1,A0174_2,25733,2026-05-28 04:51:00,Transfer
T0174_02,C0174,A0174_2,A0174_3,20133,2026-05-28 05:13:00,Transfer
T0174_03,C0174,A0174_3,A0174_4,13985,2026-05-28 05:31:00,Transfer
T0174_04,C0174,A0174_4,A0174_5,8738,2026-05-28 05:49:00,Transfer
T0174_05,C0174,A0174_5,A0174_6,5634,2026-05-28 06:21:00,Transfer
T0174_06,C0174,A0174_6,A0174_7,5258,2026-05-28 06:44:00,Transfer
T0175_01,C0175,A0175_1,A0175_2,35370,2026-02-23 14:44:00,Transfer
T0175_02,C0175,A0175_2,A0175_3,26145,2026-02-23 14:46:00,Transfer
T0175_03,C0175,A0175_3,A0175_4,16226,2026-02-23 15:19:00,Transfer
T0175_04,C0175,A0175_4,A0175_5,9797,2026-02-23 15:54:00,Transfer
T0175_05,C0175,A0175_5,A0175_6,7480,2026-02-23 16:16:00,Transfer
T0175_06,C0175,A0175_6,A0175_7,6463,2026-02-23 16:37:00,Transfer
T0176_01,C0176,A0176_1,A0176_2,99274,2026-01-13 14:07:00,Transfer
T0176_02,C0176,A0176_2,A0176_3,68266,2026-01-13 14:35:00,Transfer
T0176_03,C0176,A0176_3,A0176_4,40856,2026-01-13 14:49:00,Transfer
T0177_01,C0177,A0177_1,A0177_2,142739,2026-05-18 06:37:00,Transfer
T0177_02,C0177,A0177_2,A0177_3,126974,2026-05-18 06:43:00,Transfer
T0177_03,C0177,A0177_3,A0177_4,73853,2026-05-18 07:06:00,Transfer
T0177_04,C0177,A0177_4,A0177_5,47360,2026-05-18 07:28:00,Transfer
T0177_05,C0177,A0177_5,A0177_6,38418,2026-05-18 07:47:00,Transfer
T0178_01,C0178,A0178_1,A0178_2,57933,2026-08-16 15:49:00,Transfer
T0178_02,C0178,A0178_2,A0178_3,44572,2026-08-16 15:52:00,Transfer
T0178_03,C0178,A0178_3,A0178_4,38259,2026-08-16 16:27:00,Transfer
T0178_04,C0178,A0178_4,A0178_5,32749,2026-08-16 16:34:00,Transfer
T0178_05,C0178,A0178_5,A0178_6,19373,2026-08-16 16:45:00,Transfer
T0178_06,C0178,A0178_6,A0178_7,11308,2026-08-16 17:11:00,Transfer
T0179_01,C0179,A0179_1,A0179_2,59516,2026-03-14 15:37:00,Transfer
T0179_02,C0179,A0179_2,A0179_3,46799,2026-03-14 16:08:00,Transfer
T0179_03,C0179,A0179_3,A0179_4,37552,2026-03-14 16:37:00,Transfer
T0179_04,C0179,A0179_4,A0179_5,28516,2026-03-14 16:58:00,Transfer
T0180_01,C0180,A0180_1,A0180_2,120236,2026-07-26 03:53:00,Transfer
T0180_02,C0180,A0180_2,A0180_3,80539,2026-07-26 04:22:00,Transfer
T0180_03,C0180,A0180_3,A0180_4,70003,2026-07-26 04:38:00,Transfer
T0180_04,C0180,A0180_4,A0180_5,60812,2026-07-26 05:03:00,Transfer
T0180_05,C0180,A0180_5,A0180_6,38033,2026-07-26 05:32:00,Transfer
T0181_01,C0181,A0181_1,A0181_2,122628,2026-07-08 22:33:00,Transfer
T0181_02,C0181,A0181_2,A0181_3,87698,2026-07-08 22:39:00,Transfer
T0181_03,C0181,A0181_3,A0181_4,54632,2026-07-08 22:59:00,Transfer
T0181_04,C0181,A0181_4,A0181_5,32459,2026-07-08 23:30:00,Transfer
T0182_01,C0182,A0182_1,A0182_2,77076,2026-06-09 17:20:00,Transfer
T0182_02,C0182,A0182_2,A0182_3,45172,2026-06-09 17:22:00,Transfer
T0182_03,C0182,A0182_3,A0182_4,33762,2026-06-09 17:45:00,Transfer
T0183_01,C0183,A0183_1,A0183_2,104004,2026-05-08 13:00:00,Transfer
T0183_02,C0183,A0183_2,A0183_3,73210,2026-05-08 13:30:00,Transfer
T0183_03,C0183,A0183_3,A0183_4,47503,2026-05-08 13:34:00,Transfer
T0183_04,C0183,A0183_4,A0183_5,29911,2026-05-08 13:42:00,Transfer
T0183_05,C0183,A0183_5,A0183_6,22686,2026-05-08 13:57:00,Transfer
T0184_01,C0184,A0184_1,A0184_2,96085,2026-03-21 11:33:00,Transfer
T0184_02,C0184,A0184_2,A0184_3,53425,2026-03-21 11:52:00,Transfer
T0184_03,C0184,A0184_3,A0184_4,41878,2026-03-21 12:19:00,Transfer
T0185_01,C0185,A0185_1,A0185_2,89802,2026-05-29 23:49:00,Transfer
T0185_02,C0185,A0185_2,A0185_3,53910,2026-05-30 00:05:00,Transfer
T0185_03,C0185,A0185_3,A0185_4,36480,2026-05-30 00:29:00,Transfer
T0185_04,C0185,A0185_4,A0185_5,31818,2026-05-30 00:59:00,Transfer
T0185_05,C0185,A0185_5,A0185_6,26831,2026-05-30 01:02:00,Transfer
T0186_01,C0186,A0186_1,A0186_2,62629,2026-02-04 09:28:00,Transfer
T0186_02,C0186,A0186_2,A0186_3,38329,2026-02-04 09:48:00,Transfer
T0186_03,C0186,A0186_3,A0186_4,33643,2026-02-04 10:13:00,Transfer
T0186_04,C0186,A0186_4,A0186_5,24614,2026-02-04 10:47:00,Transfer
T0186_05,C0186,A0186_5,A0186_6,17269,2026-02-04 11:00:00,Transfer
T0186_06,C0186,A0186_6,A0186_7,15596,2026-02-04 11:25:00,Transfer
T0187_01,C0187,A0187_1,A0187_2,242426,2026-07-04 02:21:00,Transfer
T0187_02,C0187,A0187_2,A0187_3,137579,2026-07-04 02:31:00,Transfer
T0187_03,C0187,A0187_3,A0187_4,85499,2026-07-04 02:35:00,Transfer
T0187_04,C0187,A0187_4,A0187_5,53935,2026-07-04 03:08:00,Transfer
T0188_01,C0188,A0188_1,A0188_2,487320,2026-06-14 13:37:00,Transfer
T0188_02,C0188,A0188_2,A0188_3,338380,2026-06-14 14:05:00,Transfer
T0188_03,C0188,A0188_3,A0188_4,297371,2026-06-14 14:10:00,Transfer
T0189_01,C0189,A0189_1,A0189_2,155403,2026-07-07 03:00:00,Transfer
T0189_02,C0189,A0189_2,A0189_3,131850,2026-07-07 03:24:00,Transfer
T0189_03,C0189,A0189_3,A0189_4,108090,2026-07-07 03:53:00,Transfer
T0189_04,C0189,A0189_4,A0189_5,97619,2026-07-07 04:05:00,Transfer
T0190_01,C0190,A0190_1,A0190_2,493665,2026-03-28 22:59:00,Transfer
T0190_02,C0190,A0190_2,A0190_3,342605,2026-03-28 23:29:00,Transfer
T0190_03,C0190,A0190_3,A0190_4,249759,2026-03-28 23:56:00,Transfer
T0190_04,C0190,A0190_4,A0190_5,137386,2026-03-29 00:00:00,Transfer
T0190_05,C0190,A0190_5,A0190_6,129580,2026-03-29 00:03:00,Transfer
T0191_01,C0191,A0191_1,A0191_2,28864,2026-03-19 00:43:00,Transfer
T0191_02,C0191,A0191_2,A0191_3,17677,2026-03-19 01:01:00,Transfer
T0191_03,C0191,A0191_3,A0191_4,12317,2026-03-19 01:18:00,Transfer
T0191_04,C0191,A0191_4,A0191_5,7922,2026-03-19 01:39:00,Transfer
T0192_01,C0192,A0192_1,A0192_2,16798,2026-08-23 07:52:00,Transfer
T0192_02,C0192,A0192_2,A0192_3,11576,2026-08-23 08:21:00,Transfer
T0192_03,C0192,A0192_3,A0192_4,8295,2026-08-23 08:30:00,Transfer
T0192_04,C0192,A0192_4,A0192_5,7448,2026-08-23 08:46:00,Transfer
T0192_05,C0192,A0192_5,A0192_6,6323,2026-08-23 08:48:00,Transfer
T0192_06,C0192,A0192_6,A0192_7,5080,2026-08-23 09:14:00,Transfer
T0193_01,C0193,A0193_1,A0193_2,36279,2026-03-23 19:08:00,Transfer
T0193_02,C0193,A0193_2,A0193_3,22101,2026-03-23 19:31:00,Transfer
T0193_03,C0193,A0193_3,A0193_4,12885,2026-03-23 19:36:00,Transfer
T0193_04,C0193,A0193_4,A0193_5,9911,2026-03-23 19:54:00,Transfer
T0193_05,C0193,A0193_5,A0193_6,5788,2026-03-23 20:28:00,Transfer
T0194_01,C0194,A0194_1,A0194_2,78210,2026-07-15 05:09:00,Transfer
T0194_02,C0194,A0194_2,A0194_3,56265,2026-07-15 05:33:00,Transfer
T0194_03,C0194,A0194_3,A0194_4,35232,2026-07-15 05:57:00,Transfer
T0194_04,C0194,A0194_4,A0194_5,27746,2026-07-15 06:00:00,Transfer
T0194_05,C0194,A0194_5,A0194_6,23802,2026-07-15 06:12:00,Transfer
T0194_06,C0194,A0194_6,A0194_7,22494,2026-07-15 06:42:00,Transfer
T0195_01,C0195,A0195_1,A0195_2,147015,2026-08-25 08:10:00,Transfer
T0195_02,C0195,A0195_2,A0195_3,98801,2026-08-25 08:42:00,Transfer
T0195_03,C0195,A0195_3,A0195_4,55239,2026-08-25 08:57:00,Transfer
T0195_04,C0195,A0195_4,A0195_5,46732,2026-08-25 09:12:00,Transfer
T0196_01,C0196,A0196_1,A0196_2,27839,2026-03-08 18:56:00,Transfer
T0196_02,C0196,A0196_2,A0196_3,16053,2026-03-08 19:15:00,Transfer
T0196_03,C0196,A0196_3,A0196_4,13086,2026-03-08 19:40:00,Transfer
T0197_01,C0197,A0197_1,A0197_2,31956,2026-08-15 22:40:00,Transfer
T0197_02,C0197,A0197_2,A0197_3,21839,2026-08-15 23:07:00,Transfer
T0197_03,C0197,A0197_3,A0197_4,18514,2026-08-15 23:10:00,Transfer
T0197_04,C0197,A0197_4,A0197_5,12750,2026-08-15 23:34:00,Transfer
T0197_05,C0197,A0197_5,A0197_6,8824,2026-08-15 23:55:00,Transfer
T0197_06,C0197,A0197_6,A0197_7,5686,2026-08-16 00:29:00,Transfer
T0198_01,C0198,A0198_1,A0198_2,184186,2026-03-07 13:33:00,Transfer
T0198_02,C0198,A0198_2,A0198_3,132721,2026-03-07 13:54:00,Transfer
T0198_03,C0198,A0198_3,A0198_4,121292,2026-03-07 14:17:00,Transfer
T0198_04,C0198,A0198_4,A0198_5,88502,2026-03-07 14:27:00,Transfer
T0199_01,C0199,A0199_1,A0199_2,15838,2026-05-19 23:37:00,Transfer
T0199_02,C0199,A0199_2,A0199_3,13317,2026-05-19 23:59:00,Transfer
T0199_03,C0199,A0199_3,A0199_4,12012,2026-05-20 00:27:00,Transfer
T0199_04,C0199,A0199_4,A0199_5,11224,2026-05-20 00:48:00,Transfer
T0199_05,C0199,A0199_5,A0199_6,8162,2026-05-20 01:07:00,Transfer
T0200_01,C0200,A0200_1,A0200_2,76171,2026-02-03 07:01:00,Transfer
T0200_02,C0200,A0200_2,A0200_3,47499,2026-02-03 07:27:00,Transfer
T0200_03,C0200,A0200_3,A0200_4,35461,2026-02-03 07:37:00,Transfer
T0200_04,C0200,A0200_4,A0200_5,21826,2026-02-03 07:53:00,Transfer
T0201_01,C0201,A0201_1,A0201_2,24030,2026-01-04 09:53:00,Transfer
T0201_02,C0201,A0201_2,A0201_3,20139,2026-01-04 10:20:00,Transfer
T0201_03,C0201,A0201_3,A0201_4,16002,2026-01-04 10:55:00,Transfer
T0201_04,C0201,A0201_4,A0201_5,12906,2026-01-04 10:59:00,Transfer
T0202_01,C0202,A0202_1,A0202_2,73762,2026-07-31 02:07:00,Transfer
T0202_02,C0202,A0202_2,A0202_3,49255,2026-07-31 02:12:00,Transfer
T0202_03,C0202,A0202_3,A0202_4,40683,2026-07-31 02:23:00,Transfer
T0203_01,C0203,A0203_1,A0203_2,47413,2026-01-24 17:28:00,Transfer
T0203_02,C0203,A0203_2,A0203_3,39701,2026-01-24 17:37:00,Transfer
T0203_03,C0203,A0203_3,A0203_4,23283,2026-01-24 18:07:00,Transfer
T0203_04,C0203,A0203_4,A0203_5,18710,2026-01-24 18:14:00,Transfer
T0204_01,C0204,A0204_1,A0204_2,28328,2026-07-22 17:57:00,Transfer
T0204_02,C0204,A0204_2,A0204_3,16912,2026-07-22 18:07:00,Transfer
T0204_03,C0204,A0204_3,A0204_4,15798,2026-07-22 18:09:00,Transfer
T0204_04,C0204,A0204_4,A0204_5,12622,2026-07-22 18:27:00,Transfer
T0204_05,C0204,A0204_5,A0204_6,7003,2026-07-22 19:00:00,Transfer
T0204_06,C0204,A0204_6,A0204_7,6247,2026-07-22 19:02:00,Transfer
T0205_01,C0205,A0205_1,A0205_2,62172,2026-02-25 20:23:00,Transfer
T0205_02,C0205,A0205_2,A0205_3,50782,2026-02-25 20:44:00,Transfer
T0205_03,C0205,A0205_3,A0205_4,34655,2026-02-25 20:51:00,Transfer
T0205_04,C0205,A0205_4,A0205_5,19739,2026-02-25 21:19:00,Transfer
T0205_05,C0205,A0205_5,A0205_6,18702,2026-02-25 21:31:00,Transfer
T0205_06,C0205,A0205_6,A0205_7,15313,2026-02-25 21:44:00,Transfer
T0206_01,C0206,A0206_1,A0206_2,134437,2026-01-10 03:58:00,Transfer
T0206_02,C0206,A0206_2,A0206_3,85224,2026-01-10 04:13:00,Transfer
T0206_03,C0206,A0206_3,A0206_4,67737,2026-01-10 04:21:00,Transfer
T0206_04,C0206,A0206_4,A0206_5,52736,2026-01-10 04:56:00,Transfer
T0206_05,C0206,A0206_5,A0206_6,49828,2026-01-10 05:28:00,Transfer
T0207_01,C0207,A0207_1,A0207_2,24426,2026-07-21 10:12:00,Transfer
T0207_02,C0207,A0207_2,A0207_3,13449,2026-07-21 10:15:00,Transfer
T0207_03,C0207,A0207_3,A0207_4,9897,2026-07-21 10:24:00,Transfer
T0207_04,C0207,A0207_4,A0207_5,8362,2026-07-21 10:39:00,Transfer
T0207_05,C0207,A0207_5,A0207_6,7273,2026-07-21 11:07:00,Transfer
T0208_01,C0208,A0208_1,A0208_2,89562,2026-05-24 22:01:00,Transfer
T0208_02,C0208,A0208_2,A0208_3,79066,2026-05-24 22:15:00,Transfer
T0208_03,C0208,A0208_3,A0208_4,53939,2026-05-24 22:38:00,Transfer
T0208_04,C0208,A0208_4,A0208_5,49565,2026-05-24 23:10:00,Transfer
T0209_01,C0209,A0209_1,A0209_2,300850,2026-05-04 05:55:00,Transfer
T0209_02,C0209,A0209_2,A0209_3,173435,2026-05-04 06:06:00,Transfer
T0209_03,C0209,A0209_3,A0209_4,114845,2026-05-04 06:09:00,Transfer
T0209_04,C0209,A0209_4,A0209_5,78744,2026-05-04 06:35:00,Transfer
T0209_05,C0209,A0209_5,A0209_6,63042,2026-05-04 06:47:00,Transfer
T0209_06,C0209,A0209_6,A0209_7,49071,2026-05-04 07:13:00,Transfer
T0210_01,C0210,A0210_1,A0210_2,221202,2026-07-20 10:42:00,Transfer
T0210_02,C0210,A0210_2,A0210_3,160926,2026-07-20 10:45:00,Transfer
T0210_03,C0210,A0210_3,A0210_4,139942,2026-07-20 11:19:00,Transfer
T0210_04,C0210,A0210_4,A0210_5,85592,2026-07-20 11:42:00,Transfer
T0210_05,C0210,A0210_5,A0210_6,78697,2026-07-20 12:17:00,Transfer
T0211_01,C0211,A0211_1,A0211_2,355302,2026-07-16 03:30:00,Transfer
T0211_02,C0211,A0211_2,A0211_3,210069,2026-07-16 03:51:00,Transfer
T0211_03,C0211,A0211_3,A0211_4,117426,2026-07-16 04:12:00,Transfer
T0211_04,C0211,A0211_4,A0211_5,94591,2026-07-16 04:27:00,Transfer
T0212_01,C0212,A0212_1,A0212_2,62848,2026-03-12 18:41:00,Transfer
T0212_02,C0212,A0212_2,A0212_3,41380,2026-03-12 19:01:00,Transfer
T0212_03,C0212,A0212_3,A0212_4,32261,2026-03-12 19:13:00,Transfer
T0213_01,C0213,A0213_1,A0213_2,133482,2026-03-28 19:05:00,Transfer
T0213_02,C0213,A0213_2,A0213_3,91159,2026-03-28 19:19:00,Transfer
T0213_03,C0213,A0213_3,A0213_4,76132,2026-03-28 19:26:00,Transfer
T0213_04,C0213,A0213_4,A0213_5,71523,2026-03-28 19:57:00,Transfer
T0214_01,C0214,A0214_1,A0214_2,39996,2026-07-26 00:25:00,Transfer
T0214_02,C0214,A0214_2,A0214_3,29249,2026-07-26 00:28:00,Transfer
T0214_03,C0214,A0214_3,A0214_4,16851,2026-07-26 00:37:00,Transfer
T0214_04,C0214,A0214_4,A0214_5,11636,2026-07-26 01:08:00,Transfer
T0214_05,C0214,A0214_5,A0214_6,10336,2026-07-26 01:28:00,Transfer
T0214_06,C0214,A0214_6,A0214_7,8859,2026-07-26 01:38:00,Transfer
T0215_01,C0215,A0215_1,A0215_2,204184,2026-07-02 04:17:00,Transfer
T0215_02,C0215,A0215_2,A0215_3,176358,2026-07-02 04:46:00,Transfer
T0215_03,C0215,A0215_3,A0215_4,137009,2026-07-02 05:09:00,Transfer
T0215_04,C0215,A0215_4,A0215_5,105196,2026-07-02 05:26:00,Transfer
T0215_05,C0215,A0215_5,A0215_6,65140,2026-07-02 05:32:00,Transfer
T0216_01,C0216,A0216_1,A0216_2,29015,2026-08-03 16:54:00,Transfer
T0216_02,C0216,A0216_2,A0216_3,17008,2026-08-03 17:04:00,Transfer
T0216_03,C0216,A0216_3,A0216_4,15390,2026-08-03 17:06:00,Transfer
T0216_04,C0216,A0216_4,A0216_5,13125,2026-08-03 17:17:00,Transfer
T0216_05,C0216,A0216_5,A0216_6,9596,2026-08-03 17:37:00,Transfer
T0217_01,C0217,A0217_1,A0217_2,75545,2026-02-20 07:23:00,Transfer
T0217_02,C0217,A0217_2,A0217_3,62803,2026-02-20 07:47:00,Transfer
T0217_03,C0217,A0217_3,A0217_4,37297,2026-02-20 08:07:00,Transfer
T0217_04,C0217,A0217_4,A0217_5,33428,2026-02-20 08:24:00,Transfer
T0217_05,C0217,A0217_5,A0217_6,24157,2026-02-20 08:51:00,Transfer
T0218_01,C0218,A0218_1,A0218_2,200817,2026-04-14 13:14:00,Transfer
T0218_02,C0218,A0218_2,A0218_3,162532,2026-04-14 13:25:00,Transfer
T0218_03,C0218,A0218_3,A0218_4,136288,2026-04-14 13:58:00,Transfer
T0218_04,C0218,A0218_4,A0218_5,110825,2026-04-14 14:08:00,Transfer
T0219_01,C0219,A0219_1,A0219_2,287466,2026-04-17 15:53:00,Transfer
T0219_02,C0219,A0219_2,A0219_3,239991,2026-04-17 16:12:00,Transfer
T0219_03,C0219,A0219_3,A0219_4,171434,2026-04-17 16:37:00,Transfer
T0219_04,C0219,A0219_4,A0219_5,96583,2026-04-17 16:41:00,Transfer
T0220_01,C0220,A0220_1,A0220_2,21081,2026-01-29 20:14:00,Transfer
T0220_02,C0220,A0220_2,A0220_3,16763,2026-01-29 20:37:00,Transfer
T0220_03,C0220,A0220_3,A0220_4,12807,2026-01-29 20:39:00,Transfer
T0220_04,C0220,A0220_4,A0220_5,9445,2026-01-29 21:13:00,Transfer
T0221_01,C0221,A0221_1,A0221_2,105938,2026-04-18 12:30:00,Transfer
T0221_02,C0221,A0221_2,A0221_3,92543,2026-04-18 12:33:00,Transfer
T0221_03,C0221,A0221_3,A0221_4,61515,2026-04-18 12:40:00,Transfer
T0221_04,C0221,A0221_4,A0221_5,36953,2026-04-18 12:46:00,Transfer
T0222_01,C0222,A0222_1,A0222_2,12519,2026-06-07 10:00:00,Transfer
T0222_02,C0222,A0222_2,A0222_3,9313,2026-06-07 10:35:00,Transfer
T0222_03,C0222,A0222_3,A0222_4,8333,2026-06-07 10:58:00,Transfer
T0223_01,C0223,A0223_1,A0223_2,24987,2026-07-30 05:53:00,Transfer
T0223_02,C0223,A0223_2,A0223_3,18503,2026-07-30 06:09:00,Transfer
T0223_03,C0223,A0223_3,A0223_4,12987,2026-07-30 06:35:00,Transfer
T0223_04,C0223,A0223_4,A0223_5,9608,2026-07-30 06:46:00,Transfer
T0223_05,C0223,A0223_5,A0223_6,7322,2026-07-30 07:15:00,Transfer
T0223_06,C0223,A0223_6,A0223_7,4061,2026-07-30 07:45:00,Transfer
T0224_01,C0224,A0224_1,A0224_2,115210,2026-05-16 23:52:00,Transfer
T0224_02,C0224,A0224_2,A0224_3,97205,2026-05-17 00:06:00,Transfer
T0224_03,C0224,A0224_3,A0224_4,73679,2026-05-17 00:19:00,Transfer
T0224_04,C0224,A0224_4,A0224_5,49756,2026-05-17 00:21:00,Transfer
T0224_05,C0224,A0224_5,A0224_6,40756,2026-05-17 00:27:00,Transfer
T0225_01,C0225,A0225_1,A0225_2,55236,2026-01-27 23:38:00,Transfer
T0225_02,C0225,A0225_2,A0225_3,32288,2026-01-27 23:48:00,Transfer
T0225_03,C0225,A0225_3,A0225_4,22613,2026-01-28 00:01:00,Transfer
T0225_04,C0225,A0225_4,A0225_5,20541,2026-01-28 00:14:00,Transfer
T0226_01,C0226,A0226_1,A0226_2,69071,2026-08-28 03:16:00,Transfer
T0226_02,C0226,A0226_2,A0226_3,65048,2026-08-28 03:30:00,Transfer
T0226_03,C0226,A0226_3,A0226_4,51655,2026-08-28 03:43:00,Transfer
T0226_04,C0226,A0226_4,A0226_5,41747,2026-08-28 03:51:00,Transfer
T0226_05,C0226,A0226_5,A0226_6,25363,2026-08-28 04:20:00,Transfer
T0226_06,C0226,A0226_6,A0226_7,16165,2026-08-28 04:28:00,Transfer
T0227_01,C0227,A0227_1,A0227_2,37860,2026-01-19 03:16:00,Transfer
T0227_02,C0227,A0227_2,A0227_3,28063,2026-01-19 03:43:00,Transfer
T0227_03,C0227,A0227_3,A0227_4,24909,2026-01-19 03:49:00,Transfer
T0227_04,C0227,A0227_4,A0227_5,19081,2026-01-19 03:51:00,Transfer
T0227_05,C0227,A0227_5,A0227_6,13428,2026-01-19 04:23:00,Transfer
T0227_06,C0227,A0227_6,A0227_7,8036,2026-01-19 04:47:00,Transfer
T0228_01,C0228,A0228_1,A0228_2,59446,2026-01-15 22:13:00,Transfer
T0228_02,C0228,A0228_2,A0228_3,44263,2026-01-15 22:43:00,Transfer
T0228_03,C0228,A0228_3,A0228_4,37363,2026-01-15 22:53:00,Transfer
T0228_04,C0228,A0228_4,A0228_5,21083,2026-01-15 22:56:00,Transfer
T0228_05,C0228,A0228_5,A0228_6,17665,2026-01-15 23:13:00,Transfer
T0229_01,C0229,A0229_1,A0229_2,55955,2026-05-19 22:33:00,Transfer
T0229_02,C0229,A0229_2,A0229_3,51474,2026-05-19 22:37:00,Transfer
T0229_03,C0229,A0229_3,A0229_4,43453,2026-05-19 23:10:00,Transfer
T0229_04,C0229,A0229_4,A0229_5,35263,2026-05-19 23:42:00,Transfer
T0229_05,C0229,A0229_5,A0229_6,32190,2026-05-19 23:46:00,Transfer
T0229_06,C0229,A0229_6,A0229_7,20829,2026-05-19 23:56:00,Transfer
T0230_01,C0230,A0230_1,A0230_2,43983,2026-08-20 11:12:00,Transfer
T0230_02,C0230,A0230_2,A0230_3,29894,2026-08-20 11:22:00,Transfer
T0230_03,C0230,A0230_3,A0230_4,20287,2026-08-20 11:37:00,Transfer
T0230_04,C0230,A0230_4,A0230_5,17359,2026-08-20 11:50:00,Transfer
T0231_01,C0231,A0231_1,A0231_2,434260,2026-02-06 14:20:00,Transfer
T0231_02,C0231,A0231_2,A0231_3,239945,2026-02-06 14:33:00,Transfer
T0231_03,C0231,A0231_3,A0231_4,220858,2026-02-06 14:53:00,Transfer
T0231_04,C0231,A0231_4,A0231_5,158242,2026-02-06 15:25:00,Transfer
T0232_01,C0232,A0232_1,A0232_2,44168,2026-06-13 09:31:00,Transfer
T0232_02,C0232,A0232_2,A0232_3,26368,2026-06-13 10:06:00,Transfer
T0232_03,C0232,A0232_3,A0232_4,24804,2026-06-13 10:31:00,Transfer
T0232_04,C0232,A0232_4,A0232_5,22201,2026-06-13 11:05:00,Transfer
T0232_05,C0232,A0232_5,A0232_6,14157,2026-06-13 11:20:00,Transfer
T0232_06,C0232,A0232_6,A0232_7,9351,2026-06-13 11:34:00,Transfer
T0233_01,C0233,A0233_1,A0233_2,54090,2026-08-05 16:20:00,Transfer
T0233_02,C0233,A0233_2,A0233_3,49759,2026-08-05 16:33:00,Transfer
T0233_03,C0233,A0233_3,A0233_4,30513,2026-08-05 16:36:00,Transfer
T0233_04,C0233,A0233_4,A0233_5,22702,2026-08-05 16:45:00,Transfer
T0234_01,C0234,A0234_1,A0234_2,128150,2026-04-24 20:36:00,Transfer
T0234_02,C0234,A0234_2,A0234_3,116128,2026-04-24 20:47:00,Transfer
T0234_03,C0234,A0234_3,A0234_4,73911,2026-04-24 21:18:00,Transfer
T0234_04,C0234,A0234_4,A0234_5,45915,2026-04-24 21:43:00,Transfer
T0234_05,C0234,A0234_5,A0234_6,27758,2026-04-24 21:57:00,Transfer
T0234_06,C0234,A0234_6,A0234_7,22284,2026-04-24 22:16:00,Transfer
T0235_01,C0235,A0235_1,A0235_2,51106,2026-06-27 19:48:00,Transfer
T0235_02,C0235,A0235_2,A0235_3,29876,2026-06-27 20:23:00,Transfer
T0235_03,C0235,A0235_3,A0235_4,22278,2026-06-27 20:38:00,Transfer
T0235_04,C0235,A0235_4,A0235_5,17524,2026-06-27 21:09:00,Transfer
T0236_01,C0236,A0236_1,A0236_2,70127,2026-07-08 08:51:00,Transfer
T0236_02,C0236,A0236_2,A0236_3,51261,2026-07-08 09:08:00,Transfer
T0236_03,C0236,A0236_3,A0236_4,29897,2026-07-08 09:10:00,Transfer
T0236_04,C0236,A0236_4,A0236_5,24732,2026-07-08 09:38:00,Transfer
T0236_05,C0236,A0236_5,A0236_6,23000,2026-07-08 09:48:00,Transfer
T0236_06,C0236,A0236_6,A0236_7,15947,2026-07-08 10:05:00,Transfer
T0237_01,C0237,A0237_1,A0237_2,26605,2026-05-03 22:59:00,Transfer
T0237_02,C0237,A0237_2,A0237_3,18728,2026-05-03 23:22:00,Transfer
T0237_03,C0237,A0237_3,A0237_4,14277,2026-05-03 23:42:00,Transfer
T0237_04,C0237,A0237_4,A0237_5,10284,2026-05-04 00:01:00,Transfer
T0237_05,C0237,A0237_5,A0237_6,8527,2026-05-04 00:16:00,Transfer
T0237_06,C0237,A0237_6,A0237_7,7376,2026-05-04 00:23:00,Transfer
T0238_01,C0238,A0238_1,A0238_2,310182,2026-08-27 02:27:00,Transfer
T0238_02,C0238,A0238_2,A0238_3,187772,2026-08-27 02:50:00,Transfer
T0238_03,C0238,A0238_3,A0238_4,121198,2026-08-27 02:59:00,Transfer
T0239_01,C0239,A0239_1,A0239_2,117060,2026-07-12 20:14:00,Transfer
T0239_02,C0239,A0239_2,A0239_3,85546,2026-07-12 20:39:00,Transfer
T0239_03,C0239,A0239_3,A0239_4,74421,2026-07-12 20:45:00,Transfer
T0239_04,C0239,A0239_4,A0239_5,46538,2026-07-12 21:16:00,Transfer
T0239_05,C0239,A0239_5,A0239_6,27221,2026-07-12 21:43:00,Transfer
T0240_01,C0240,A0240_1,A0240_2,922688,2026-01-20 04:35:00,Transfer
T0240_02,C0240,A0240_2,A0240_3,635436,2026-01-20 05:05:00,Transfer
T0240_03,C0240,A0240_3,A0240_4,536996,2026-01-20 05:08:00,Transfer
T0241_01,C0241,A0241_1,A0241_2,82085,2026-08-12 08:23:00,Transfer
T0241_02,C0241,A0241_2,A0241_3,50785,2026-08-12 08:41:00,Transfer
T0241_03,C0241,A0241_3,A0241_4,32538,2026-08-12 09:06:00,Transfer
T0241_04,C0241,A0241_4,A0241_5,30530,2026-08-12 09:11:00,Transfer
T0241_05,C0241,A0241_5,A0241_6,18603,2026-08-12 09:31:00,Transfer
T0241_06,C0241,A0241_6,A0241_7,13624,2026-08-12 09:43:00,Transfer
T0242_01,C0242,A0242_1,A0242_2,23036,2026-05-18 10:26:00,Transfer
T0242_02,C0242,A0242_2,A0242_3,21681,2026-05-18 10:37:00,Transfer
T0242_03,C0242,A0242_3,A0242_4,15158,2026-05-18 10:49:00,Transfer
T0242_04,C0242,A0242_4,A0242_5,11572,2026-05-18 10:58:00,Transfer
T0243_01,C0243,A0243_1,A0243_2,47495,2026-07-16 05:34:00,Transfer
T0243_02,C0243,A0243_2,A0243_3,32556,2026-07-16 05:43:00,Transfer
T0243_03,C0243,A0243_3,A0243_4,27433,2026-07-16 05:47:00,Transfer
T0243_04,C0243,A0243_4,A0243_5,16618,2026-07-16 05:56:00,Transfer
T0244_01,C0244,A0244_1,A0244_2,33325,2026-08-04 08:10:00,Transfer
T0244_02,C0244,A0244_2,A0244_3,27354,2026-08-04 08:17:00,Transfer
T0244_03,C0244,A0244_3,A0244_4,25721,2026-08-04 08:44:00,Transfer
T0245_01,C0245,A0245_1,A0245_2,326479,2026-06-04 18:12:00,Transfer
T0245_02,C0245,A0245_2,A0245_3,284518,2026-06-04 18:32:00,Transfer
T0245_03,C0245,A0245_3,A0245_4,175125,2026-06-04 19:01:00,Transfer
T0245_04,C0245,A0245_4,A0245_5,147357,2026-06-04 19:29:00,Transfer
T0245_05,C0245,A0245_5,A0245_6,89272,2026-06-04 19:36:00,Transfer
T0245_06,C0245,A0245_6,A0245_7,54228,2026-06-04 19:57:00,Transfer
T0246_01,C0246,A0246_1,A0246_2,62569,2026-03-27 02:48:00,Transfer
T0246_02,C0246,A0246_2,A0246_3,41657,2026-03-27 03:21:00,Transfer
T0246_03,C0246,A0246_3,A0246_4,23615,2026-03-27 03:42:00,Transfer
T0247_01,C0247,A0247_1,A0247_2,76263,2026-07-09 16:34:00,Transfer
T0247_02,C0247,A0247_2,A0247_3,69606,2026-07-09 16:51:00,Transfer
T0247_03,C0247,A0247_3,A0247_4,39075,2026-07-09 17:10:00,Transfer
T0248_01,C0248,A0248_1,A0248_2,248387,2026-06-03 12:43:00,Transfer
T0248_02,C0248,A0248_2,A0248_3,172120,2026-06-03 12:48:00,Transfer
T0248_03,C0248,A0248_3,A0248_4,113438,2026-06-03 13:16:00,Transfer
T0248_04,C0248,A0248_4,A0248_5,91260,2026-06-03 13:40:00,Transfer
T0248_05,C0248,A0248_5,A0248_6,51971,2026-06-03 14:00:00,Transfer
T0248_06,C0248,A0248_6,A0248_7,39593,2026-06-03 14:06:00,Transfer
T0249_01,C0249,A0249_1,A0249_2,26376,2026-02-16 03:36:00,Transfer
T0249_02,C0249,A0249_2,A0249_3,18442,2026-02-16 04:09:00,Transfer
T0249_03,C0249,A0249_3,A0249_4,13182,2026-02-16 04:21:00,Transfer
T0249_04,C0249,A0249_4,A0249_5,7790,2026-02-16 04:32:00,Transfer
T0249_05,C0249,A0249_5,A0249_6,5853,2026-02-16 04:46:00,Transfer
T0250_01,C0250,A0250_1,A0250_2,41391,2026-08-01 18:07:00,Transfer
T0250_02,C0250,A0250_2,A0250_3,35090,2026-08-01 18:16:00,Transfer
T0250_03,C0250,A0250_3,A0250_4,22420,2026-08-01 18:27:00,Transfer
T0250_04,C0250,A0250_4,A0250_5,18501,2026-08-01 18:48:00,Transfer
T0250_05,C0250,A0250_5,A0250_6,11103,2026-08-01 18:58:00,Transfer
T0250_06,C0250,A0250_6,A0250_7,10463,2026-08-01 19:27:00,Transfer
T0251_01,C0251,A0251_1,A0251_2,120944,2026-01-20 00:44:00,Transfer
T0251_02,C0251,A0251_2,A0251_3,103022,2026-01-20 00:53:00,Transfer
T0251_03,C0251,A0251_3,A0251_4,94578,2026-01-20 01:08:00,Transfer
T0252_01,C0252,A0252_1,A0252_2,25416,2026-06-21 12:26:00,Transfer
T0252_02,C0252,A0252_2,A0252_3,22311,2026-06-21 12:28:00,Transfer
T0252_03,C0252,A0252_3,A0252_4,16990,2026-06-21 12:42:00,Transfer
T0252_04,C0252,A0252_4,A0252_5,15897,2026-06-21 12:54:00,Transfer
T0253_01,C0253,A0253_1,A0253_2,50779,2026-07-05 03:50:00,Transfer
T0253_02,C0253,A0253_2,A0253_3,30439,2026-07-05 03:59:00,Transfer
T0253_03,C0253,A0253_3,A0253_4,23069,2026-07-05 04:32:00,Transfer
T0253_04,C0253,A0253_4,A0253_5,19721,2026-07-05 04:52:00,Transfer
T0253_05,C0253,A0253_5,A0253_6,15241,2026-07-05 04:56:00,Transfer
T0254_01,C0254,A0254_1,A0254_2,44111,2026-04-09 10:21:00,Transfer
T0254_02,C0254,A0254_2,A0254_3,35880,2026-04-09 10:28:00,Transfer
T0254_03,C0254,A0254_3,A0254_4,21445,2026-04-09 10:55:00,Transfer
T0254_04,C0254,A0254_4,A0254_5,15231,2026-04-09 11:03:00,Transfer
T0254_05,C0254,A0254_5,A0254_6,12894,2026-04-09 11:15:00,Transfer
T0254_06,C0254,A0254_6,A0254_7,7425,2026-04-09 11:29:00,Transfer
T0255_01,C0255,A0255_1,A0255_2,63305,2026-04-14 04:53:00,Transfer
T0255_02,C0255,A0255_2,A0255_3,37553,2026-04-14 05:11:00,Transfer
T0255_03,C0255,A0255_3,A0255_4,28004,2026-04-14 05:27:00,Transfer
T0255_04,C0255,A0255_4,A0255_5,22440,2026-04-14 05:37:00,Transfer
T0255_05,C0255,A0255_5,A0255_6,12608,2026-04-14 05:42:00,Transfer
T0255_06,C0255,A0255_6,A0255_7,11121,2026-04-14 06:15:00,Transfer
T0256_01,C0256,A0256_1,A0256_2,93354,2026-04-08 21:19:00,Transfer
T0256_02,C0256,A0256_2,A0256_3,81572,2026-04-08 21:22:00,Transfer
T0256_03,C0256,A0256_3,A0256_4,75946,2026-04-08 21:26:00,Transfer
T0256_04,C0256,A0256_4,A0256_5,71866,2026-04-08 21:35:00,Transfer
T0256_05,C0256,A0256_5,A0256_6,50554,2026-04-08 21:57:00,Transfer
T0257_01,C0257,A0257_1,A0257_2,68074,2026-01-09 06:54:00,Transfer
T0257_02,C0257,A0257_2,A0257_3,50399,2026-01-09 07:06:00,Transfer
T0257_03,C0257,A0257_3,A0257_4,37934,2026-01-09 07:33:00,Transfer
T0257_04,C0257,A0257_4,A0257_5,24860,2026-01-09 07:59:00,Transfer
T0258_01,C0258,A0258_1,A0258_2,45466,2026-03-14 11:26:00,Transfer
T0258_02,C0258,A0258_2,A0258_3,32497,2026-03-14 11:31:00,Transfer
T0258_03,C0258,A0258_3,A0258_4,26468,2026-03-14 11:48:00,Transfer
T0259_01,C0259,A0259_1,A0259_2,135939,2026-01-23 00:07:00,Transfer
T0259_02,C0259,A0259_2,A0259_3,75875,2026-01-23 00:39:00,Transfer
T0259_03,C0259,A0259_3,A0259_4,59576,2026-01-23 01:01:00,Transfer
T0260_01,C0260,A0260_1,A0260_2,95943,2026-05-27 03:40:00,Transfer
T0260_02,C0260,A0260_2,A0260_3,63796,2026-05-27 03:45:00,Transfer
T0260_03,C0260,A0260_3,A0260_4,42674,2026-05-27 04:12:00,Transfer
T0260_04,C0260,A0260_4,A0260_5,37204,2026-05-27 04:19:00,Transfer
T0261_01,C0261,A0261_1,A0261_2,19234,2026-06-01 12:01:00,Transfer
T0261_02,C0261,A0261_2,A0261_3,17355,2026-06-01 12:36:00,Transfer
T0261_03,C0261,A0261_3,A0261_4,15534,2026-06-01 13:09:00,Transfer
T0261_04,C0261,A0261_4,A0261_5,9866,2026-06-01 13:40:00,Transfer
T0261_05,C0261,A0261_5,A0261_6,6483,2026-06-01 14:09:00,Transfer
T0261_06,C0261,A0261_6,A0261_7,5989,2026-06-01 14:14:00,Transfer
T0262_01,C0262,A0262_1,A0262_2,37983,2026-02-07 08:38:00,Transfer
T0262_02,C0262,A0262_2,A0262_3,23806,2026-02-07 08:55:00,Transfer
T0262_03,C0262,A0262_3,A0262_4,20683,2026-02-07 09:16:00,Transfer
T0262_04,C0262,A0262_4,A0262_5,15215,2026-02-07 09:45:00,Transfer
T0262_05,C0262,A0262_5,A0262_6,10936,2026-02-07 09:49:00,Transfer
T0262_06,C0262,A0262_6,A0262_7,6898,2026-02-07 10:08:00,Transfer
T0263_01,C0263,A0263_1,A0263_2,49344,2026-07-25 09:51:00,Transfer
T0263_02,C0263,A0263_2,A0263_3,34972,2026-07-25 10:01:00,Transfer
T0263_03,C0263,A0263_3,A0263_4,22536,2026-07-25 10:35:00,Transfer
T0264_01,C0264,A0264_1,A0264_2,25135,2026-05-29 18:20:00,Transfer
T0264_02,C0264,A0264_2,A0264_3,15274,2026-05-29 18:33:00,Transfer
T0264_03,C0264,A0264_3,A0264_4,9708,2026-05-29 18:52:00,Transfer
T0265_01,C0265,A0265_1,A0265_2,108142,2026-05-31 02:11:00,Transfer
T0265_02,C0265,A0265_2,A0265_3,87395,2026-05-31 02:15:00,Transfer
T0265_03,C0265,A0265_3,A0265_4,77483,2026-05-31 02:20:00,Transfer
T0266_01,C0266,A0266_1,A0266_2,111499,2026-03-03 09:00:00,Transfer
T0266_02,C0266,A0266_2,A0266_3,102172,2026-03-03 09:22:00,Transfer
T0266_03,C0266,A0266_3,A0266_4,92137,2026-03-03 09:50:00,Transfer
T0266_04,C0266,A0266_4,A0266_5,79765,2026-03-03 10:09:00,Transfer
T0266_05,C0266,A0266_5,A0266_6,71515,2026-03-03 10:42:00,Transfer
T0267_01,C0267,A0267_1,A0267_2,78543,2026-08-04 11:43:00,Transfer
T0267_02,C0267,A0267_2,A0267_3,63348,2026-08-04 11:56:00,Transfer
T0267_03,C0267,A0267_3,A0267_4,50809,2026-08-04 12:06:00,Transfer
T0267_04,C0267,A0267_4,A0267_5,28007,2026-08-04 12:20:00,Transfer
T0268_01,C0268,A0268_1,A0268_2,51635,2026-01-22 04:13:00,Transfer
T0268_02,C0268,A0268_2,A0268_3,30142,2026-01-22 04:38:00,Transfer
T0268_03,C0268,A0268_3,A0268_4,18771,2026-01-22 05:04:00,Transfer
T0268_04,C0268,A0268_4,A0268_5,17417,2026-01-22 05:20:00,Transfer
T0269_01,C0269,A0269_1,A0269_2,30631,2026-05-23 22:41:00,Transfer
T0269_02,C0269,A0269_2,A0269_3,18931,2026-05-23 22:50:00,Transfer
T0269_03,C0269,A0269_3,A0269_4,10518,2026-05-23 23:25:00,Transfer
T0270_01,C0270,A0270_1,A0270_2,212064,2026-04-27 23:28:00,Transfer
T0270_02,C0270,A0270_2,A0270_3,178278,2026-04-27 23:42:00,Transfer
T0270_03,C0270,A0270_3,A0270_4,127884,2026-04-28 00:10:00,Transfer
T0270_04,C0270,A0270_4,A0270_5,110873,2026-04-28 00:13:00,Transfer
T0271_01,C0271,A0271_1,A0271_2,114764,2026-06-08 15:33:00,Transfer
T0271_02,C0271,A0271_2,A0271_3,65512,2026-06-08 15:50:00,Transfer
T0271_03,C0271,A0271_3,A0271_4,48372,2026-06-08 16:14:00,Transfer
T0271_04,C0271,A0271_4,A0271_5,45890,2026-06-08 16:18:00,Transfer
T0271_05,C0271,A0271_5,A0271_6,25337,2026-06-08 16:52:00,Transfer
T0271_06,C0271,A0271_6,A0271_7,20215,2026-06-08 17:13:00,Transfer
T0272_01,C0272,A0272_1,A0272_2,86728,2026-08-17 19:28:00,Transfer
T0272_02,C0272,A0272_2,A0272_3,65018,2026-08-17 19:47:00,Transfer
T0272_03,C0272,A0272_3,A0272_4,55208,2026-08-17 20:16:00,Transfer
T0272_04,C0272,A0272_4,A0272_5,36612,2026-08-17 20:34:00,Transfer
T0272_05,C0272,A0272_5,A0272_6,29112,2026-08-17 20:52:00,Transfer
T0273_01,C0273,A0273_1,A0273_2,9588,2026-02-12 11:36:00,Transfer
T0273_02,C0273,A0273_2,A0273_3,7029,2026-02-12 11:45:00,Transfer
T0273_03,C0273,A0273_3,A0273_4,6244,2026-02-12 11:56:00,Transfer
T0273_04,C0273,A0273_4,A0273_5,3743,2026-02-12 12:03:00,Transfer
T0273_05,C0273,A0273_5,A0273_6,2363,2026-02-12 12:23:00,Transfer
T0273_06,C0273,A0273_6,A0273_7,1470,2026-02-12 12:35:00,Transfer
T0274_01,C0274,A0274_1,A0274_2,88916,2026-05-25 23:00:00,Transfer
T0274_02,C0274,A0274_2,A0274_3,62923,2026-05-25 23:08:00,Transfer
T0274_03,C0274,A0274_3,A0274_4,55673,2026-05-25 23:19:00,Transfer
T0275_01,C0275,A0275_1,A0275_2,117159,2026-07-01 22:54:00,Transfer
T0275_02,C0275,A0275_2,A0275_3,79582,2026-07-01 22:59:00,Transfer
T0275_03,C0275,A0275_3,A0275_4,67447,2026-07-01 23:25:00,Transfer
T0275_04,C0275,A0275_4,A0275_5,39592,2026-07-01 23:43:00,Transfer
T0275_05,C0275,A0275_5,A0275_6,24594,2026-07-02 00:10:00,Transfer
T0276_01,C0276,A0276_1,A0276_2,80921,2026-02-11 14:02:00,Transfer
T0276_02,C0276,A0276_2,A0276_3,58924,2026-02-11 14:28:00,Transfer
T0276_03,C0276,A0276_3,A0276_4,43637,2026-02-11 14:57:00,Transfer
T0276_04,C0276,A0276_4,A0276_5,25575,2026-02-11 15:26:00,Transfer
T0277_01,C0277,A0277_1,A0277_2,184515,2026-06-11 15:21:00,Transfer
T0277_02,C0277,A0277_2,A0277_3,123654,2026-06-11 15:31:00,Transfer
T0277_03,C0277,A0277_3,A0277_4,101856,2026-06-11 15:52:00,Transfer
T0277_04,C0277,A0277_4,A0277_5,90307,2026-06-11 16:27:00,Transfer
T0277_05,C0277,A0277_5,A0277_6,65119,2026-06-11 16:32:00,Transfer
T0278_01,C0278,A0278_1,A0278_2,81462,2026-05-12 04:10:00,Transfer
T0278_02,C0278,A0278_2,A0278_3,72270,2026-05-12 04:14:00,Transfer
T0278_03,C0278,A0278_3,A0278_4,42156,2026-05-12 04:35:00,Transfer
T0278_04,C0278,A0278_4,A0278_5,28479,2026-05-12 05:06:00,Transfer
T0278_05,C0278,A0278_5,A0278_6,24290,2026-05-12 05:36:00,Transfer
T0278_06,C0278,A0278_6,A0278_7,19420,2026-05-12 05:54:00,Transfer
T0279_01,C0279,A0279_1,A0279_2,37594,2026-07-27 07:01:00,Transfer
T0279_02,C0279,A0279_2,A0279_3,27596,2026-07-27 07:28:00,Transfer
T0279_03,C0279,A0279_3,A0279_4,24767,2026-07-27 08:01:00,Transfer
T0280_01,C0280,A0280_1,A0280_2,101790,2026-06-07 12:38:00,Transfer
T0280_02,C0280,A0280_2,A0280_3,82439,2026-06-07 13:07:00,Transfer
T0280_03,C0280,A0280_3,A0280_4,73109,2026-06-07 13:21:00,Transfer
T0281_01,C0281,A0281_1,A0281_2,79503,2026-02-07 16:47:00,Transfer
T0281_02,C0281,A0281_2,A0281_3,45346,2026-02-07 16:49:00,Transfer
T0281_03,C0281,A0281_3,A0281_4,26802,2026-02-07 17:18:00,Transfer
T0282_01,C0282,A0282_1,A0282_2,115512,2026-06-02 19:43:00,Transfer
T0282_02,C0282,A0282_2,A0282_3,104614,2026-06-02 19:52:00,Transfer
T0282_03,C0282,A0282_3,A0282_4,78242,2026-06-02 20:16:00,Transfer
T0282_04,C0282,A0282_4,A0282_5,57064,2026-06-02 20:45:00,Transfer
T0282_05,C0282,A0282_5,A0282_6,31860,2026-06-02 21:05:00,Transfer
T0282_06,C0282,A0282_6,A0282_7,26777,2026-06-02 21:37:00,Transfer
T0283_01,C0283,A0283_1,A0283_2,173318,2026-02-26 20:19:00,Transfer
T0283_02,C0283,A0283_2,A0283_3,141570,2026-02-26 20:29:00,Transfer
T0283_03,C0283,A0283_3,A0283_4,87676,2026-02-26 20:41:00,Transfer
T0283_04,C0283,A0283_4,A0283_5,69465,2026-02-26 20:49:00,Transfer
T0284_01,C0284,A0284_1,A0284_2,12526,2026-02-23 19:38:00,Transfer
T0284_02,C0284,A0284_2,A0284_3,11867,2026-02-23 20:02:00,Transfer
T0284_03,C0284,A0284_3,A0284_4,10178,2026-02-23 20:21:00,Transfer
T0284_04,C0284,A0284_4,A0284_5,9246,2026-02-23 20:55:00,Transfer
T0284_05,C0284,A0284_5,A0284_6,7320,2026-02-23 21:03:00,Transfer
T0285_01,C0285,A0285_1,A0285_2,13719,2026-04-23 16:10:00,Transfer
T0285_02,C0285,A0285_2,A0285_3,11431,2026-04-23 16:44:00,Transfer
T0285_03,C0285,A0285_3,A0285_4,8565,2026-04-23 16:52:00,Transfer
T0286_01,C0286,A0286_1,A0286_2,61970,2026-07-29 05:27:00,Transfer
T0286_02,C0286,A0286_2,A0286_3,44537,2026-07-29 05:43:00,Transfer
T0286_03,C0286,A0286_3,A0286_4,26953,2026-07-29 06:12:00,Transfer
T0286_04,C0286,A0286_4,A0286_5,19281,2026-07-29 06:40:00,Transfer
T0286_05,C0286,A0286_5,A0286_6,17530,2026-07-29 07:15:00,Transfer
T0286_06,C0286,A0286_6,A0286_7,15213,2026-07-29 07:40:00,Transfer
T0287_01,C0287,A0287_1,A0287_2,121977,2026-01-03 18:26:00,Transfer
T0287_02,C0287,A0287_2,A0287_3,86701,2026-01-03 18:47:00,Transfer
T0287_03,C0287,A0287_3,A0287_4,72709,2026-01-03 19:09:00,Transfer
T0287_04,C0287,A0287_4,A0287_5,66433,2026-01-03 19:11:00,Transfer
T0287_05,C0287,A0287_5,A0287_6,58514,2026-01-03 19:46:00,Transfer
T0288_01,C0288,A0288_1,A0288_2,183826,2026-04-14 15:52:00,Transfer
T0288_02,C0288,A0288_2,A0288_3,116820,2026-04-14 16:26:00,Transfer
T0288_03,C0288,A0288_3,A0288_4,90034,2026-04-14 17:01:00,Transfer
T0288_04,C0288,A0288_4,A0288_5,61788,2026-04-14 17:13:00,Transfer
T0288_05,C0288,A0288_5,A0288_6,34562,2026-04-14 17:31:00,Transfer
T0289_01,C0289,A0289_1,A0289_2,88080,2026-07-05 14:33:00,Transfer
T0289_02,C0289,A0289_2,A0289_3,64409,2026-07-05 14:50:00,Transfer
T0289_03,C0289,A0289_3,A0289_4,56174,2026-07-05 15:06:00,Transfer
T0290_01,C0290,A0290_1,A0290_2,17982,2026-07-20 20:07:00,Transfer
T0290_02,C0290,A0290_2,A0290_3,16280,2026-07-20 20:39:00,Transfer
T0290_03,C0290,A0290_3,A0290_4,10352,2026-07-20 20:45:00,Transfer
T0290_04,C0290,A0290_4,A0290_5,7222,2026-07-20 21:20:00,Transfer
T0291_01,C0291,A0291_1,A0291_2,108523,2026-07-19 14:05:00,Transfer
T0291_02,C0291,A0291_2,A0291_3,80235,2026-07-19 14:17:00,Transfer
T0291_03,C0291,A0291_3,A0291_4,74428,2026-07-19 14:42:00,Transfer
T0291_04,C0291,A0291_4,A0291_5,68375,2026-07-19 14:51:00,Transfer
T0291_05,C0291,A0291_5,A0291_6,54060,2026-07-19 15:19:00,Transfer
T0291_06,C0291,A0291_6,A0291_7,32118,2026-07-19 15:44:00,Transfer
T0292_01,C0292,A0292_1,A0292_2,91383,2026-02-09 04:43:00,Transfer
T0292_02,C0292,A0292_2,A0292_3,52730,2026-02-09 04:47:00,Transfer
T0292_03,C0292,A0292_3,A0292_4,37808,2026-02-09 05:08:00,Transfer
T0292_04,C0292,A0292_4,A0292_5,29350,2026-02-09 05:31:00,Transfer
T0292_05,C0292,A0292_5,A0292_6,25315,2026-02-09 06:03:00,Transfer
T0293_01,C0293,A0293_1,A0293_2,97659,2026-02-05 17:37:00,Transfer
T0293_02,C0293,A0293_2,A0293_3,87539,2026-02-05 17:40:00,Transfer
T0293_03,C0293,A0293_3,A0293_4,68175,2026-02-05 18:01:00,Transfer
T0293_04,C0293,A0293_4,A0293_5,52795,2026-02-05 18:10:00,Transfer
T0293_05,C0293,A0293_5,A0293_6,42635,2026-02-05 18:17:00,Transfer
T0293_06,C0293,A0293_6,A0293_7,26730,2026-02-05 18:22:00,Transfer
T0294_01,C0294,A0294_1,A0294_2,49215,2026-05-02 17:26:00,Transfer
T0294_02,C0294,A0294_2,A0294_3,36743,2026-05-02 17:29:00,Transfer
T0294_03,C0294,A0294_3,A0294_4,25205,2026-05-02 17:42:00,Transfer
T0294_04,C0294,A0294_4,A0294_5,18046,2026-05-02 18:17:00,Transfer
T0295_01,C0295,A0295_1,A0295_2,130031,2026-01-30 03:35:00,Transfer
T0295_02,C0295,A0295_2,A0295_3,88163,2026-01-30 04:03:00,Transfer
T0295_03,C0295,A0295_3,A0295_4,79981,2026-01-30 04:21:00,Transfer
T0295_04,C0295,A0295_4,A0295_5,56003,2026-01-30 04:30:00,Transfer
T0295_05,C0295,A0295_5,A0295_6,31963,2026-01-30 04:47:00,Transfer
T0296_01,C0296,A0296_1,A0296_2,96943,2026-05-07 17:34:00,Transfer
T0296_02,C0296,A0296_2,A0296_3,63755,2026-05-07 17:42:00,Transfer
T0296_03,C0296,A0296_3,A0296_4,41346,2026-05-07 17:52:00,Transfer
T0297_01,C0297,A0297_1,A0297_2,119001,2026-01-22 22:06:00,Transfer
T0297_02,C0297,A0297_2,A0297_3,65476,2026-01-22 22:38:00,Transfer
T0297_03,C0297,A0297_3,A0297_4,43169,2026-01-22 22:56:00,Transfer
T0297_04,C0297,A0297_4,A0297_5,38238,2026-01-22 23:22:00,Transfer
T0298_01,C0298,A0298_1,A0298_2,206705,2026-08-04 17:51:00,Transfer
T0298_02,C0298,A0298_2,A0298_3,164160,2026-08-04 18:13:00,Transfer
T0298_03,C0298,A0298_3,A0298_4,148330,2026-08-04 18:36:00,Transfer
T0298_04,C0298,A0298_4,A0298_5,119267,2026-08-04 19:06:00,Transfer
T0299_01,C0299,A0299_1,A0299_2,68895,2026-03-24 12:04:00,Transfer
T0299_02,C0299,A0299_2,A0299_3,59588,2026-03-24 12:10:00,Transfer
T0299_03,C0299,A0299_3,A0299_4,45612,2026-03-24 12:40:00,Transfer
T0299_04,C0299,A0299_4,A0299_5,37351,2026-03-24 13:04:00,Transfer
T0299_05,C0299,A0299_5,A0299_6,35065,2026-03-24 13:30:00,Transfer
T0300_01,C0300,A0300_1,A0300_2,45114,2026-08-04 00:30:00,Transfer
T0300_02,C0300,A0300_2,A0300_3,42268,2026-08-04 00:34:00,Transfer
T0300_03,C0300,A0300_3,A0300_4,27994,2026-08-04 00:49:00,Transfer
T0300_04,C0300,A0300_4,A0300_5,15476,2026-08-04 01:16:00,Transfer
T0300_05,C0300,A0300_5,A0300_6,9198,2026-08-04 01:35:00,Transfer
T0300_06,C0300,A0300_6,A0300_7,7152,2026-08-04 02:08:00,Transfer
T0301_01,C0301,A0301_1,A0301_2,114839,2026-07-09 19:32:00,Transfer
T0301_02,C0301,A0301_2,A0301_3,108727,2026-07-09 19:50:00,Transfer
T0301_03,C0301,A0301_3,A0301_4,89403,2026-07-09 20:21:00,Transfer
T0302_01,C0302,A0302_1,A0302_2,152980,2026-06-22 22:49:00,Transfer
T0302_02,C0302,A0302_2,A0302_3,84454,2026-06-22 23:03:00,Transfer
T0302_03,C0302,A0302_3,A0302_4,57756,2026-06-22 23:06:00,Transfer
T0302_04,C0302,A0302_4,A0302_5,54643,2026-06-22 23:22:00,Transfer
T0302_05,C0302,A0302_5,A0302_6,51432,2026-06-22 23:51:00,Transfer
T0302_06,C0302,A0302_6,A0302_7,47991,2026-06-23 00:08:00,Transfer
T0303_01,C0303,A0303_1,A0303_2,119753,2026-01-17 21:57:00,Transfer
T0303_02,C0303,A0303_2,A0303_3,102465,2026-01-17 22:27:00,Transfer
T0303_03,C0303,A0303_3,A0303_4,80083,2026-01-17 22:34:00,Transfer
T0303_04,C0303,A0303_4,A0303_5,75262,2026-01-17 22:38:00,Transfer
T0303_05,C0303,A0303_5,A0303_6,52755,2026-01-17 22:44:00,Transfer
T0303_06,C0303,A0303_6,A0303_7,45530,2026-01-17 22:49:00,Transfer
T0304_01,C0304,A0304_1,A0304_2,48237,2026-06-06 21:34:00,Transfer
T0304_02,C0304,A0304_2,A0304_3,35278,2026-06-06 22:05:00,Transfer
T0304_03,C0304,A0304_3,A0304_4,30623,2026-06-06 22:13:00,Transfer
T0305_01,C0305,A0305_1,A0305_2,16680,2026-07-20 01:36:00,Transfer
T0305_02,C0305,A0305_2,A0305_3,14008,2026-07-20 02:06:00,Transfer
T0305_03,C0305,A0305_3,A0305_4,8746,2026-07-20 02:16:00,Transfer
T0305_04,C0305,A0305_4,A0305_5,7598,2026-07-20 02:21:00,Transfer
T0306_01,C0306,A0306_1,A0306_2,96704,2026-05-12 22:55:00,Transfer
T0306_02,C0306,A0306_2,A0306_3,84874,2026-05-12 23:00:00,Transfer
T0306_03,C0306,A0306_3,A0306_4,61009,2026-05-12 23:14:00,Transfer
T0306_04,C0306,A0306_4,A0306_5,57385,2026-05-12 23:28:00,Transfer
T0307_01,C0307,A0307_1,A0307_2,92152,2026-05-03 00:07:00,Transfer
T0307_02,C0307,A0307_2,A0307_3,59494,2026-05-03 00:30:00,Transfer
T0307_03,C0307,A0307_3,A0307_4,51932,2026-05-03 00:56:00,Transfer
T0307_04,C0307,A0307_4,A0307_5,32827,2026-05-03 01:09:00,Transfer
T0307_05,C0307,A0307_5,A0307_6,28901,2026-05-03 01:11:00,Transfer
T0308_01,C0308,A0308_1,A0308_2,485309,2026-01-08 19:21:00,Transfer
T0308_02,C0308,A0308_2,A0308_3,301579,2026-01-08 19:24:00,Transfer
T0308_03,C0308,A0308_3,A0308_4,187108,2026-01-08 19:42:00,Transfer
T0308_04,C0308,A0308_4,A0308_5,171065,2026-01-08 19:45:00,Transfer
T0308_05,C0308,A0308_5,A0308_6,150978,2026-01-08 19:55:00,Transfer
T0309_01,C0309,A0309_1,A0309_2,83280,2026-01-29 12:07:00,Transfer
T0309_02,C0309,A0309_2,A0309_3,56395,2026-01-29 12:36:00,Transfer
T0309_03,C0309,A0309_3,A0309_4,53055,2026-01-29 12:53:00,Transfer
T0309_04,C0309,A0309_4,A0309_5,48726,2026-01-29 13:07:00,Transfer
T0309_05,C0309,A0309_5,A0309_6,43452,2026-01-29 13:27:00,Transfer
T0309_06,C0309,A0309_6,A0309_7,37622,2026-01-29 13:49:00,Transfer
T0310_01,C0310,A0310_1,A0310_2,102809,2026-03-13 05:12:00,Transfer
T0310_02,C0310,A0310_2,A0310_3,75637,2026-03-13 05:34:00,Transfer
T0310_03,C0310,A0310_3,A0310_4,63156,2026-03-13 06:09:00,Transfer
T0310_04,C0310,A0310_4,A0310_5,52280,2026-03-13 06:42:00,Transfer
T0311_01,C0311,A0311_1,A0311_2,40923,2026-06-13 20:16:00,Transfer
T0311_02,C0311,A0311_2,A0311_3,34811,2026-06-13 20:36:00,Transfer
T0311_03,C0311,A0311_3,A0311_4,25335,2026-06-13 21:00:00,Transfer
T0311_04,C0311,A0311_4,A0311_5,16266,2026-06-13 21:04:00,Transfer
T0312_01,C0312,A0312_1,A0312_2,346430,2026-04-20 15:49:00,Transfer
T0312_02,C0312,A0312_2,A0312_3,299436,2026-04-20 16:05:00,Transfer
T0312_03,C0312,A0312_3,A0312_4,176476,2026-04-20 16:11:00,Transfer
T0312_04,C0312,A0312_4,A0312_5,122491,2026-04-20 16:25:00,Transfer
T0312_05,C0312,A0312_5,A0312_6,83722,2026-04-20 16:48:00,Transfer
T0312_06,C0312,A0312_6,A0312_7,54420,2026-04-20 17:07:00,Transfer
T0313_01,C0313,A0313_1,A0313_2,229302,2026-02-05 19:02:00,Transfer
T0313_02,C0313,A0313_2,A0313_3,169631,2026-02-05 19:37:00,Transfer
T0313_03,C0313,A0313_3,A0313_4,133126,2026-02-05 20:08:00,Transfer
T0313_04,C0313,A0313_4,A0313_5,111693,2026-02-05 20:39:00,Transfer
T0313_05,C0313,A0313_5,A0313_6,76650,2026-02-05 20:46:00,Transfer
T0314_01,C0314,A0314_1,A0314_2,32634,2026-07-18 00:32:00,Transfer
T0314_02,C0314,A0314_2,A0314_3,27906,2026-07-18 00:53:00,Transfer
T0314_03,C0314,A0314_3,A0314_4,18988,2026-07-18 00:56:00,Transfer
T0314_04,C0314,A0314_4,A0314_5,14754,2026-07-18 01:00:00,Transfer
T0314_05,C0314,A0314_5,A0314_6,13556,2026-07-18 01:11:00,Transfer
T0314_06,C0314,A0314_6,A0314_7,12754,2026-07-18 01:34:00,Transfer
T0315_01,C0315,A0315_1,A0315_2,64936,2026-08-22 21:37:00,Transfer
T0315_02,C0315,A0315_2,A0315_3,36411,2026-08-22 21:51:00,Transfer
T0315_03,C0315,A0315_3,A0315_4,21038,2026-08-22 22:17:00,Transfer
T0315_04,C0315,A0315_4,A0315_5,13959,2026-08-22 22:33:00,Transfer
T0315_05,C0315,A0315_5,A0315_6,9302,2026-08-22 23:08:00,Transfer
T0315_06,C0315,A0315_6,A0315_7,5376,2026-08-22 23:13:00,Transfer
T0316_01,C0316,A0316_1,A0316_2,18665,2026-03-25 14:45:00,Transfer
T0316_02,C0316,A0316_2,A0316_3,11451,2026-03-25 15:06:00,Transfer
T0316_03,C0316,A0316_3,A0316_4,8988,2026-03-25 15:40:00,Transfer
T0317_01,C0317,A0317_1,A0317_2,74458,2026-02-21 00:39:00,Transfer
T0317_02,C0317,A0317_2,A0317_3,60200,2026-02-21 01:10:00,Transfer
T0317_03,C0317,A0317_3,A0317_4,41460,2026-02-21 01:31:00,Transfer
T0318_01,C0318,A0318_1,A0318_2,28740,2026-08-06 06:14:00,Transfer
T0318_02,C0318,A0318_2,A0318_3,18954,2026-08-06 06:34:00,Transfer
T0318_03,C0318,A0318_3,A0318_4,15479,2026-08-06 06:40:00,Transfer
T0318_04,C0318,A0318_4,A0318_5,12835,2026-08-06 06:55:00,Transfer
T0319_01,C0319,A0319_1,A0319_2,111914,2026-05-22 04:42:00,Transfer
T0319_02,C0319,A0319_2,A0319_3,78615,2026-05-22 05:09:00,Transfer
T0319_03,C0319,A0319_3,A0319_4,70148,2026-05-22 05:36:00,Transfer
T0320_01,C0320,A0320_1,A0320_2,22122,2026-07-01 04:54:00,Transfer
T0320_02,C0320,A0320_2,A0320_3,16898,2026-07-01 05:21:00,Transfer
T0320_03,C0320,A0320_3,A0320_4,10432,2026-07-01 05:23:00,Transfer
T0320_04,C0320,A0320_4,A0320_5,8564,2026-07-01 05:34:00,Transfer
T0320_05,C0320,A0320_5,A0320_6,6219,2026-07-01 05:47:00,Transfer
T0320_06,C0320,A0320_6,A0320_7,3959,2026-07-01 05:51:00,Transfer
T0321_01,C0321,A0321_1,A0321_2,42897,2026-06-28 01:55:00,Transfer
T0321_02,C0321,A0321_2,A0321_3,29377,2026-06-28 02:09:00,Transfer
T0321_03,C0321,A0321_3,A0321_4,24147,2026-06-28 02:15:00,Transfer
T0321_04,C0321,A0321_4,A0321_5,15411,2026-06-28 02:23:00,Transfer
T0321_05,C0321,A0321_5,A0321_6,13388,2026-06-28 02:35:00,Transfer
T0321_06,C0321,A0321_6,A0321_7,11240,2026-06-28 02:39:00,Transfer
T0322_01,C0322,A0322_1,A0322_2,45075,2026-03-25 11:28:00,Transfer
T0322_02,C0322,A0322_2,A0322_3,33062,2026-03-25 11:34:00,Transfer
T0322_03,C0322,A0322_3,A0322_4,26885,2026-03-25 11:53:00,Transfer
T0322_04,C0322,A0322_4,A0322_5,21776,2026-03-25 12:18:00,Transfer
T0323_01,C0323,A0323_1,A0323_2,67459,2026-04-16 10:42:00,Transfer
T0323_02,C0323,A0323_2,A0323_3,46062,2026-04-16 11:04:00,Transfer
T0323_03,C0323,A0323_3,A0323_4,43353,2026-04-16 11:36:00,Transfer
T0324_01,C0324,A0324_1,A0324_2,9224,2026-08-22 20:13:00,Transfer
T0324_02,C0324,A0324_2,A0324_3,5580,2026-08-22 20:46:00,Transfer
T0324_03,C0324,A0324_3,A0324_4,3731,2026-08-22 20:57:00,Transfer
T0324_04,C0324,A0324_4,A0324_5,2612,2026-08-22 21:01:00,Transfer
T0325_01,C0325,A0325_1,A0325_2,47520,2026-04-24 11:50:00,Transfer
T0325_02,C0325,A0325_2,A0325_3,41369,2026-04-24 12:06:00,Transfer
T0325_03,C0325,A0325_3,A0325_4,32814,2026-04-24 12:32:00,Transfer
T0325_04,C0325,A0325_4,A0325_5,24892,2026-04-24 12:45:00,Transfer
T0325_05,C0325,A0325_5,A0325_6,18095,2026-04-24 12:47:00,Transfer
T0326_01,C0326,A0326_1,A0326_2,270231,2026-02-19 02:12:00,Transfer
T0326_02,C0326,A0326_2,A0326_3,175101,2026-02-19 02:25:00,Transfer
T0326_03,C0326,A0326_3,A0326_4,138739,2026-02-19 02:46:00,Transfer
T0326_04,C0326,A0326_4,A0326_5,92142,2026-02-19 03:16:00,Transfer
T0327_01,C0327,A0327_1,A0327_2,63554,2026-07-20 16:48:00,Transfer
T0327_02,C0327,A0327_2,A0327_3,49009,2026-07-20 17:01:00,Transfer
T0327_03,C0327,A0327_3,A0327_4,31998,2026-07-20 17:32:00,Transfer
T0327_04,C0327,A0327_4,A0327_5,21513,2026-07-20 17:52:00,Transfer
T0327_05,C0327,A0327_5,A0327_6,15060,2026-07-20 18:24:00,Transfer
T0327_06,C0327,A0327_6,A0327_7,8716,2026-07-20 18:34:00,Transfer
T0328_01,C0328,A0328_1,A0328_2,551577,2026-08-23 06:46:00,Transfer
T0328_02,C0328,A0328_2,A0328_3,346220,2026-08-23 07:15:00,Transfer
T0328_03,C0328,A0328_3,A0328_4,322967,2026-08-23 07:39:00,Transfer
T0328_04,C0328,A0328_4,A0328_5,243466,2026-08-23 08:12:00,Transfer
T0328_05,C0328,A0328_5,A0328_6,195744,2026-08-23 08:37:00,Transfer
T0329_01,C0329,A0329_1,A0329_2,79971,2026-08-26 14:50:00,Transfer
T0329_02,C0329,A0329_2,A0329_3,44378,2026-08-26 14:57:00,Transfer
T0329_03,C0329,A0329_3,A0329_4,35846,2026-08-26 15:23:00,Transfer
T0329_04,C0329,A0329_4,A0329_5,25417,2026-08-26 15:30:00,Transfer
T0329_05,C0329,A0329_5,A0329_6,19251,2026-08-26 15:44:00,Transfer
T0329_06,C0329,A0329_6,A0329_7,17333,2026-08-26 15:56:00,Transfer
T0330_01,C0330,A0330_1,A0330_2,64744,2026-05-09 18:35:00,Transfer
T0330_02,C0330,A0330_2,A0330_3,56751,2026-05-09 18:37:00,Transfer
T0330_03,C0330,A0330_3,A0330_4,33412,2026-05-09 19:05:00,Transfer
T0330_04,C0330,A0330_4,A0330_5,25392,2026-05-09 19:25:00,Transfer
T0330_05,C0330,A0330_5,A0330_6,21410,2026-05-09 19:37:00,Transfer
T0330_06,C0330,A0330_6,A0330_7,13286,2026-05-09 19:50:00,Transfer
T0331_01,C0331,A0331_1,A0331_2,36774,2026-02-16 17:24:00,Transfer
T0331_02,C0331,A0331_2,A0331_3,25781,2026-02-16 17:43:00,Transfer
T0331_03,C0331,A0331_3,A0331_4,14842,2026-02-16 17:46:00,Transfer
T0331_04,C0331,A0331_4,A0331_5,11639,2026-02-16 18:18:00,Transfer
T0332_01,C0332,A0332_1,A0332_2,77126,2026-01-03 02:41:00,Transfer
T0332_02,C0332,A0332_2,A0332_3,53858,2026-01-03 03:04:00,Transfer
T0332_03,C0332,A0332_3,A0332_4,51153,2026-01-03 03:21:00,Transfer
T0333_01,C0333,A0333_1,A0333_2,52602,2026-06-06 02:25:00,Transfer
T0333_02,C0333,A0333_2,A0333_3,36683,2026-06-06 02:57:00,Transfer
T0333_03,C0333,A0333_3,A0333_4,27731,2026-06-06 03:11:00,Transfer
T0334_01,C0334,A0334_1,A0334_2,56213,2026-07-28 11:36:00,Transfer
T0334_02,C0334,A0334_2,A0334_3,53107,2026-07-28 11:44:00,Transfer
T0334_03,C0334,A0334_3,A0334_4,44806,2026-07-28 12:04:00,Transfer
T0335_01,C0335,A0335_1,A0335_2,7763,2026-08-11 18:07:00,Transfer
T0335_02,C0335,A0335_2,A0335_3,6608,2026-08-11 18:14:00,Transfer
T0335_03,C0335,A0335_3,A0335_4,3913,2026-08-11 18:17:00,Transfer
T0335_04,C0335,A0335_4,A0335_5,2402,2026-08-11 18:39:00,Transfer
T0336_01,C0336,A0336_1,A0336_2,189902,2026-03-07 23:22:00,Transfer
T0336_02,C0336,A0336_2,A0336_3,154118,2026-03-07 23:51:00,Transfer
T0336_03,C0336,A0336_3,A0336_4,134603,2026-03-08 00:07:00,Transfer
T0336_04,C0336,A0336_4,A0336_5,87981,2026-03-08 00:27:00,Transfer
T0337_01,C0337,A0337_1,A0337_2,66062,2026-07-09 20:36:00,Transfer
T0337_02,C0337,A0337_2,A0337_3,50068,2026-07-09 20:52:00,Transfer
T0337_03,C0337,A0337_3,A0337_4,29672,2026-07-09 20:54:00,Transfer
T0337_04,C0337,A0337_4,A0337_5,22708,2026-07-09 21:25:00,Transfer
T0337_05,C0337,A0337_5,A0337_6,15359,2026-07-09 21:45:00,Transfer
T0338_01,C0338,A0338_1,A0338_2,24259,2026-02-07 21:06:00,Transfer
T0338_02,C0338,A0338_2,A0338_3,13913,2026-02-07 21:29:00,Transfer
T0338_03,C0338,A0338_3,A0338_4,8501,2026-02-07 21:44:00,Transfer
T0339_01,C0339,A0339_1,A0339_2,23801,2026-01-14 06:41:00,Transfer
T0339_02,C0339,A0339_2,A0339_3,15778,2026-01-14 06:55:00,Transfer
T0339_03,C0339,A0339_3,A0339_4,13102,2026-01-14 07:22:00,Transfer
T0339_04,C0339,A0339_4,A0339_5,7716,2026-01-14 07:44:00,Transfer
T0339_05,C0339,A0339_5,A0339_6,6565,2026-01-14 07:49:00,Transfer
T0340_01,C0340,A0340_1,A0340_2,148105,2026-02-11 20:18:00,Transfer
T0340_02,C0340,A0340_2,A0340_3,121709,2026-02-11 20:30:00,Transfer
T0340_03,C0340,A0340_3,A0340_4,112020,2026-02-11 20:38:00,Transfer
T0340_04,C0340,A0340_4,A0340_5,77544,2026-02-11 21:10:00,Transfer
T0340_05,C0340,A0340_5,A0340_6,48220,2026-02-11 21:15:00,Transfer
T0340_06,C0340,A0340_6,A0340_7,28784,2026-02-11 21:49:00,Transfer
T0341_01,C0341,A0341_1,A0341_2,153250,2026-02-08 21:46:00,Transfer
T0341_02,C0341,A0341_2,A0341_3,131962,2026-02-08 22:12:00,Transfer
T0341_03,C0341,A0341_3,A0341_4,87106,2026-02-08 22:42:00,Transfer
T0342_01,C0342,A0342_1,A0342_2,46245,2026-01-22 04:46:00,Transfer
T0342_02,C0342,A0342_2,A0342_3,30953,2026-01-22 04:56:00,Transfer
T0342_03,C0342,A0342_3,A0342_4,18255,2026-01-22 05:02:00,Transfer
T0343_01,C0343,A0343_1,A0343_2,33659,2026-05-18 06:39:00,Transfer
T0343_02,C0343,A0343_2,A0343_3,18584,2026-05-18 07:09:00,Transfer
T0343_03,C0343,A0343_3,A0343_4,16171,2026-05-18 07:18:00,Transfer
T0343_04,C0343,A0343_4,A0343_5,9147,2026-05-18 07:33:00,Transfer
T0343_05,C0343,A0343_5,A0343_6,7418,2026-05-18 07:40:00,Transfer
T0343_06,C0343,A0343_6,A0343_7,5748,2026-05-18 07:44:00,Transfer
T0344_01,C0344,A0344_1,A0344_2,75439,2026-03-18 13:07:00,Transfer
T0344_02,C0344,A0344_2,A0344_3,59783,2026-03-18 13:41:00,Transfer
T0344_03,C0344,A0344_3,A0344_4,37898,2026-03-18 13:49:00,Transfer
T0344_04,C0344,A0344_4,A0344_5,30888,2026-03-18 13:53:00,Transfer
T0344_05,C0344,A0344_5,A0344_6,19917,2026-03-18 14:07:00,Transfer
T0344_06,C0344,A0344_6,A0344_7,12082,2026-03-18 14:22:00,Transfer
T0345_01,C0345,A0345_1,A0345_2,102118,2026-06-01 12:43:00,Transfer
T0345_02,C0345,A0345_2,A0345_3,96822,2026-06-01 12:57:00,Transfer
T0345_03,C0345,A0345_3,A0345_4,80921,2026-06-01 13:31:00,Transfer
T0345_04,C0345,A0345_4,A0345_5,64087,2026-06-01 13:59:00,Transfer
T0345_05,C0345,A0345_5,A0345_6,56308,2026-06-01 14:21:00,Transfer
T0345_06,C0345,A0345_6,A0345_7,53322,2026-06-01 14:50:00,Transfer
T0346_01,C0346,A0346_1,A0346_2,67242,2026-03-05 03:01:00,Transfer
T0346_02,C0346,A0346_2,A0346_3,44343,2026-03-05 03:09:00,Transfer
T0346_03,C0346,A0346_3,A0346_4,31078,2026-03-05 03:25:00,Transfer
T0347_01,C0347,A0347_1,A0347_2,32453,2026-08-25 04:59:00,Transfer
T0347_02,C0347,A0347_2,A0347_3,24039,2026-08-25 05:09:00,Transfer
T0347_03,C0347,A0347_3,A0347_4,15712,2026-08-25 05:43:00,Transfer
T0347_04,C0347,A0347_4,A0347_5,13124,2026-08-25 05:53:00,Transfer
T0347_05,C0347,A0347_5,A0347_6,7967,2026-08-25 06:12:00,Transfer
T0347_06,C0347,A0347_6,A0347_7,4550,2026-08-25 06:37:00,Transfer
T0348_01,C0348,A0348_1,A0348_2,142732,2026-06-05 14:36:00,Transfer
T0348_02,C0348,A0348_2,A0348_3,82881,2026-06-05 14:53:00,Transfer
T0348_03,C0348,A0348_3,A0348_4,76909,2026-06-05 15:05:00,Transfer
T0348_04,C0348,A0348_4,A0348_5,59998,2026-06-05 15:12:00,Transfer
T0348_05,C0348,A0348_5,A0348_6,50840,2026-06-05 15:45:00,Transfer
T0348_06,C0348,A0348_6,A0348_7,44400,2026-06-05 15:47:00,Transfer
T0349_01,C0349,A0349_1,A0349_2,110321,2026-08-27 05:16:00,Transfer
T0349_02,C0349,A0349_2,A0349_3,104549,2026-08-27 05:51:00,Transfer
T0349_03,C0349,A0349_3,A0349_4,86109,2026-08-27 05:55:00,Transfer
T0350_01,C0350,A0350_1,A0350_2,143497,2026-06-22 18:15:00,Transfer
T0350_02,C0350,A0350_2,A0350_3,126663,2026-06-22 18:24:00,Transfer
T0350_03,C0350,A0350_3,A0350_4,84360,2026-06-22 18:56:00,Transfer
T0351_01,C0351,A0351_1,A0351_2,44853,2026-07-08 22:13:00,Transfer
T0351_02,C0351,A0351_2,A0351_3,26591,2026-07-08 22:37:00,Transfer
T0351_03,C0351,A0351_3,A0351_4,24093,2026-07-08 22:50:00,Transfer
T0351_04,C0351,A0351_4,A0351_5,17125,2026-07-08 22:52:00,Transfer
T0352_01,C0352,A0352_1,A0352_2,33781,2026-01-22 18:44:00,Transfer
T0352_02,C0352,A0352_2,A0352_3,27447,2026-01-22 19:14:00,Transfer
T0352_03,C0352,A0352_3,A0352_4,16872,2026-01-22 19:38:00,Transfer
T0352_04,C0352,A0352_4,A0352_5,14321,2026-01-22 19:40:00,Transfer
T0352_05,C0352,A0352_5,A0352_6,9934,2026-01-22 19:54:00,Transfer
T0352_06,C0352,A0352_6,A0352_7,5903,2026-01-22 20:14:00,Transfer
T0353_01,C0353,A0353_1,A0353_2,24479,2026-07-10 11:58:00,Transfer
T0353_02,C0353,A0353_2,A0353_3,18377,2026-07-10 12:24:00,Transfer
T0353_03,C0353,A0353_3,A0353_4,11073,2026-07-10 12:32:00,Transfer
T0353_04,C0353,A0353_4,A0353_5,9601,2026-07-10 12:42:00,Transfer
T0354_01,C0354,A0354_1,A0354_2,30219,2026-07-16 23:41:00,Transfer
T0354_02,C0354,A0354_2,A0354_3,19635,2026-07-16 23:50:00,Transfer
T0354_03,C0354,A0354_3,A0354_4,17586,2026-07-17 00:07:00,Transfer
T0354_04,C0354,A0354_4,A0354_5,14359,2026-07-17 00:36:00,Transfer
T0354_05,C0354,A0354_5,A0354_6,9037,2026-07-17 00:44:00,Transfer
T0355_01,C0355,A0355_1,A0355_2,13276,2026-02-16 07:05:00,Transfer
T0355_02,C0355,A0355_2,A0355_3,8929,2026-02-16 07:21:00,Transfer
T0355_03,C0355,A0355_3,A0355_4,5703,2026-02-16 07:50:00,Transfer
T0355_04,C0355,A0355_4,A0355_5,4229,2026-02-16 08:24:00,Transfer
T0356_01,C0356,A0356_1,A0356_2,78381,2026-01-29 09:37:00,Transfer
T0356_02,C0356,A0356_2,A0356_3,56619,2026-01-29 09:55:00,Transfer
T0356_03,C0356,A0356_3,A0356_4,52617,2026-01-29 10:20:00,Transfer
T0356_04,C0356,A0356_4,A0356_5,35974,2026-01-29 10:29:00,Transfer
T0356_05,C0356,A0356_5,A0356_6,21179,2026-01-29 10:31:00,Transfer
T0357_01,C0357,A0357_1,A0357_2,40556,2026-02-03 11:57:00,Transfer
T0357_02,C0357,A0357_2,A0357_3,37319,2026-02-03 12:03:00,Transfer
T0357_03,C0357,A0357_3,A0357_4,34584,2026-02-03 12:26:00,Transfer
T0357_04,C0357,A0357_4,A0357_5,23191,2026-02-03 12:58:00,Transfer
T0357_05,C0357,A0357_5,A0357_6,21935,2026-02-03 13:12:00,Transfer
T0358_01,C0358,A0358_1,A0358_2,80410,2026-02-02 06:53:00,Transfer
T0358_02,C0358,A0358_2,A0358_3,53542,2026-02-02 06:58:00,Transfer
T0358_03,C0358,A0358_3,A0358_4,46461,2026-02-02 07:12:00,Transfer
T0358_04,C0358,A0358_4,A0358_5,39319,2026-02-02 07:39:00,Transfer
T0358_05,C0358,A0358_5,A0358_6,29411,2026-02-02 08:13:00,Transfer
T0359_01,C0359,A0359_1,A0359_2,71606,2026-05-11 13:41:00,Transfer
T0359_02,C0359,A0359_2,A0359_3,47871,2026-05-11 14:00:00,Transfer
T0359_03,C0359,A0359_3,A0359_4,36901,2026-05-11 14:12:00,Transfer
T0359_04,C0359,A0359_4,A0359_5,23600,2026-05-11 14:29:00,Transfer
T0359_05,C0359,A0359_5,A0359_6,15735,2026-05-11 14:40:00,Transfer
T0359_06,C0359,A0359_6,A0359_7,14583,2026-05-11 14:59:00,Transfer
T0360_01,C0360,A0360_1,A0360_2,62710,2026-01-14 22:34:00,Transfer
T0360_02,C0360,A0360_2,A0360_3,57024,2026-01-14 22:54:00,Transfer
T0360_03,C0360,A0360_3,A0360_4,38767,2026-01-14 22:59:00,Transfer
T0361_01,C0361,A0361_1,A0361_2,80904,2026-04-02 08:19:00,Transfer
T0361_02,C0361,A0361_2,A0361_3,51637,2026-04-02 08:38:00,Transfer
T0361_03,C0361,A0361_3,A0361_4,32612,2026-04-02 09:05:00,Transfer
T0361_04,C0361,A0361_4,A0361_5,19966,2026-04-02 09:21:00,Transfer
T0361_05,C0361,A0361_5,A0361_6,16809,2026-04-02 09:50:00,Transfer
T0362_01,C0362,A0362_1,A0362_2,29825,2026-01-24 17:17:00,Transfer
T0362_02,C0362,A0362_2,A0362_3,17232,2026-01-24 17:23:00,Transfer
T0362_03,C0362,A0362_3,A0362_4,12416,2026-01-24 17:54:00,Transfer
T0362_04,C0362,A0362_4,A0362_5,11343,2026-01-24 18:21:00,Transfer
T0363_01,C0363,A0363_1,A0363_2,87928,2026-07-06 00:53:00,Transfer
T0363_02,C0363,A0363_2,A0363_3,78351,2026-07-06 01:00:00,Transfer
T0363_03,C0363,A0363_3,A0363_4,49433,2026-07-06 01:32:00,Transfer
T0363_04,C0363,A0363_4,A0363_5,42209,2026-07-06 02:02:00,Transfer
T0363_05,C0363,A0363_5,A0363_6,36982,2026-07-06 02:23:00,Transfer
T0363_06,C0363,A0363_6,A0363_7,25247,2026-07-06 02:34:00,Transfer
T0364_01,C0364,A0364_1,A0364_2,56791,2026-03-10 22:04:00,Transfer
T0364_02,C0364,A0364_2,A0364_3,39989,2026-03-10 22:28:00,Transfer
T0364_03,C0364,A0364_3,A0364_4,32476,2026-03-10 22:44:00,Transfer
T0365_01,C0365,A0365_1,A0365_2,51414,2026-08-15 04:07:00,Transfer
T0365_02,C0365,A0365_2,A0365_3,37092,2026-08-15 04:30:00,Transfer
T0365_03,C0365,A0365_3,A0365_4,29296,2026-08-15 04:59:00,Transfer
T0366_01,C0366,A0366_1,A0366_2,100716,2026-03-19 21:37:00,Transfer
T0366_02,C0366,A0366_2,A0366_3,68295,2026-03-19 22:03:00,Transfer
T0366_03,C0366,A0366_3,A0366_4,49765,2026-03-19 22:35:00,Transfer
T0367_01,C0367,A0367_1,A0367_2,83907,2026-07-06 10:00:00,Transfer
T0367_02,C0367,A0367_2,A0367_3,59009,2026-07-06 10:33:00,Transfer
T0367_03,C0367,A0367_3,A0367_4,45171,2026-07-06 11:06:00,Transfer
T0367_04,C0367,A0367_4,A0367_5,34465,2026-07-06 11:22:00,Transfer
T0367_05,C0367,A0367_5,A0367_6,24258,2026-07-06 11:50:00,Transfer
T0368_01,C0368,A0368_1,A0368_2,167244,2026-07-27 08:09:00,Transfer
T0368_02,C0368,A0368_2,A0368_3,108206,2026-07-27 08:25:00,Transfer
T0368_03,C0368,A0368_3,A0368_4,61931,2026-07-27 08:35:00,Transfer
T0368_04,C0368,A0368_4,A0368_5,36966,2026-07-27 08:46:00,Transfer
T0368_05,C0368,A0368_5,A0368_6,25912,2026-07-27 08:49:00,Transfer
T0369_01,C0369,A0369_1,A0369_2,104004,2026-01-15 00:49:00,Transfer
T0369_02,C0369,A0369_2,A0369_3,86263,2026-01-15 01:10:00,Transfer
T0369_03,C0369,A0369_3,A0369_4,63668,2026-01-15 01:33:00,Transfer
T0369_04,C0369,A0369_4,A0369_5,46324,2026-01-15 01:35:00,Transfer
T0369_05,C0369,A0369_5,A0369_6,30791,2026-01-15 01:46:00,Transfer
T0369_06,C0369,A0369_6,A0369_7,17674,2026-01-15 01:50:00,Transfer
T0370_01,C0370,A0370_1,A0370_2,269154,2026-02-11 00:36:00,Transfer
T0370_02,C0370,A0370_2,A0370_3,171602,2026-02-11 00:49:00,Transfer
T0370_03,C0370,A0370_3,A0370_4,150838,2026-02-11 00:55:00,Transfer
T0370_04,C0370,A0370_4,A0370_5,132228,2026-02-11 01:26:00,Transfer
T0370_05,C0370,A0370_5,A0370_6,97976,2026-02-11 01:53:00,Transfer
T0370_06,C0370,A0370_6,A0370_7,86307,2026-02-11 02:05:00,Transfer
T0371_01,C0371,A0371_1,A0371_2,14555,2026-04-19 06:45:00,Transfer
T0371_02,C0371,A0371_2,A0371_3,12409,2026-04-19 07:06:00,Transfer
T0371_03,C0371,A0371_3,A0371_4,7756,2026-04-19 07:20:00,Transfer
T0372_01,C0372,A0372_1,A0372_2,50413,2026-03-10 03:09:00,Transfer
T0372_02,C0372,A0372_2,A0372_3,34408,2026-03-10 03:43:00,Transfer
T0372_03,C0372,A0372_3,A0372_4,20314,2026-03-10 03:54:00,Transfer
T0372_04,C0372,A0372_4,A0372_5,11365,2026-03-10 04:20:00,Transfer
T0372_05,C0372,A0372_5,A0372_6,8418,2026-03-10 04:24:00,Transfer
T0372_06,C0372,A0372_6,A0372_7,5606,2026-03-10 04:35:00,Transfer
T0373_01,C0373,A0373_1,A0373_2,100819,2026-06-10 03:53:00,Transfer
T0373_02,C0373,A0373_2,A0373_3,57064,2026-06-10 04:19:00,Transfer
T0373_03,C0373,A0373_3,A0373_4,36843,2026-06-10 04:25:00,Transfer
T0373_04,C0373,A0373_4,A0373_5,34382,2026-06-10 04:58:00,Transfer
T0374_01,C0374,A0374_1,A0374_2,109665,2026-07-16 11:02:00,Transfer
T0374_02,C0374,A0374_2,A0374_3,93791,2026-07-16 11:32:00,Transfer
T0374_03,C0374,A0374_3,A0374_4,75981,2026-07-16 11:42:00,Transfer
T0374_04,C0374,A0374_4,A0374_5,70353,2026-07-16 12:15:00,Transfer
T0374_05,C0374,A0374_5,A0374_6,39808,2026-07-16 12:35:00,Transfer
T0374_06,C0374,A0374_6,A0374_7,28278,2026-07-16 12:45:00,Transfer
T0375_01,C0375,A0375_1,A0375_2,42937,2026-06-09 11:21:00,Transfer
T0375_02,C0375,A0375_2,A0375_3,38279,2026-06-09 11:37:00,Transfer
T0375_03,C0375,A0375_3,A0375_4,26997,2026-06-09 12:08:00,Transfer
T0375_04,C0375,A0375_4,A0375_5,22074,2026-06-09 12:32:00,Transfer
T0375_05,C0375,A0375_5,A0375_6,16254,2026-06-09 13:03:00,Transfer
T0375_06,C0375,A0375_6,A0375_7,9649,2026-06-09 13:16:00,Transfer
T0376_01,C0376,A0376_1,A0376_2,29058,2026-08-25 14:05:00,Transfer
T0376_02,C0376,A0376_2,A0376_3,19703,2026-08-25 14:09:00,Transfer
T0376_03,C0376,A0376_3,A0376_4,18621,2026-08-25 14:35:00,Transfer
T0376_04,C0376,A0376_4,A0376_5,10706,2026-08-25 15:00:00,Transfer
T0376_05,C0376,A0376_5,A0376_6,9269,2026-08-25 15:32:00,Transfer
T0376_06,C0376,A0376_6,A0376_7,5889,2026-08-25 15:47:00,Transfer
T0377_01,C0377,A0377_1,A0377_2,40412,2026-03-06 21:56:00,Transfer
T0377_02,C0377,A0377_2,A0377_3,36693,2026-03-06 22:25:00,Transfer
T0377_03,C0377,A0377_3,A0377_4,25201,2026-03-06 22:46:00,Transfer
T0377_04,C0377,A0377_4,A0377_5,15519,2026-03-06 23:10:00,Transfer
T0378_01,C0378,A0378_1,A0378_2,25999,2026-06-26 06:13:00,Transfer
T0378_02,C0378,A0378_2,A0378_3,24010,2026-06-26 06:46:00,Transfer
T0378_03,C0378,A0378_3,A0378_4,21506,2026-06-26 06:55:00,Transfer
T0378_04,C0378,A0378_4,A0378_5,18641,2026-06-26 07:23:00,Transfer
T0378_05,C0378,A0378_5,A0378_6,12212,2026-06-26 07:25:00,Transfer
T0378_06,C0378,A0378_6,A0378_7,11543,2026-06-26 07:35:00,Transfer
T0379_01,C0379,A0379_1,A0379_2,103589,2026-05-29 03:47:00,Transfer
T0379_02,C0379,A0379_2,A0379_3,57644,2026-05-29 04:08:00,Transfer
T0379_03,C0379,A0379_3,A0379_4,43281,2026-05-29 04:17:00,Transfer
T0379_04,C0379,A0379_4,A0379_5,35911,2026-05-29 04:48:00,Transfer
T0380_01,C0380,A0380_1,A0380_2,33415,2026-08-01 19:14:00,Transfer
T0380_02,C0380,A0380_2,A0380_3,26853,2026-08-01 19:22:00,Transfer
T0380_03,C0380,A0380_3,A0380_4,25460,2026-08-01 19:30:00,Transfer
T0381_01,C0381,A0381_1,A0381_2,40327,2026-08-27 14:42:00,Transfer
T0381_02,C0381,A0381_2,A0381_3,31077,2026-08-27 14:51:00,Transfer
T0381_03,C0381,A0381_3,A0381_4,19523,2026-08-27 15:23:00,Transfer
T0382_01,C0382,A0382_1,A0382_2,427698,2026-08-22 16:28:00,Transfer
T0382_02,C0382,A0382_2,A0382_3,240823,2026-08-22 16:31:00,Transfer
T0382_03,C0382,A0382_3,A0382_4,147227,2026-08-22 16:56:00,Transfer
T0383_01,C0383,A0383_1,A0383_2,228630,2026-06-03 11:40:00,Transfer
T0383_02,C0383,A0383_2,A0383_3,140236,2026-06-03 11:56:00,Transfer
T0383_03,C0383,A0383_3,A0383_4,82715,2026-06-03 12:06:00,Transfer
T0383_04,C0383,A0383_4,A0383_5,62177,2026-06-03 12:33:00,Transfer
T0383_05,C0383,A0383_5,A0383_6,55164,2026-06-03 12:51:00,Transfer
T0383_06,C0383,A0383_6,A0383_7,48816,2026-06-03 13:03:00,Transfer
T0384_01,C0384,A0384_1,A0384_2,78159,2026-01-07 15:36:00,Transfer
T0384_02,C0384,A0384_2,A0384_3,48819,2026-01-07 15:52:00,Transfer
T0384_03,C0384,A0384_3,A0384_4,32648,2026-01-07 16:09:00,Transfer
T0385_01,C0385,A0385_1,A0385_2,36742,2026-04-07 09:17:00,Transfer
T0385_02,C0385,A0385_2,A0385_3,33355,2026-04-07 09:24:00,Transfer
T0385_03,C0385,A0385_3,A0385_4,19377,2026-04-07 09:49:00,Transfer
T0386_01,C0386,A0386_1,A0386_2,105144,2026-05-06 01:11:00,Transfer
T0386_02,C0386,A0386_2,A0386_3,99623,2026-05-06 01:43:00,Transfer
T0386_03,C0386,A0386_3,A0386_4,94439,2026-05-06 01:45:00,Transfer
T0386_04,C0386,A0386_4,A0386_5,57924,2026-05-06 02:03:00,Transfer
T0386_05,C0386,A0386_5,A0386_6,53326,2026-05-06 02:17:00,Transfer
T0386_06,C0386,A0386_6,A0386_7,42257,2026-05-06 02:20:00,Transfer
T0387_01,C0387,A0387_1,A0387_2,154456,2026-02-25 13:00:00,Transfer
T0387_02,C0387,A0387_2,A0387_3,128697,2026-02-25 13:20:00,Transfer
T0387_03,C0387,A0387_3,A0387_4,94826,2026-02-25 13:53:00,Transfer
T0388_01,C0388,A0388_1,A0388_2,118961,2026-08-25 07:23:00,Transfer
T0388_02,C0388,A0388_2,A0388_3,85591,2026-08-25 07:42:00,Transfer
T0388_03,C0388,A0388_3,A0388_4,75008,2026-08-25 07:50:00,Transfer
T0388_04,C0388,A0388_4,A0388_5,59475,2026-08-25 08:19:00,Transfer
T0389_01,C0389,A0389_1,A0389_2,34763,2026-08-18 22:03:00,Transfer
T0389_02,C0389,A0389_2,A0389_3,25090,2026-08-18 22:16:00,Transfer
T0389_03,C0389,A0389_3,A0389_4,17389,2026-08-18 22:22:00,Transfer
T0389_04,C0389,A0389_4,A0389_5,11060,2026-08-18 22:47:00,Transfer
T0390_01,C0390,A0390_1,A0390_2,62299,2026-02-01 00:45:00,Transfer
T0390_02,C0390,A0390_2,A0390_3,48567,2026-02-01 01:13:00,Transfer
T0390_03,C0390,A0390_3,A0390_4,39963,2026-02-01 01:42:00,Transfer
T0390_04,C0390,A0390_4,A0390_5,27059,2026-02-01 02:04:00,Transfer
T0390_05,C0390,A0390_5,A0390_6,17027,2026-02-01 02:09:00,Transfer
T0391_01,C0391,A0391_1,A0391_2,65108,2026-03-12 15:12:00,Transfer
T0391_02,C0391,A0391_2,A0391_3,36828,2026-03-12 15:15:00,Transfer
T0391_03,C0391,A0391_3,A0391_4,21278,2026-03-12 15:23:00,Transfer
T0391_04,C0391,A0391_4,A0391_5,18765,2026-03-12 15:51:00,Transfer
T0391_05,C0391,A0391_5,A0391_6,15749,2026-03-12 16:10:00,Transfer
T0391_06,C0391,A0391_6,A0391_7,10660,2026-03-12 16:34:00,Transfer
T0392_01,C0392,A0392_1,A0392_2,121255,2026-03-22 17:33:00,Transfer
T0392_02,C0392,A0392_2,A0392_3,77668,2026-03-22 17:40:00,Transfer
T0392_03,C0392,A0392_3,A0392_4,48656,2026-03-22 18:05:00,Transfer
T0392_04,C0392,A0392_4,A0392_5,42644,2026-03-22 18:07:00,Transfer
T0392_05,C0392,A0392_5,A0392_6,39387,2026-03-22 18:12:00,Transfer
T0392_06,C0392,A0392_6,A0392_7,25754,2026-03-22 18:16:00,Transfer
T0393_01,C0393,A0393_1,A0393_2,127899,2026-01-20 09:52:00,Transfer
T0393_02,C0393,A0393_2,A0393_3,97335,2026-01-20 10:24:00,Transfer
T0393_03,C0393,A0393_3,A0393_4,79280,2026-01-20 10:43:00,Transfer
T0393_04,C0393,A0393_4,A0393_5,53812,2026-01-20 11:15:00,Transfer
T0393_05,C0393,A0393_5,A0393_6,34457,2026-01-20 11:33:00,Transfer
T0394_01,C0394,A0394_1,A0394_2,145185,2026-04-01 19:35:00,Transfer
T0394_02,C0394,A0394_2,A0394_3,91969,2026-04-01 20:10:00,Transfer
T0394_03,C0394,A0394_3,A0394_4,69489,2026-04-01 20:32:00,Transfer
T0395_01,C0395,A0395_1,A0395_2,77949,2026-04-27 22:38:00,Transfer
T0395_02,C0395,A0395_2,A0395_3,47464,2026-04-27 22:46:00,Transfer
T0395_03,C0395,A0395_3,A0395_4,40249,2026-04-27 23:03:00,Transfer
T0395_04,C0395,A0395_4,A0395_5,22404,2026-04-27 23:34:00,Transfer
T0396_01,C0396,A0396_1,A0396_2,98415,2026-06-19 18:23:00,Transfer
T0396_02,C0396,A0396_2,A0396_3,79661,2026-06-19 18:52:00,Transfer
T0396_03,C0396,A0396_3,A0396_4,49993,2026-06-19 19:06:00,Transfer
T0396_04,C0396,A0396_4,A0396_5,35548,2026-06-19 19:25:00,Transfer
T0396_05,C0396,A0396_5,A0396_6,27081,2026-06-19 19:58:00,Transfer
T0397_01,C0397,A0397_1,A0397_2,87827,2026-01-13 22:26:00,Transfer
T0397_02,C0397,A0397_2,A0397_3,56029,2026-01-13 22:45:00,Transfer
T0397_03,C0397,A0397_3,A0397_4,41913,2026-01-13 22:57:00,Transfer
T0397_04,C0397,A0397_4,A0397_5,36225,2026-01-13 23:21:00,Transfer
T0398_01,C0398,A0398_1,A0398_2,30369,2026-03-15 00:27:00,Transfer
T0398_02,C0398,A0398_2,A0398_3,18859,2026-03-15 00:45:00,Transfer
T0398_03,C0398,A0398_3,A0398_4,17020,2026-03-15 00:57:00,Transfer
T0398_04,C0398,A0398_4,A0398_5,13985,2026-03-15 00:59:00,Transfer
T0398_05,C0398,A0398_5,A0398_6,11014,2026-03-15 01:31:00,Transfer
T0398_06,C0398,A0398_6,A0398_7,8626,2026-03-15 02:04:00,Transfer
T0399_01,C0399,A0399_1,A0399_2,81763,2026-07-29 01:11:00,Transfer
T0399_02,C0399,A0399_2,A0399_3,66666,2026-07-29 01:29:00,Transfer
T0399_03,C0399,A0399_3,A0399_4,46380,2026-07-29 01:31:00,Transfer
T0399_04,C0399,A0399_4,A0399_5,40865,2026-07-29 01:52:00,Transfer
T0400_01,C0400,A0400_1,A0400_2,70875,2026-07-18 22:49:00,Transfer
T0400_02,C0400,A0400_2,A0400_3,45909,2026-07-18 23:18:00,Transfer
T0400_03,C0400,A0400_3,A0400_4,31850,2026-07-18 23:25:00,Transfer
T0401_01,C0401,A0401_1,A0401_2,175976,2026-06-13 04:09:00,Transfer
T0401_02,C0401,A0401_2,A0401_3,127298,2026-06-13 04:40:00,Transfer
T0401_03,C0401,A0401_3,A0401_4,98867,2026-06-13 05:04:00,Transfer
T0401_04,C0401,A0401_4,A0401_5,65782,2026-06-13 05:06:00,Transfer
T0402_01,C0402,A0402_1,A0402_2,61693,2026-04-30 23:41:00,Transfer
T0402_02,C0402,A0402_2,A0402_3,34056,2026-05-01 00:05:00,Transfer
T0402_03,C0402,A0402_3,A0402_4,27725,2026-05-01 00:07:00,Transfer
T0402_04,C0402,A0402_4,A0402_5,15802,2026-05-01 00:17:00,Transfer
T0403_01,C0403,A0403_1,A0403_2,52220,2026-08-08 17:36:00,Transfer
T0403_02,C0403,A0403_2,A0403_3,33916,2026-08-08 18:02:00,Transfer
T0403_03,C0403,A0403_3,A0403_4,24386,2026-08-08 18:10:00,Transfer
T0404_01,C0404,A0404_1,A0404_2,91774,2026-02-14 19:57:00,Transfer
T0404_02,C0404,A0404_2,A0404_3,79197,2026-02-14 20:26:00,Transfer
T0404_03,C0404,A0404_3,A0404_4,46600,2026-02-14 21:01:00,Transfer
T0404_04,C0404,A0404_4,A0404_5,33867,2026-02-14 21:23:00,Transfer
T0405_01,C0405,A0405_1,A0405_2,164097,2026-04-02 16:33:00,Transfer
T0405_02,C0405,A0405_2,A0405_3,93767,2026-04-02 17:00:00,Transfer
T0405_03,C0405,A0405_3,A0405_4,56295,2026-04-02 17:02:00,Transfer
T0405_04,C0405,A0405_4,A0405_5,41383,2026-04-02 17:37:00,Transfer
T0405_05,C0405,A0405_5,A0405_6,30378,2026-04-02 17:42:00,Transfer
T0405_06,C0405,A0405_6,A0405_7,17736,2026-04-02 18:01:00,Transfer
T0406_01,C0406,A0406_1,A0406_2,72867,2026-06-02 04:12:00,Transfer
T0406_02,C0406,A0406_2,A0406_3,44052,2026-06-02 04:23:00,Transfer
T0406_03,C0406,A0406_3,A0406_4,29530,2026-06-02 04:44:00,Transfer
T0406_04,C0406,A0406_4,A0406_5,24736,2026-06-02 04:46:00,Transfer
T0406_05,C0406,A0406_5,A0406_6,21575,2026-06-02 05:00:00,Transfer
T0407_01,C0407,A0407_1,A0407_2,300109,2026-06-04 04:42:00,Transfer
T0407_02,C0407,A0407_2,A0407_3,266103,2026-06-04 05:00:00,Transfer
T0407_03,C0407,A0407_3,A0407_4,233817,2026-06-04 05:30:00,Transfer
T0407_04,C0407,A0407_4,A0407_5,208968,2026-06-04 05:39:00,Transfer
T0408_01,C0408,A0408_1,A0408_2,189271,2026-02-17 05:13:00,Transfer
T0408_02,C0408,A0408_2,A0408_3,139224,2026-02-17 05:42:00,Transfer
T0408_03,C0408,A0408_3,A0408_4,84824,2026-02-17 06:02:00,Transfer
T0408_04,C0408,A0408_4,A0408_5,62161,2026-02-17 06:28:00,Transfer
T0409_01,C0409,A0409_1,A0409_2,78538,2026-06-15 23:06:00,Transfer
T0409_02,C0409,A0409_2,A0409_3,55467,2026-06-15 23:12:00,Transfer
T0409_03,C0409,A0409_3,A0409_4,34378,2026-06-15 23:23:00,Transfer
T0410_01,C0410,A0410_1,A0410_2,69816,2026-03-28 16:22:00,Transfer
T0410_02,C0410,A0410_2,A0410_3,54843,2026-03-28 16:46:00,Transfer
T0410_03,C0410,A0410_3,A0410_4,42985,2026-03-28 17:13:00,Transfer
T0410_04,C0410,A0410_4,A0410_5,24803,2026-03-28 17:16:00,Transfer
T0410_05,C0410,A0410_5,A0410_6,22094,2026-03-28 17:28:00,Transfer
T0411_01,C0411,A0411_1,A0411_2,39388,2026-05-08 23:28:00,Transfer
T0411_02,C0411,A0411_2,A0411_3,28619,2026-05-08 23:53:00,Transfer
T0411_03,C0411,A0411_3,A0411_4,22683,2026-05-08 23:56:00,Transfer
T0411_04,C0411,A0411_4,A0411_5,20855,2026-05-09 00:18:00,Transfer
T0412_01,C0412,A0412_1,A0412_2,367650,2026-02-04 21:57:00,Transfer
T0412_02,C0412,A0412_2,A0412_3,294725,2026-02-04 22:05:00,Transfer
T0412_03,C0412,A0412_3,A0412_4,186094,2026-02-04 22:15:00,Transfer
T0412_04,C0412,A0412_4,A0412_5,168846,2026-02-04 22:40:00,Transfer
T0413_01,C0413,A0413_1,A0413_2,54451,2026-08-10 02:42:00,Transfer
T0413_02,C0413,A0413_2,A0413_3,46988,2026-08-10 03:03:00,Transfer
T0413_03,C0413,A0413_3,A0413_4,27740,2026-08-10 03:36:00,Transfer
T0413_04,C0413,A0413_4,A0413_5,17815,2026-08-10 03:59:00,Transfer
T0413_05,C0413,A0413_5,A0413_6,9958,2026-08-10 04:19:00,Transfer
T0413_06,C0413,A0413_6,A0413_7,9150,2026-08-10 04:37:00,Transfer
T0414_01,C0414,A0414_1,A0414_2,327215,2026-08-12 05:59:00,Transfer
T0414_02,C0414,A0414_2,A0414_3,265467,2026-08-12 06:03:00,Transfer
T0414_03,C0414,A0414_3,A0414_4,181902,2026-08-12 06:21:00,Transfer
T0414_04,C0414,A0414_4,A0414_5,114635,2026-08-12 06:26:00,Transfer
T0415_01,C0415,A0415_1,A0415_2,59971,2026-07-07 11:34:00,Transfer
T0415_02,C0415,A0415_2,A0415_3,33838,2026-07-07 12:08:00,Transfer
T0415_03,C0415,A0415_3,A0415_4,21659,2026-07-07 12:32:00,Transfer
T0415_04,C0415,A0415_4,A0415_5,15650,2026-07-07 12:53:00,Transfer
T0415_05,C0415,A0415_5,A0415_6,13499,2026-07-07 13:09:00,Transfer
T0415_06,C0415,A0415_6,A0415_7,7540,2026-07-07 13:14:00,Transfer
T0416_01,C0416,A0416_1,A0416_2,26258,2026-02-20 18:39:00,Transfer
T0416_02,C0416,A0416_2,A0416_3,19041,2026-02-20 19:04:00,Transfer
T0416_03,C0416,A0416_3,A0416_4,13151,2026-02-20 19:27:00,Transfer
T0417_01,C0417,A0417_1,A0417_2,25646,2026-03-01 03:43:00,Transfer
T0417_02,C0417,A0417_2,A0417_3,15957,2026-03-01 03:47:00,Transfer
T0417_03,C0417,A0417_3,A0417_4,10781,2026-03-01 04:04:00,Transfer
T0417_04,C0417,A0417_4,A0417_5,10233,2026-03-01 04:14:00,Transfer
T0418_01,C0418,A0418_1,A0418_2,87302,2026-02-01 22:53:00,Transfer
T0418_02,C0418,A0418_2,A0418_3,66413,2026-02-01 23:12:00,Transfer
T0418_03,C0418,A0418_3,A0418_4,44997,2026-02-01 23:46:00,Transfer
T0418_04,C0418,A0418_4,A0418_5,26627,2026-02-02 00:10:00,Transfer
T0418_05,C0418,A0418_5,A0418_6,24235,2026-02-02 00:43:00,Transfer
T0419_01,C0419,A0419_1,A0419_2,305781,2026-02-05 18:23:00,Transfer
T0419_02,C0419,A0419_2,A0419_3,202178,2026-02-05 18:49:00,Transfer
T0419_03,C0419,A0419_3,A0419_4,135492,2026-02-05 18:56:00,Transfer
T0419_04,C0419,A0419_4,A0419_5,77757,2026-02-05 19:22:00,Transfer
T0420_01,C0420,A0420_1,A0420_2,200883,2026-04-09 15:35:00,Transfer
T0420_02,C0420,A0420_2,A0420_3,184627,2026-04-09 15:53:00,Transfer
T0420_03,C0420,A0420_3,A0420_4,161381,2026-04-09 16:08:00,Transfer
T0420_04,C0420,A0420_4,A0420_5,137641,2026-04-09 16:31:00,Transfer
T0421_01,C0421,A0421_1,A0421_2,87765,2026-08-10 15:01:00,Transfer
T0421_02,C0421,A0421_2,A0421_3,76341,2026-08-10 15:20:00,Transfer
T0421_03,C0421,A0421_3,A0421_4,44599,2026-08-10 15:37:00,Transfer
T0421_04,C0421,A0421_4,A0421_5,38289,2026-08-10 15:57:00,Transfer
T0421_05,C0421,A0421_5,A0421_6,26228,2026-08-10 16:24:00,Transfer
T0421_06,C0421,A0421_6,A0421_7,14830,2026-08-10 16:43:00,Transfer
T0422_01,C0422,A0422_1,A0422_2,29569,2026-07-20 22:51:00,Transfer
T0422_02,C0422,A0422_2,A0422_3,16700,2026-07-20 23:15:00,Transfer
T0422_03,C0422,A0422_3,A0422_4,12392,2026-07-20 23:30:00,Transfer
T0423_01,C0423,A0423_1,A0423_2,102646,2026-01-21 09:38:00,Transfer
T0423_02,C0423,A0423_2,A0423_3,66008,2026-01-21 09:42:00,Transfer
T0423_03,C0423,A0423_3,A0423_4,41169,2026-01-21 10:16:00,Transfer
T0424_01,C0424,A0424_1,A0424_2,95077,2026-05-22 08:09:00,Transfer
T0424_02,C0424,A0424_2,A0424_3,60052,2026-05-22 08:34:00,Transfer
T0424_03,C0424,A0424_3,A0424_4,52945,2026-05-22 09:02:00,Transfer
T0424_04,C0424,A0424_4,A0424_5,30631,2026-05-22 09:31:00,Transfer
T0424_05,C0424,A0424_5,A0424_6,27578,2026-05-22 09:42:00,Transfer
T0425_01,C0425,A0425_1,A0425_2,51836,2026-04-03 12:09:00,Transfer
T0425_02,C0425,A0425_2,A0425_3,47998,2026-04-03 12:35:00,Transfer
T0425_03,C0425,A0425_3,A0425_4,42348,2026-04-03 12:39:00,Transfer
T0425_04,C0425,A0425_4,A0425_5,34421,2026-04-03 12:50:00,Transfer
T0425_05,C0425,A0425_5,A0425_6,24178,2026-04-03 12:57:00,Transfer
T0425_06,C0425,A0425_6,A0425_7,22535,2026-04-03 13:13:00,Transfer
T0426_01,C0426,A0426_1,A0426_2,55545,2026-06-11 19:17:00,Transfer
T0426_02,C0426,A0426_2,A0426_3,35950,2026-06-11 19:42:00,Transfer
T0426_03,C0426,A0426_3,A0426_4,23092,2026-06-11 20:04:00,Transfer
T0427_01,C0427,A0427_1,A0427_2,38548,2026-03-03 15:37:00,Transfer
T0427_02,C0427,A0427_2,A0427_3,35475,2026-03-03 15:54:00,Transfer
T0427_03,C0427,A0427_3,A0427_4,30529,2026-03-03 16:22:00,Transfer
T0428_01,C0428,A0428_1,A0428_2,223524,2026-06-05 09:31:00,Transfer
T0428_02,C0428,A0428_2,A0428_3,189356,2026-06-05 09:41:00,Transfer
T0428_03,C0428,A0428_3,A0428_4,170000,2026-06-05 10:10:00,Transfer
T0428_04,C0428,A0428_4,A0428_5,95127,2026-06-05 10:22:00,Transfer
T0428_05,C0428,A0428_5,A0428_6,89987,2026-06-05 10:32:00,Transfer
T0429_01,C0429,A0429_1,A0429_2,47782,2026-04-10 15:06:00,Transfer
T0429_02,C0429,A0429_2,A0429_3,38337,2026-04-10 15:35:00,Transfer
T0429_03,C0429,A0429_3,A0429_4,25521,2026-04-10 16:07:00,Transfer
T0429_04,C0429,A0429_4,A0429_5,21183,2026-04-10 16:20:00,Transfer
T0429_05,C0429,A0429_5,A0429_6,17782,2026-04-10 16:54:00,Transfer
T0429_06,C0429,A0429_6,A0429_7,10376,2026-04-10 16:56:00,Transfer
T0430_01,C0430,A0430_1,A0430_2,42694,2026-06-16 16:10:00,Transfer
T0430_02,C0430,A0430_2,A0430_3,28922,2026-06-16 16:23:00,Transfer
T0430_03,C0430,A0430_3,A0430_4,26938,2026-06-16 16:27:00,Transfer
T0430_04,C0430,A0430_4,A0430_5,23586,2026-06-16 16:42:00,Transfer
T0430_05,C0430,A0430_5,A0430_6,17034,2026-06-16 17:01:00,Transfer
T0430_06,C0430,A0430_6,A0430_7,13287,2026-06-16 17:23:00,Transfer
T0431_01,C0431,A0431_1,A0431_2,92848,2026-01-31 09:56:00,Transfer
T0431_02,C0431,A0431_2,A0431_3,86714,2026-01-31 10:10:00,Transfer
T0431_03,C0431,A0431_3,A0431_4,47923,2026-01-31 10:13:00,Transfer
T0431_04,C0431,A0431_4,A0431_5,33441,2026-01-31 10:33:00,Transfer
T0431_05,C0431,A0431_5,A0431_6,30990,2026-01-31 11:02:00,Transfer
T0431_06,C0431,A0431_6,A0431_7,26119,2026-01-31 11:37:00,Transfer
T0432_01,C0432,A0432_1,A0432_2,235938,2026-08-24 04:34:00,Transfer
T0432_02,C0432,A0432_2,A0432_3,189281,2026-08-24 05:08:00,Transfer
T0432_03,C0432,A0432_3,A0432_4,154989,2026-08-24 05:14:00,Transfer
T0432_04,C0432,A0432_4,A0432_5,129063,2026-08-24 05:36:00,Transfer
T0432_05,C0432,A0432_5,A0432_6,117048,2026-08-24 05:40:00,Transfer
T0432_06,C0432,A0432_6,A0432_7,84666,2026-08-24 06:15:00,Transfer
T0433_01,C0433,A0433_1,A0433_2,40609,2026-06-19 21:54:00,Transfer
T0433_02,C0433,A0433_2,A0433_3,32645,2026-06-19 22:01:00,Transfer
T0433_03,C0433,A0433_3,A0433_4,30370,2026-06-19 22:16:00,Transfer
T0433_04,C0433,A0433_4,A0433_5,16742,2026-06-19 22:22:00,Transfer
T0434_01,C0434,A0434_1,A0434_2,102716,2026-07-01 06:49:00,Transfer
T0434_02,C0434,A0434_2,A0434_3,89229,2026-07-01 07:16:00,Transfer
T0434_03,C0434,A0434_3,A0434_4,70413,2026-07-01 07:48:00,Transfer
T0434_04,C0434,A0434_4,A0434_5,47047,2026-07-01 08:04:00,Transfer
T0434_05,C0434,A0434_5,A0434_6,27990,2026-07-01 08:24:00,Transfer
T0435_01,C0435,A0435_1,A0435_2,139699,2026-03-05 22:55:00,Transfer
T0435_02,C0435,A0435_2,A0435_3,93091,2026-03-05 23:29:00,Transfer
T0435_03,C0435,A0435_3,A0435_4,59209,2026-03-05 23:57:00,Transfer
T0435_04,C0435,A0435_4,A0435_5,34004,2026-03-06 00:19:00,Transfer
T0436_01,C0436,A0436_1,A0436_2,54899,2026-04-11 15:34:00,Transfer
T0436_02,C0436,A0436_2,A0436_3,51009,2026-04-11 15:57:00,Transfer
T0436_03,C0436,A0436_3,A0436_4,30691,2026-04-11 16:00:00,Transfer
T0436_04,C0436,A0436_4,A0436_5,28546,2026-04-11 16:03:00,Transfer
T0436_05,C0436,A0436_5,A0436_6,24862,2026-04-11 16:10:00,Transfer
T0437_01,C0437,A0437_1,A0437_2,22643,2026-07-16 19:21:00,Transfer
T0437_02,C0437,A0437_2,A0437_3,17461,2026-07-16 19:38:00,Transfer
T0437_03,C0437,A0437_3,A0437_4,16168,2026-07-16 19:42:00,Transfer
T0437_04,C0437,A0437_4,A0437_5,14360,2026-07-16 20:17:00,Transfer
T0438_01,C0438,A0438_1,A0438_2,87138,2026-05-05 01:43:00,Transfer
T0438_02,C0438,A0438_2,A0438_3,50501,2026-05-05 02:11:00,Transfer
T0438_03,C0438,A0438_3,A0438_4,28182,2026-05-05 02:22:00,Transfer
T0438_04,C0438,A0438_4,A0438_5,16577,2026-05-05 02:49:00,Transfer
T0438_05,C0438,A0438_5,A0438_6,10405,2026-05-05 03:10:00,Transfer
T0439_01,C0439,A0439_1,A0439_2,49130,2026-01-06 11:03:00,Transfer
T0439_02,C0439,A0439_2,A0439_3,31828,2026-01-06 11:06:00,Transfer
T0439_03,C0439,A0439_3,A0439_4,30149,2026-01-06 11:33:00,Transfer
T0439_04,C0439,A0439_4,A0439_5,28056,2026-01-06 11:41:00,Transfer
T0440_01,C0440,A0440_1,A0440_2,57593,2026-01-07 14:10:00,Transfer
T0440_02,C0440,A0440_2,A0440_3,45878,2026-01-07 14:42:00,Transfer
T0440_03,C0440,A0440_3,A0440_4,34838,2026-01-07 14:58:00,Transfer
T0440_04,C0440,A0440_4,A0440_5,19982,2026-01-07 15:31:00,Transfer
T0440_05,C0440,A0440_5,A0440_6,13004,2026-01-07 15:52:00,Transfer
T0441_01,C0441,A0441_1,A0441_2,512443,2026-01-10 11:40:00,Transfer
T0441_02,C0441,A0441_2,A0441_3,387290,2026-01-10 11:47:00,Transfer
T0441_03,C0441,A0441_3,A0441_4,355722,2026-01-10 12:16:00,Transfer
T0442_01,C0442,A0442_1,A0442_2,48486,2026-07-13 00:49:00,Transfer
T0442_02,C0442,A0442_2,A0442_3,32422,2026-07-13 01:18:00,Transfer
T0442_03,C0442,A0442_3,A0442_4,30745,2026-07-13 01:37:00,Transfer
T0442_04,C0442,A0442_4,A0442_5,23335,2026-07-13 02:02:00,Transfer
T0443_01,C0443,A0443_1,A0443_2,107272,2026-03-16 18:39:00,Transfer
T0443_02,C0443,A0443_2,A0443_3,61876,2026-03-16 18:41:00,Transfer
T0443_03,C0443,A0443_3,A0443_4,41749,2026-03-16 18:55:00,Transfer
T0443_04,C0443,A0443_4,A0443_5,26289,2026-03-16 19:03:00,Transfer
T0443_05,C0443,A0443_5,A0443_6,20113,2026-03-16 19:26:00,Transfer
T0444_01,C0444,A0444_1,A0444_2,147372,2026-06-02 05:49:00,Transfer
T0444_02,C0444,A0444_2,A0444_3,85621,2026-06-02 06:00:00,Transfer
T0444_03,C0444,A0444_3,A0444_4,50618,2026-06-02 06:15:00,Transfer
T0444_04,C0444,A0444_4,A0444_5,33508,2026-06-02 06:33:00,Transfer
T0445_01,C0445,A0445_1,A0445_2,97418,2026-05-14 20:41:00,Transfer
T0445_02,C0445,A0445_2,A0445_3,87661,2026-05-14 21:03:00,Transfer
T0445_03,C0445,A0445_3,A0445_4,50941,2026-05-14 21:08:00,Transfer
T0445_04,C0445,A0445_4,A0445_5,30808,2026-05-14 21:38:00,Transfer
T0445_05,C0445,A0445_5,A0445_6,22186,2026-05-14 22:10:00,Transfer
T0446_01,C0446,A0446_1,A0446_2,160883,2026-01-31 08:53:00,Transfer
T0446_02,C0446,A0446_2,A0446_3,124554,2026-01-31 09:26:00,Transfer
T0446_03,C0446,A0446_3,A0446_4,103135,2026-01-31 09:44:00,Transfer
T0446_04,C0446,A0446_4,A0446_5,84998,2026-01-31 10:13:00,Transfer
T0446_05,C0446,A0446_5,A0446_6,68919,2026-01-31 10:26:00,Transfer
T0446_06,C0446,A0446_6,A0446_7,38602,2026-01-31 10:51:00,Transfer
T0447_01,C0447,A0447_1,A0447_2,215644,2026-04-19 07:55:00,Transfer
T0447_02,C0447,A0447_2,A0447_3,121496,2026-04-19 08:14:00,Transfer
T0447_03,C0447,A0447_3,A0447_4,98007,2026-04-19 08:41:00,Transfer
T0447_04,C0447,A0447_4,A0447_5,55625,2026-04-19 08:59:00,Transfer
T0447_05,C0447,A0447_5,A0447_6,36694,2026-04-19 09:04:00,Transfer
T0447_06,C0447,A0447_6,A0447_7,34435,2026-04-19 09:07:00,Transfer
T0448_01,C0448,A0448_1,A0448_2,216886,2026-06-11 15:44:00,Transfer
T0448_02,C0448,A0448_2,A0448_3,124149,2026-06-11 15:49:00,Transfer
T0448_03,C0448,A0448_3,A0448_4,83886,2026-06-11 16:08:00,Transfer
T0448_04,C0448,A0448_4,A0448_5,79134,2026-06-11 16:22:00,Transfer
T0448_05,C0448,A0448_5,A0448_6,64260,2026-06-11 16:25:00,Transfer
T0448_06,C0448,A0448_6,A0448_7,43893,2026-06-11 16:47:00,Transfer
T0449_01,C0449,A0449_1,A0449_2,72217,2026-05-31 13:07:00,Transfer
T0449_02,C0449,A0449_2,A0449_3,44715,2026-05-31 13:09:00,Transfer
T0449_03,C0449,A0449_3,A0449_4,30158,2026-05-31 13:33:00,Transfer
T0449_04,C0449,A0449_4,A0449_5,18006,2026-05-31 14:04:00,Transfer
T0449_05,C0449,A0449_5,A0449_6,13995,2026-05-31 14:11:00,Transfer
T0449_06,C0449,A0449_6,A0449_7,10866,2026-05-31 14:42:00,Transfer
T0450_01,C0450,A0450_1,A0450_2,176714,2026-02-16 03:20:00,Transfer
T0450_02,C0450,A0450_2,A0450_3,150023,2026-02-16 03:30:00,Transfer
T0450_03,C0450,A0450_3,A0450_4,101144,2026-02-16 03:56:00,Transfer
T0451_01,C0451,A0451_1,A0451_2,104955,2026-02-05 19:55:00,Transfer
T0451_02,C0451,A0451_2,A0451_3,90150,2026-02-05 20:30:00,Transfer
T0451_03,C0451,A0451_3,A0451_4,65797,2026-02-05 20:42:00,Transfer
T0451_04,C0451,A0451_4,A0451_5,37155,2026-02-05 21:08:00,Transfer
T0452_01,C0452,A0452_1,A0452_2,65212,2026-06-29 15:17:00,Transfer
T0452_02,C0452,A0452_2,A0452_3,36686,2026-06-29 15:26:00,Transfer
T0452_03,C0452,A0452_3,A0452_4,27764,2026-06-29 15:39:00,Transfer
T0452_04,C0452,A0452_4,A0452_5,20547,2026-06-29 16:10:00,Transfer
T0453_01,C0453,A0453_1,A0453_2,71670,2026-04-07 22:53:00,Transfer
T0453_02,C0453,A0453_2,A0453_3,60978,2026-04-07 23:23:00,Transfer
T0453_03,C0453,A0453_3,A0453_4,53275,2026-04-07 23:54:00,Transfer
T0453_04,C0453,A0453_4,A0453_5,41950,2026-04-08 00:23:00,Transfer
T0453_05,C0453,A0453_5,A0453_6,35337,2026-04-08 00:55:00,Transfer
T0454_01,C0454,A0454_1,A0454_2,30960,2026-06-03 12:14:00,Transfer
T0454_02,C0454,A0454_2,A0454_3,19485,2026-06-03 12:24:00,Transfer
T0454_03,C0454,A0454_3,A0454_4,11729,2026-06-03 12:47:00,Transfer
T0454_04,C0454,A0454_4,A0454_5,10150,2026-06-03 12:52:00,Transfer
T0454_05,C0454,A0454_5,A0454_6,9522,2026-06-03 13:13:00,Transfer
T0455_01,C0455,A0455_1,A0455_2,98222,2026-04-28 14:03:00,Transfer
T0455_02,C0455,A0455_2,A0455_3,60077,2026-04-28 14:28:00,Transfer
T0455_03,C0455,A0455_3,A0455_4,33161,2026-04-28 14:40:00,Transfer
T0456_01,C0456,A0456_1,A0456_2,59697,2026-06-25 14:06:00,Transfer
T0456_02,C0456,A0456_2,A0456_3,44493,2026-06-25 14:09:00,Transfer
T0456_03,C0456,A0456_3,A0456_4,28416,2026-06-25 14:22:00,Transfer
T0456_04,C0456,A0456_4,A0456_5,24356,2026-06-25 14:47:00,Transfer
T0456_05,C0456,A0456_5,A0456_6,16925,2026-06-25 15:21:00,Transfer
T0456_06,C0456,A0456_6,A0456_7,14882,2026-06-25 15:48:00,Transfer
T0457_01,C0457,A0457_1,A0457_2,79890,2026-05-08 06:56:00,Transfer
T0457_02,C0457,A0457_2,A0457_3,49676,2026-05-08 07:23:00,Transfer
T0457_03,C0457,A0457_3,A0457_4,40880,2026-05-08 07:31:00,Transfer
T0457_04,C0457,A0457_4,A0457_5,30086,2026-05-08 07:38:00,Transfer
T0457_05,C0457,A0457_5,A0457_6,20714,2026-05-08 07:46:00,Transfer
T0458_01,C0458,A0458_1,A0458_2,66713,2026-07-26 00:46:00,Transfer
T0458_02,C0458,A0458_2,A0458_3,52800,2026-07-26 01:16:00,Transfer
T0458_03,C0458,A0458_3,A0458_4,39643,2026-07-26 01:48:00,Transfer
T0458_04,C0458,A0458_4,A0458_5,33094,2026-07-26 02:13:00,Transfer
T0459_01,C0459,A0459_1,A0459_2,107773,2026-04-19 18:34:00,Transfer
T0459_02,C0459,A0459_2,A0459_3,96689,2026-04-19 19:05:00,Transfer
T0459_03,C0459,A0459_3,A0459_4,67376,2026-04-19 19:30:00,Transfer
T0459_04,C0459,A0459_4,A0459_5,43857,2026-04-19 19:53:00,Transfer
T0460_01,C0460,A0460_1,A0460_2,45439,2026-01-07 18:53:00,Transfer
T0460_02,C0460,A0460_2,A0460_3,34715,2026-01-07 19:03:00,Transfer
T0460_03,C0460,A0460_3,A0460_4,29185,2026-01-07 19:36:00,Transfer
T0460_04,C0460,A0460_4,A0460_5,21084,2026-01-07 19:55:00,Transfer
T0460_05,C0460,A0460_5,A0460_6,14509,2026-01-07 20:26:00,Transfer
T0461_01,C0461,A0461_1,A0461_2,178235,2026-07-31 18:14:00,Transfer
T0461_02,C0461,A0461_2,A0461_3,122110,2026-07-31 18:35:00,Transfer
T0461_03,C0461,A0461_3,A0461_4,87798,2026-07-31 18:38:00,Transfer
T0462_01,C0462,A0462_1,A0462_2,77822,2026-07-04 22:53:00,Transfer
T0462_02,C0462,A0462_2,A0462_3,49501,2026-07-04 23:22:00,Transfer
T0462_03,C0462,A0462_3,A0462_4,32666,2026-07-04 23:35:00,Transfer
T0463_01,C0463,A0463_1,A0463_2,153183,2026-06-04 14:05:00,Transfer
T0463_02,C0463,A0463_2,A0463_3,85358,2026-06-04 14:27:00,Transfer
T0463_03,C0463,A0463_3,A0463_4,54494,2026-06-04 14:47:00,Transfer
T0463_04,C0463,A0463_4,A0463_5,45843,2026-06-04 15:18:00,Transfer
T0463_05,C0463,A0463_5,A0463_6,35994,2026-06-04 15:41:00,Transfer
T0464_01,C0464,A0464_1,A0464_2,35995,2026-05-23 00:47:00,Transfer
T0464_02,C0464,A0464_2,A0464_3,28887,2026-05-23 01:11:00,Transfer
T0464_03,C0464,A0464_3,A0464_4,16847,2026-05-23 01:46:00,Transfer
T0464_04,C0464,A0464_4,A0464_5,11753,2026-05-23 02:06:00,Transfer
T0464_05,C0464,A0464_5,A0464_6,9994,2026-05-23 02:36:00,Transfer
T0465_01,C0465,A0465_1,A0465_2,222005,2026-06-09 20:15:00,Transfer
T0465_02,C0465,A0465_2,A0465_3,172786,2026-06-09 20:28:00,Transfer
T0465_03,C0465,A0465_3,A0465_4,154808,2026-06-09 20:55:00,Transfer
T0465_04,C0465,A0465_4,A0465_5,119206,2026-06-09 21:19:00,Transfer
T0465_05,C0465,A0465_5,A0465_6,101386,2026-06-09 21:47:00,Transfer
T0465_06,C0465,A0465_6,A0465_7,92279,2026-06-09 22:06:00,Transfer
T0466_01,C0466,A0466_1,A0466_2,54847,2026-01-28 23:06:00,Transfer
T0466_02,C0466,A0466_2,A0466_3,45157,2026-01-28 23:14:00,Transfer
T0466_03,C0466,A0466_3,A0466_4,31760,2026-01-28 23:42:00,Transfer
T0466_04,C0466,A0466_4,A0466_5,29844,2026-01-29 00:10:00,Transfer
T0467_01,C0467,A0467_1,A0467_2,24202,2026-02-27 05:12:00,Transfer
T0467_02,C0467,A0467_2,A0467_3,21542,2026-02-27 05:24:00,Transfer
T0467_03,C0467,A0467_3,A0467_4,15792,2026-02-27 05:41:00,Transfer
T0467_04,C0467,A0467_4,A0467_5,9792,2026-02-27 05:55:00,Transfer
T0467_05,C0467,A0467_5,A0467_6,6649,2026-02-27 06:15:00,Transfer
T0467_06,C0467,A0467_6,A0467_7,3829,2026-02-27 06:18:00,Transfer
T0468_01,C0468,A0468_1,A0468_2,104494,2026-03-04 23:36:00,Transfer
T0468_02,C0468,A0468_2,A0468_3,57759,2026-03-04 23:40:00,Transfer
T0468_03,C0468,A0468_3,A0468_4,47524,2026-03-05 00:08:00,Transfer
T0468_04,C0468,A0468_4,A0468_5,42620,2026-03-05 00:40:00,Transfer
T0469_01,C0469,A0469_1,A0469_2,31870,2026-03-08 18:46:00,Transfer
T0469_02,C0469,A0469_2,A0469_3,18849,2026-03-08 19:04:00,Transfer
T0469_03,C0469,A0469_3,A0469_4,16081,2026-03-08 19:13:00,Transfer
T0469_04,C0469,A0469_4,A0469_5,13488,2026-03-08 19:38:00,Transfer
T0469_05,C0469,A0469_5,A0469_6,9646,2026-03-08 20:01:00,Transfer
T0469_06,C0469,A0469_6,A0469_7,5853,2026-03-08 20:18:00,Transfer
T0470_01,C0470,A0470_1,A0470_2,74040,2026-03-26 22:21:00,Transfer
T0470_02,C0470,A0470_2,A0470_3,41490,2026-03-26 22:46:00,Transfer
T0470_03,C0470,A0470_3,A0470_4,32172,2026-03-26 23:06:00,Transfer
T0470_04,C0470,A0470_4,A0470_5,21640,2026-03-26 23:18:00,Transfer
T0470_05,C0470,A0470_5,A0470_6,16815,2026-03-26 23:39:00,Transfer
T0470_06,C0470,A0470_6,A0470_7,12445,2026-03-27 00:09:00,Transfer
T0471_01,C0471,A0471_1,A0471_2,30105,2026-07-27 00:32:00,Transfer
T0471_02,C0471,A0471_2,A0471_3,21444,2026-07-27 00:44:00,Transfer
T0471_03,C0471,A0471_3,A0471_4,20135,2026-07-27 00:55:00,Transfer
T0471_04,C0471,A0471_4,A0471_5,15803,2026-07-27 01:29:00,Transfer
T0471_05,C0471,A0471_5,A0471_6,10678,2026-07-27 01:54:00,Transfer
T0472_01,C0472,A0472_1,A0472_2,136265,2026-06-15 06:16:00,Transfer
T0472_02,C0472,A0472_2,A0472_3,102132,2026-06-15 06:18:00,Transfer
T0472_03,C0472,A0472_3,A0472_4,90488,2026-06-15 06:53:00,Transfer
T0472_04,C0472,A0472_4,A0472_5,82276,2026-06-15 07:07:00,Transfer
T0473_01,C0473,A0473_1,A0473_2,361829,2026-06-10 03:47:00,Transfer
T0473_02,C0473,A0473_2,A0473_3,232053,2026-06-10 04:18:00,Transfer
T0473_03,C0473,A0473_3,A0473_4,144098,2026-06-10 04:37:00,Transfer
T0473_04,C0473,A0473_4,A0473_5,111069,2026-06-10 04:44:00,Transfer
T0473_05,C0473,A0473_5,A0473_6,94102,2026-06-10 04:50:00,Transfer
T0474_01,C0474,A0474_1,A0474_2,23292,2026-01-16 07:35:00,Transfer
T0474_02,C0474,A0474_2,A0474_3,18114,2026-01-16 08:04:00,Transfer
T0474_03,C0474,A0474_3,A0474_4,16202,2026-01-16 08:13:00,Transfer
T0474_04,C0474,A0474_4,A0474_5,13577,2026-01-16 08:43:00,Transfer
T0474_05,C0474,A0474_5,A0474_6,11689,2026-01-16 08:57:00,Transfer
T0474_06,C0474,A0474_6,A0474_7,9182,2026-01-16 09:28:00,Transfer
T0475_01,C0475,A0475_1,A0475_2,77169,2026-06-03 09:35:00,Transfer
T0475_02,C0475,A0475_2,A0475_3,72607,2026-06-03 09:48:00,Transfer
T0475_03,C0475,A0475_3,A0475_4,54094,2026-06-03 10:10:00,Transfer
T0475_04,C0475,A0475_4,A0475_5,49082,2026-06-03 10:44:00,Transfer
T0475_05,C0475,A0475_5,A0475_6,36232,2026-06-03 10:56:00,Transfer
T0476_01,C0476,A0476_1,A0476_2,48741,2026-06-22 11:02:00,Transfer
T0476_02,C0476,A0476_2,A0476_3,44891,2026-06-22 11:17:00,Transfer
T0476_03,C0476,A0476_3,A0476_4,34943,2026-06-22 11:28:00,Transfer
T0476_04,C0476,A0476_4,A0476_5,23743,2026-06-22 11:42:00,Transfer
T0476_05,C0476,A0476_5,A0476_6,20337,2026-06-22 11:54:00,Transfer
T0477_01,C0477,A0477_1,A0477_2,26458,2026-03-25 18:16:00,Transfer
T0477_02,C0477,A0477_2,A0477_3,22623,2026-03-25 18:18:00,Transfer
T0477_03,C0477,A0477_3,A0477_4,19340,2026-03-25 18:45:00,Transfer
T0477_04,C0477,A0477_4,A0477_5,11064,2026-03-25 19:13:00,Transfer
T0477_05,C0477,A0477_5,A0477_6,7650,2026-03-25 19:23:00,Transfer
T0478_01,C0478,A0478_1,A0478_2,83578,2026-06-30 07:19:00,Transfer
T0478_02,C0478,A0478_2,A0478_3,48456,2026-06-30 07:31:00,Transfer
T0478_03,C0478,A0478_3,A0478_4,32959,2026-06-30 08:03:00,Transfer
T0478_04,C0478,A0478_4,A0478_5,30539,2026-06-30 08:35:00,Transfer
T0478_05,C0478,A0478_5,A0478_6,28426,2026-06-30 08:39:00,Transfer
T0479_01,C0479,A0479_1,A0479_2,115723,2026-08-21 17:04:00,Transfer
T0479_02,C0479,A0479_2,A0479_3,90949,2026-08-21 17:18:00,Transfer
T0479_03,C0479,A0479_3,A0479_4,70461,2026-08-21 17:48:00,Transfer
T0479_04,C0479,A0479_4,A0479_5,45665,2026-08-21 18:06:00,Transfer
T0479_05,C0479,A0479_5,A0479_6,35283,2026-08-21 18:26:00,Transfer
T0479_06,C0479,A0479_6,A0479_7,29137,2026-08-21 18:36:00,Transfer
T0480_01,C0480,A0480_1,A0480_2,95610,2026-07-22 00:23:00,Transfer
T0480_02,C0480,A0480_2,A0480_3,68928,2026-07-22 00:56:00,Transfer
T0480_03,C0480,A0480_3,A0480_4,59914,2026-07-22 01:31:00,Transfer
T0480_04,C0480,A0480_4,A0480_5,34397,2026-07-22 02:05:00,Transfer
T0480_05,C0480,A0480_5,A0480_6,24056,2026-07-22 02:34:00,Transfer
T0480_06,C0480,A0480_6,A0480_7,22811,2026-07-22 03:08:00,Transfer
T0481_01,C0481,A0481_1,A0481_2,130364,2026-05-06 10:14:00,Transfer
T0481_02,C0481,A0481_2,A0481_3,103510,2026-05-06 10:28:00,Transfer
T0481_03,C0481,A0481_3,A0481_4,88062,2026-05-06 10:57:00,Transfer
T0482_01,C0482,A0482_1,A0482_2,93557,2026-08-14 05:40:00,Transfer
T0482_02,C0482,A0482_2,A0482_3,52162,2026-08-14 05:56:00,Transfer
T0482_03,C0482,A0482_3,A0482_4,35415,2026-08-14 06:07:00,Transfer
T0482_04,C0482,A0482_4,A0482_5,23145,2026-08-14 06:23:00,Transfer
T0483_01,C0483,A0483_1,A0483_2,64164,2026-05-17 16:03:00,Transfer
T0483_02,C0483,A0483_2,A0483_3,43694,2026-05-17 16:25:00,Transfer
T0483_03,C0483,A0483_3,A0483_4,40259,2026-05-17 16:40:00,Transfer
T0483_04,C0483,A0483_4,A0483_5,25390,2026-05-17 16:52:00,Transfer
T0484_01,C0484,A0484_1,A0484_2,41309,2026-08-28 07:56:00,Transfer
T0484_02,C0484,A0484_2,A0484_3,35459,2026-08-28 08:05:00,Transfer
T0484_03,C0484,A0484_3,A0484_4,20819,2026-08-28 08:18:00,Transfer
T0484_04,C0484,A0484_4,A0484_5,15670,2026-08-28 08:53:00,Transfer
T0485_01,C0485,A0485_1,A0485_2,84381,2026-01-31 17:23:00,Transfer
T0485_02,C0485,A0485_2,A0485_3,78864,2026-01-31 17:31:00,Transfer
T0485_03,C0485,A0485_3,A0485_4,54563,2026-01-31 17:52:00,Transfer
T0485_04,C0485,A0485_4,A0485_5,48267,2026-01-31 18:21:00,Transfer
T0485_05,C0485,A0485_5,A0485_6,44809,2026-01-31 18:42:00,Transfer
T0486_01,C0486,A0486_1,A0486_2,66605,2026-06-16 22:12:00,Transfer
T0486_02,C0486,A0486_2,A0486_3,40368,2026-06-16 22:44:00,Transfer
T0486_03,C0486,A0486_3,A0486_4,34511,2026-06-16 22:49:00,Transfer
T0487_01,C0487,A0487_1,A0487_2,131738,2026-07-09 23:07:00,Transfer
T0487_02,C0487,A0487_2,A0487_3,120354,2026-07-09 23:25:00,Transfer
T0487_03,C0487,A0487_3,A0487_4,96134,2026-07-09 23:28:00,Transfer
T0487_04,C0487,A0487_4,A0487_5,82993,2026-07-09 23:51:00,Transfer
T0487_05,C0487,A0487_5,A0487_6,46592,2026-07-10 00:23:00,Transfer
T0487_06,C0487,A0487_6,A0487_7,26263,2026-07-10 00:34:00,Transfer
T0488_01,C0488,A0488_1,A0488_2,42251,2026-07-15 20:44:00,Transfer
T0488_02,C0488,A0488_2,A0488_3,28501,2026-07-15 21:16:00,Transfer
T0488_03,C0488,A0488_3,A0488_4,25930,2026-07-15 21:34:00,Transfer
T0488_04,C0488,A0488_4,A0488_5,15591,2026-07-15 21:59:00,Transfer
T0489_01,C0489,A0489_1,A0489_2,45259,2026-05-03 17:13:00,Transfer
T0489_02,C0489,A0489_2,A0489_3,28234,2026-05-03 17:34:00,Transfer
T0489_03,C0489,A0489_3,A0489_4,19240,2026-05-03 18:05:00,Transfer
T0489_04,C0489,A0489_4,A0489_5,15725,2026-05-03 18:40:00,Transfer
T0490_01,C0490,A0490_1,A0490_2,22639,2026-03-10 04:53:00,Transfer
T0490_02,C0490,A0490_2,A0490_3,13917,2026-03-10 05:15:00,Transfer
T0490_03,C0490,A0490_3,A0490_4,7719,2026-03-10 05:47:00,Transfer
T0490_04,C0490,A0490_4,A0490_5,5739,2026-03-10 06:11:00,Transfer
T0490_05,C0490,A0490_5,A0490_6,3587,2026-03-10 06:38:00,Transfer
T0491_01,C0491,A0491_1,A0491_2,137352,2026-06-09 09:26:00,Transfer
T0491_02,C0491,A0491_2,A0491_3,112244,2026-06-09 09:49:00,Transfer
T0491_03,C0491,A0491_3,A0491_4,96003,2026-06-09 10:07:00,Transfer
T0492_01,C0492,A0492_1,A0492_2,33725,2026-06-14 01:11:00,Transfer
T0492_02,C0492,A0492_2,A0492_3,31584,2026-06-14 01:45:00,Transfer
T0492_03,C0492,A0492_3,A0492_4,19678,2026-06-14 02:19:00,Transfer
T0493_01,C0493,A0493_1,A0493_2,61173,2026-02-26 01:00:00,Transfer
T0493_02,C0493,A0493_2,A0493_3,49180,2026-02-26 01:16:00,Transfer
T0493_03,C0493,A0493_3,A0493_4,43637,2026-02-26 01:27:00,Transfer
T0493_04,C0493,A0493_4,A0493_5,33440,2026-02-26 01:56:00,Transfer
T0494_01,C0494,A0494_1,A0494_2,190989,2026-04-13 10:40:00,Transfer
T0494_02,C0494,A0494_2,A0494_3,115762,2026-04-13 11:12:00,Transfer
T0494_03,C0494,A0494_3,A0494_4,101752,2026-04-13 11:29:00,Transfer
T0494_04,C0494,A0494_4,A0494_5,71887,2026-04-13 11:41:00,Transfer
T0494_05,C0494,A0494_5,A0494_6,58115,2026-04-13 12:08:00,Transfer
T0494_06,C0494,A0494_6,A0494_7,45711,2026-04-13 12:25:00,Transfer
T0495_01,C0495,A0495_1,A0495_2,71953,2026-03-12 05:25:00,Transfer
T0495_02,C0495,A0495_2,A0495_3,46256,2026-03-12 05:55:00,Transfer
T0495_03,C0495,A0495_3,A0495_4,30969,2026-03-12 06:04:00,Transfer
T0495_04,C0495,A0495_4,A0495_5,23737,2026-03-12 06:35:00,Transfer
T0496_01,C0496,A0496_1,A0496_2,69162,2026-07-13 12:10:00,Transfer
T0496_02,C0496,A0496_2,A0496_3,44714,2026-07-13 12:43:00,Transfer
T0496_03,C0496,A0496_3,A0496_4,39557,2026-07-13 13:12:00,Transfer
T0496_04,C0496,A0496_4,A0496_5,28428,2026-07-13 13:20:00,Transfer
T0496_05,C0496,A0496_5,A0496_6,25473,2026-07-13 13:39:00,Transfer
T0496_06,C0496,A0496_6,A0496_7,22592,2026-07-13 13:58:00,Transfer
T0497_01,C0497,A0497_1,A0497_2,48544,2026-04-18 23:29:00,Transfer
T0497_02,C0497,A0497_2,A0497_3,37586,2026-04-18 23:55:00,Transfer
T0497_03,C0497,A0497_3,A0497_4,29792,2026-04-19 00:21:00,Transfer
T0498_01,C0498,A0498_1,A0498_2,30914,2026-08-03 22:30:00,Transfer
T0498_02,C0498,A0498_2,A0498_3,27541,2026-08-03 23:05:00,Transfer
T0498_03,C0498,A0498_3,A0498_4,15558,2026-08-03 23:32:00,Transfer
T0499_01,C0499,A0499_1,A0499_2,369616,2026-04-21 23:28:00,Transfer
T0499_02,C0499,A0499_2,A0499_3,255386,2026-04-21 23:45:00,Transfer
T0499_03,C0499,A0499_3,A0499_4,168721,2026-04-21 23:50:00,Transfer
T0499_04,C0499,A0499_4,A0499_5,114697,2026-04-22 00:08:00,Transfer
T0500_01,C0500,A0500_1,A0500_2,57981,2026-05-23 18:53:00,Transfer
T0500_02,C0500,A0500_2,A0500_3,46719,2026-05-23 19:15:00,Transfer
T0500_03,C0500,A0500_3,A0500_4,37315,2026-05-23 19:28:00,Transfer
T0500_04,C0500,A0500_4,A0500_5,31815,2026-05-23 19:42:00,Transfer
T0500_05,C0500,A0500_5,A0500_6,20866,2026-05-23 20:15:00,Transfer
T0501_01,C0501,A0501_1,A0501_2,244261,2026-08-18 12:41:00,Transfer
T0501_02,C0501,A0501_2,A0501_3,153749,2026-08-18 12:48:00,Transfer
T0501_03,C0501,A0501_3,A0501_4,128329,2026-08-18 13:15:00,Transfer
T0501_04,C0501,A0501_4,A0501_5,114326,2026-08-18 13:26:00,Transfer
T0501_05,C0501,A0501_5,A0501_6,95617,2026-08-18 13:50:00,Transfer
T0502_01,C0502,A0502_1,A0502_2,67980,2026-01-27 10:27:00,Transfer
T0502_02,C0502,A0502_2,A0502_3,49363,2026-01-27 10:42:00,Transfer
T0502_03,C0502,A0502_3,A0502_4,30020,2026-01-27 11:02:00,Transfer
T0502_04,C0502,A0502_4,A0502_5,19437,2026-01-27 11:05:00,Transfer
T0502_05,C0502,A0502_5,A0502_6,17357,2026-01-27 11:37:00,Transfer
T0503_01,C0503,A0503_1,A0503_2,101537,2026-05-26 06:57:00,Transfer
T0503_02,C0503,A0503_2,A0503_3,68909,2026-05-26 07:14:00,Transfer
T0503_03,C0503,A0503_3,A0503_4,59828,2026-05-26 07:24:00,Transfer
T0503_04,C0503,A0503_4,A0503_5,35217,2026-05-26 07:58:00,Transfer
T0503_05,C0503,A0503_5,A0503_6,29347,2026-05-26 08:20:00,Transfer
T0503_06,C0503,A0503_6,A0503_7,17371,2026-05-26 08:36:00,Transfer
T0504_01,C0504,A0504_1,A0504_2,185894,2026-06-15 19:30:00,Transfer
T0504_02,C0504,A0504_2,A0504_3,166752,2026-06-15 19:41:00,Transfer
T0504_03,C0504,A0504_3,A0504_4,95967,2026-06-15 20:05:00,Transfer
T0504_04,C0504,A0504_4,A0504_5,55292,2026-06-15 20:24:00,Transfer
T0504_05,C0504,A0504_5,A0504_6,43011,2026-06-15 20:27:00,Transfer
T0505_01,C0505,A0505_1,A0505_2,207261,2026-06-30 04:51:00,Transfer
T0505_02,C0505,A0505_2,A0505_3,173030,2026-06-30 05:15:00,Transfer
T0505_03,C0505,A0505_3,A0505_4,135824,2026-06-30 05:21:00,Transfer
T0505_04,C0505,A0505_4,A0505_5,108053,2026-06-30 05:56:00,Transfer
T0505_05,C0505,A0505_5,A0505_6,77310,2026-06-30 06:08:00,Transfer
T0505_06,C0505,A0505_6,A0505_7,65174,2026-06-30 06:25:00,Transfer
T0506_01,C0506,A0506_1,A0506_2,168788,2026-01-08 22:41:00,Transfer
T0506_02,C0506,A0506_2,A0506_3,104811,2026-01-08 23:10:00,Transfer
T0506_03,C0506,A0506_3,A0506_4,94500,2026-01-08 23:43:00,Transfer
T0506_04,C0506,A0506_4,A0506_5,55404,2026-01-09 00:01:00,Transfer
T0506_05,C0506,A0506_5,A0506_6,39368,2026-01-09 00:17:00,Transfer
T0507_01,C0507,A0507_1,A0507_2,353764,2026-01-21 12:15:00,Transfer
T0507_02,C0507,A0507_2,A0507_3,316174,2026-01-21 12:28:00,Transfer
T0507_03,C0507,A0507_3,A0507_4,197732,2026-01-21 13:01:00,Transfer
T0507_04,C0507,A0507_4,A0507_5,123130,2026-01-21 13:16:00,Transfer
T0507_05,C0507,A0507_5,A0507_6,115780,2026-01-21 13:24:00,Transfer
T0508_01,C0508,A0508_1,A0508_2,330100,2026-05-27 06:51:00,Transfer
T0508_02,C0508,A0508_2,A0508_3,203656,2026-05-27 06:59:00,Transfer
T0508_03,C0508,A0508_3,A0508_4,152550,2026-05-27 07:10:00,Transfer
T0508_04,C0508,A0508_4,A0508_5,144760,2026-05-27 07:33:00,Transfer
T0509_01,C0509,A0509_1,A0509_2,52798,2026-04-10 15:30:00,Transfer
T0509_02,C0509,A0509_2,A0509_3,43051,2026-04-10 15:52:00,Transfer
T0509_03,C0509,A0509_3,A0509_4,39380,2026-04-10 16:27:00,Transfer
T0509_04,C0509,A0509_4,A0509_5,27868,2026-04-10 16:41:00,Transfer
T0509_05,C0509,A0509_5,A0509_6,18477,2026-04-10 16:51:00,Transfer
T0510_01,C0510,A0510_1,A0510_2,58896,2026-06-10 14:41:00,Transfer
T0510_02,C0510,A0510_2,A0510_3,36823,2026-06-10 14:48:00,Transfer
T0510_03,C0510,A0510_3,A0510_4,24776,2026-06-10 15:01:00,Transfer
T0510_04,C0510,A0510_4,A0510_5,19978,2026-06-10 15:06:00,Transfer
T0510_05,C0510,A0510_5,A0510_6,15257,2026-06-10 15:11:00,Transfer
T0510_06,C0510,A0510_6,A0510_7,14291,2026-06-10 15:37:00,Transfer
T0511_01,C0511,A0511_1,A0511_2,118272,2026-01-14 23:32:00,Transfer
T0511_02,C0511,A0511_2,A0511_3,67189,2026-01-14 23:58:00,Transfer
T0511_03,C0511,A0511_3,A0511_4,42491,2026-01-15 00:07:00,Transfer
T0511_04,C0511,A0511_4,A0511_5,39080,2026-01-15 00:09:00,Transfer
T0511_05,C0511,A0511_5,A0511_6,35631,2026-01-15 00:32:00,Transfer
T0512_01,C0512,A0512_1,A0512_2,69990,2026-04-06 13:56:00,Transfer
T0512_02,C0512,A0512_2,A0512_3,50137,2026-04-06 14:24:00,Transfer
T0512_03,C0512,A0512_3,A0512_4,35138,2026-04-06 14:38:00,Transfer
T0512_04,C0512,A0512_4,A0512_5,30805,2026-04-06 15:11:00,Transfer
T0513_01,C0513,A0513_1,A0513_2,271222,2026-06-27 14:07:00,Transfer
T0513_02,C0513,A0513_2,A0513_3,252813,2026-06-27 14:34:00,Transfer
T0513_03,C0513,A0513_3,A0513_4,167848,2026-06-27 14:54:00,Transfer
T0513_04,C0513,A0513_4,A0513_5,111431,2026-06-27 15:12:00,Transfer
T0514_01,C0514,A0514_1,A0514_2,66665,2026-07-30 07:23:00,Transfer
T0514_02,C0514,A0514_2,A0514_3,48348,2026-07-30 07:34:00,Transfer
T0514_03,C0514,A0514_3,A0514_4,35139,2026-07-30 07:38:00,Transfer
T0514_04,C0514,A0514_4,A0514_5,28643,2026-07-30 08:12:00,Transfer
T0515_01,C0515,A0515_1,A0515_2,94009,2026-02-23 11:23:00,Transfer
T0515_02,C0515,A0515_2,A0515_3,75290,2026-02-23 11:46:00,Transfer
T0515_03,C0515,A0515_3,A0515_4,61226,2026-02-23 12:16:00,Transfer
T0515_04,C0515,A0515_4,A0515_5,34294,2026-02-23 12:46:00,Transfer
T0516_01,C0516,A0516_1,A0516_2,68338,2026-05-16 10:19:00,Transfer
T0516_02,C0516,A0516_2,A0516_3,47710,2026-05-16 10:30:00,Transfer
T0516_03,C0516,A0516_3,A0516_4,43445,2026-05-16 10:46:00,Transfer
T0516_04,C0516,A0516_4,A0516_5,23997,2026-05-16 10:48:00,Transfer
T0517_01,C0517,A0517_1,A0517_2,100449,2026-07-16 19:53:00,Transfer
T0517_02,C0517,A0517_2,A0517_3,82684,2026-07-16 20:11:00,Transfer
T0517_03,C0517,A0517_3,A0517_4,56891,2026-07-16 20:42:00,Transfer
T0518_01,C0518,A0518_1,A0518_2,38522,2026-04-27 18:53:00,Transfer
T0518_02,C0518,A0518_2,A0518_3,32137,2026-04-27 19:09:00,Transfer
T0518_03,C0518,A0518_3,A0518_4,30369,2026-04-27 19:19:00,Transfer
T0518_04,C0518,A0518_4,A0518_5,26908,2026-04-27 19:43:00,Transfer
T0519_01,C0519,A0519_1,A0519_2,34852,2026-08-15 14:49:00,Transfer
T0519_02,C0519,A0519_2,A0519_3,31720,2026-08-15 15:17:00,Transfer
T0519_03,C0519,A0519_3,A0519_4,22201,2026-08-15 15:38:00,Transfer
T0519_04,C0519,A0519_4,A0519_5,14106,2026-08-15 15:49:00,Transfer
T0519_05,C0519,A0519_5,A0519_6,10411,2026-08-15 16:19:00,Transfer
T0519_06,C0519,A0519_6,A0519_7,6976,2026-08-15 16:47:00,Transfer
T0520_01,C0520,A0520_1,A0520_2,96512,2026-05-22 05:41:00,Transfer
T0520_02,C0520,A0520_2,A0520_3,58898,2026-05-22 06:03:00,Transfer
T0520_03,C0520,A0520_3,A0520_4,43433,2026-05-22 06:13:00,Transfer
T0520_04,C0520,A0520_4,A0520_5,37137,2026-05-22 06:46:00,Transfer
T0521_01,C0521,A0521_1,A0521_2,358940,2026-06-06 18:34:00,Transfer
T0521_02,C0521,A0521_2,A0521_3,318118,2026-06-06 18:59:00,Transfer
T0521_03,C0521,A0521_3,A0521_4,254269,2026-06-06 19:21:00,Transfer
T0522_01,C0522,A0522_1,A0522_2,196706,2026-05-02 12:10:00,Transfer
T0522_02,C0522,A0522_2,A0522_3,162476,2026-05-02 12:27:00,Transfer
T0522_03,C0522,A0522_3,A0522_4,152800,2026-05-02 12:38:00,Transfer
T0522_04,C0522,A0522_4,A0522_5,139609,2026-05-02 12:46:00,Transfer
T0522_05,C0522,A0522_5,A0522_6,118984,2026-05-02 12:56:00,Transfer
T0523_01,C0523,A0523_1,A0523_2,71504,2026-02-13 01:03:00,Transfer
T0523_02,C0523,A0523_2,A0523_3,42501,2026-02-13 01:17:00,Transfer
T0523_03,C0523,A0523_3,A0523_4,39722,2026-02-13 01:39:00,Transfer
T0523_04,C0523,A0523_4,A0523_5,26492,2026-02-13 01:46:00,Transfer
T0523_05,C0523,A0523_5,A0523_6,18329,2026-02-13 02:19:00,Transfer
T0523_06,C0523,A0523_6,A0523_7,10197,2026-02-13 02:47:00,Transfer
T0524_01,C0524,A0524_1,A0524_2,137131,2026-02-19 18:11:00,Transfer
T0524_02,C0524,A0524_2,A0524_3,105660,2026-02-19 18:21:00,Transfer
T0524_03,C0524,A0524_3,A0524_4,94968,2026-02-19 18:23:00,Transfer
T0524_04,C0524,A0524_4,A0524_5,80139,2026-02-19 18:26:00,Transfer
T0524_05,C0524,A0524_5,A0524_6,53780,2026-02-19 18:40:00,Transfer
T0524_06,C0524,A0524_6,A0524_7,49037,2026-02-19 19:06:00,Transfer
T0525_01,C0525,A0525_1,A0525_2,213967,2026-03-12 00:29:00,Transfer
T0525_02,C0525,A0525_2,A0525_3,196316,2026-03-12 00:36:00,Transfer
T0525_03,C0525,A0525_3,A0525_4,171224,2026-03-12 00:58:00,Transfer
T0525_04,C0525,A0525_4,A0525_5,153175,2026-03-12 01:07:00,Transfer
T0525_05,C0525,A0525_5,A0525_6,85655,2026-03-12 01:17:00,Transfer
T0526_01,C0526,A0526_1,A0526_2,37132,2026-02-15 13:20:00,Transfer
T0526_02,C0526,A0526_2,A0526_3,29794,2026-02-15 13:43:00,Transfer
T0526_03,C0526,A0526_3,A0526_4,25755,2026-02-15 13:51:00,Transfer
T0526_04,C0526,A0526_4,A0526_5,20475,2026-02-15 13:56:00,Transfer
T0527_01,C0527,A0527_1,A0527_2,118803,2026-07-10 03:13:00,Transfer
T0527_02,C0527,A0527_2,A0527_3,87963,2026-07-10 03:27:00,Transfer
T0527_03,C0527,A0527_3,A0527_4,73299,2026-07-10 04:00:00,Transfer
T0528_01,C0528,A0528_1,A0528_2,40230,2026-03-15 23:35:00,Transfer
T0528_02,C0528,A0528_2,A0528_3,34296,2026-03-15 23:51:00,Transfer
T0528_03,C0528,A0528_3,A0528_4,21090,2026-03-16 00:11:00,Transfer
T0528_04,C0528,A0528_4,A0528_5,16674,2026-03-16 00:45:00,Transfer
T0528_05,C0528,A0528_5,A0528_6,13443,2026-03-16 01:00:00,Transfer
T0528_06,C0528,A0528_6,A0528_7,9687,2026-03-16 01:24:00,Transfer
T0529_01,C0529,A0529_1,A0529_2,54357,2026-06-17 23:43:00,Transfer
T0529_02,C0529,A0529_2,A0529_3,36819,2026-06-18 00:08:00,Transfer
T0529_03,C0529,A0529_3,A0529_4,30531,2026-06-18 00:14:00,Transfer
T0529_04,C0529,A0529_4,A0529_5,23743,2026-06-18 00:36:00,Transfer
T0530_01,C0530,A0530_1,A0530_2,138638,2026-05-03 13:26:00,Transfer
T0530_02,C0530,A0530_2,A0530_3,101326,2026-05-03 13:37:00,Transfer
T0530_03,C0530,A0530_3,A0530_4,85635,2026-05-03 14:03:00,Transfer
T0530_04,C0530,A0530_4,A0530_5,61472,2026-05-03 14:06:00,Transfer
T0530_05,C0530,A0530_5,A0530_6,55284,2026-05-03 14:28:00,Transfer
T0530_06,C0530,A0530_6,A0530_7,38841,2026-05-03 14:39:00,Transfer
T0531_01,C0531,A0531_1,A0531_2,124480,2026-07-22 23:02:00,Transfer
T0531_02,C0531,A0531_2,A0531_3,79803,2026-07-22 23:35:00,Transfer
T0531_03,C0531,A0531_3,A0531_4,63262,2026-07-23 00:08:00,Transfer
T0531_04,C0531,A0531_4,A0531_5,45747,2026-07-23 00:20:00,Transfer
T0532_01,C0532,A0532_1,A0532_2,206466,2026-04-01 04:18:00,Transfer
T0532_02,C0532,A0532_2,A0532_3,164068,2026-04-01 04:28:00,Transfer
T0532_03,C0532,A0532_3,A0532_4,124995,2026-04-01 04:51:00,Transfer
T0532_04,C0532,A0532_4,A0532_5,104983,2026-04-01 05:01:00,Transfer
T0532_05,C0532,A0532_5,A0532_6,73259,2026-04-01 05:33:00,Transfer
T0532_06,C0532,A0532_6,A0532_7,42142,2026-04-01 06:03:00,Transfer
T0533_01,C0533,A0533_1,A0533_2,65499,2026-03-25 23:56:00,Transfer
T0533_02,C0533,A0533_2,A0533_3,48825,2026-03-26 00:28:00,Transfer
T0533_03,C0533,A0533_3,A0533_4,44246,2026-03-26 00:50:00,Transfer
T0533_04,C0533,A0533_4,A0533_5,33378,2026-03-26 00:58:00,Transfer
T0533_05,C0533,A0533_5,A0533_6,23486,2026-03-26 01:09:00,Transfer
T0533_06,C0533,A0533_6,A0533_7,18775,2026-03-26 01:16:00,Transfer
T0534_01,C0534,A0534_1,A0534_2,27500,2026-08-19 09:41:00,Transfer
T0534_02,C0534,A0534_2,A0534_3,25648,2026-08-19 10:14:00,Transfer
T0534_03,C0534,A0534_3,A0534_4,24214,2026-08-19 10:28:00,Transfer
T0534_04,C0534,A0534_4,A0534_5,21299,2026-08-19 10:42:00,Transfer
T0534_05,C0534,A0534_5,A0534_6,19873,2026-08-19 10:51:00,Transfer
T0534_06,C0534,A0534_6,A0534_7,13280,2026-08-19 10:56:00,Transfer
T0535_01,C0535,A0535_1,A0535_2,59177,2026-07-24 17:40:00,Transfer
T0535_02,C0535,A0535_2,A0535_3,43120,2026-07-24 18:06:00,Transfer
T0535_03,C0535,A0535_3,A0535_4,33293,2026-07-24 18:36:00,Transfer
T0535_04,C0535,A0535_4,A0535_5,28411,2026-07-24 18:44:00,Transfer
T0535_05,C0535,A0535_5,A0535_6,26273,2026-07-24 19:15:00,Transfer
T0535_06,C0535,A0535_6,A0535_7,17350,2026-07-24 19:46:00,Transfer
T0536_01,C0536,A0536_1,A0536_2,65556,2026-03-24 00:46:00,Transfer
T0536_02,C0536,A0536_2,A0536_3,52933,2026-03-24 01:08:00,Transfer
T0536_03,C0536,A0536_3,A0536_4,41089,2026-03-24 01:12:00,Transfer
T0536_04,C0536,A0536_4,A0536_5,37115,2026-03-24 01:17:00,Transfer
T0536_05,C0536,A0536_5,A0536_6,31143,2026-03-24 01:27:00,Transfer
T0537_01,C0537,A0537_1,A0537_2,76195,2026-02-05 05:56:00,Transfer
T0537_02,C0537,A0537_2,A0537_3,63076,2026-02-05 06:03:00,Transfer
T0537_03,C0537,A0537_3,A0537_4,55238,2026-02-05 06:33:00,Transfer
T0537_04,C0537,A0537_4,A0537_5,33895,2026-02-05 06:51:00,Transfer
T0538_01,C0538,A0538_1,A0538_2,123748,2026-06-24 19:37:00,Transfer
T0538_02,C0538,A0538_2,A0538_3,92426,2026-06-24 20:05:00,Transfer
T0538_03,C0538,A0538_3,A0538_4,71169,2026-06-24 20:09:00,Transfer
T0538_04,C0538,A0538_4,A0538_5,44840,2026-06-24 20:13:00,Transfer
T0539_01,C0539,A0539_1,A0539_2,20304,2026-01-02 12:28:00,Transfer
T0539_02,C0539,A0539_2,A0539_3,17292,2026-01-02 12:46:00,Transfer
T0539_03,C0539,A0539_3,A0539_4,11824,2026-01-02 13:08:00,Transfer
T0539_04,C0539,A0539_4,A0539_5,10750,2026-01-02 13:35:00,Transfer
T0540_01,C0540,A0540_1,A0540_2,293401,2026-01-08 15:39:00,Transfer
T0540_02,C0540,A0540_2,A0540_3,265428,2026-01-08 16:00:00,Transfer
T0540_03,C0540,A0540_3,A0540_4,184306,2026-01-08 16:05:00,Transfer
T0540_04,C0540,A0540_4,A0540_5,149127,2026-01-08 16:21:00,Transfer
T0541_01,C0541,A0541_1,A0541_2,69479,2026-03-06 08:04:00,Transfer
T0541_02,C0541,A0541_2,A0541_3,53799,2026-03-06 08:24:00,Transfer
T0541_03,C0541,A0541_3,A0541_4,46697,2026-03-06 08:41:00,Transfer
T0541_04,C0541,A0541_4,A0541_5,27134,2026-03-06 08:49:00,Transfer
T0541_05,C0541,A0541_5,A0541_6,24522,2026-03-06 08:52:00,Transfer
T0542_01,C0542,A0542_1,A0542_2,51721,2026-03-12 00:07:00,Transfer
T0542_02,C0542,A0542_2,A0542_3,47035,2026-03-12 00:28:00,Transfer
T0542_03,C0542,A0542_3,A0542_4,28537,2026-03-12 00:59:00,Transfer
T0542_04,C0542,A0542_4,A0542_5,26312,2026-03-12 01:14:00,Transfer
T0542_05,C0542,A0542_5,A0542_6,15737,2026-03-12 01:17:00,Transfer
T0542_06,C0542,A0542_6,A0542_7,14196,2026-03-12 01:49:00,Transfer
T0543_01,C0543,A0543_1,A0543_2,101662,2026-07-05 08:35:00,Transfer
T0543_02,C0543,A0543_2,A0543_3,72685,2026-07-05 08:37:00,Transfer
T0543_03,C0543,A0543_3,A0543_4,56745,2026-07-05 08:41:00,Transfer
T0543_04,C0543,A0543_4,A0543_5,46113,2026-07-05 09:00:00,Transfer
T0543_05,C0543,A0543_5,A0543_6,38456,2026-07-05 09:32:00,Transfer
T0544_01,C0544,A0544_1,A0544_2,167018,2026-06-21 10:02:00,Transfer
T0544_02,C0544,A0544_2,A0544_3,128242,2026-06-21 10:27:00,Transfer
T0544_03,C0544,A0544_3,A0544_4,104317,2026-06-21 10:52:00,Transfer
T0544_04,C0544,A0544_4,A0544_5,87676,2026-06-21 11:03:00,Transfer
T0544_05,C0544,A0544_5,A0544_6,59469,2026-06-21 11:27:00,Transfer
T0544_06,C0544,A0544_6,A0544_7,42389,2026-06-21 11:54:00,Transfer
T0545_01,C0545,A0545_1,A0545_2,61168,2026-07-16 10:22:00,Transfer
T0545_02,C0545,A0545_2,A0545_3,48293,2026-07-16 10:34:00,Transfer
T0545_03,C0545,A0545_3,A0545_4,43001,2026-07-16 10:44:00,Transfer
T0545_04,C0545,A0545_4,A0545_5,40459,2026-07-16 10:59:00,Transfer
T0545_05,C0545,A0545_5,A0545_6,35598,2026-07-16 11:26:00,Transfer
T0545_06,C0545,A0545_6,A0545_7,20742,2026-07-16 11:54:00,Transfer
T0546_01,C0546,A0546_1,A0546_2,87327,2026-05-14 04:27:00,Transfer
T0546_02,C0546,A0546_2,A0546_3,70975,2026-05-14 04:54:00,Transfer
T0546_03,C0546,A0546_3,A0546_4,45255,2026-05-14 05:18:00,Transfer
T0546_04,C0546,A0546_4,A0546_5,38463,2026-05-14 05:26:00,Transfer
T0546_05,C0546,A0546_5,A0546_6,24628,2026-05-14 05:57:00,Transfer
T0547_01,C0547,A0547_1,A0547_2,113264,2026-07-12 06:37:00,Transfer
T0547_02,C0547,A0547_2,A0547_3,65331,2026-07-12 07:07:00,Transfer
T0547_03,C0547,A0547_3,A0547_4,60784,2026-07-12 07:36:00,Transfer
T0547_04,C0547,A0547_4,A0547_5,56404,2026-07-12 08:03:00,Transfer
T0547_05,C0547,A0547_5,A0547_6,31260,2026-07-12 08:24:00,Transfer
T0547_06,C0547,A0547_6,A0547_7,21483,2026-07-12 08:49:00,Transfer
T0548_01,C0548,A0548_1,A0548_2,167056,2026-05-31 17:06:00,Transfer
T0548_02,C0548,A0548_2,A0548_3,158344,2026-05-31 17:32:00,Transfer
T0548_03,C0548,A0548_3,A0548_4,89538,2026-05-31 18:05:00,Transfer
T0548_04,C0548,A0548_4,A0548_5,76431,2026-05-31 18:12:00,Transfer
T0548_05,C0548,A0548_5,A0548_6,56555,2026-05-31 18:19:00,Transfer
T0548_06,C0548,A0548_6,A0548_7,32982,2026-05-31 18:27:00,Transfer
T0549_01,C0549,A0549_1,A0549_2,98421,2026-03-03 21:09:00,Transfer
T0549_02,C0549,A0549_2,A0549_3,56851,2026-03-03 21:22:00,Transfer
T0549_03,C0549,A0549_3,A0549_4,41800,2026-03-03 21:48:00,Transfer
T0549_04,C0549,A0549_4,A0549_5,36387,2026-03-03 21:53:00,Transfer
T0549_05,C0549,A0549_5,A0549_6,23698,2026-03-03 22:02:00,Transfer
T0550_01,C0550,A0550_1,A0550_2,135213,2026-08-19 16:09:00,Transfer
T0550_02,C0550,A0550_2,A0550_3,116323,2026-08-19 16:22:00,Transfer
T0550_03,C0550,A0550_3,A0550_4,99919,2026-08-19 16:26:00,Transfer
T0551_01,C0551,A0551_1,A0551_2,161148,2026-08-10 23:46:00,Transfer
T0551_02,C0551,A0551_2,A0551_3,139833,2026-08-11 00:15:00,Transfer
T0551_03,C0551,A0551_3,A0551_4,78056,2026-08-11 00:50:00,Transfer
T0551_04,C0551,A0551_4,A0551_5,70958,2026-08-11 01:15:00,Transfer
T0552_01,C0552,A0552_1,A0552_2,433699,2026-05-02 01:46:00,Transfer
T0552_02,C0552,A0552_2,A0552_3,353007,2026-05-02 02:11:00,Transfer
T0552_03,C0552,A0552_3,A0552_4,272855,2026-05-02 02:43:00,Transfer
T0552_04,C0552,A0552_4,A0552_5,157362,2026-05-02 02:56:00,Transfer
T0552_05,C0552,A0552_5,A0552_6,123190,2026-05-02 03:05:00,Transfer
T0552_06,C0552,A0552_6,A0552_7,95332,2026-05-02 03:21:00,Transfer
T0553_01,C0553,A0553_1,A0553_2,222844,2026-07-12 00:41:00,Transfer
T0553_02,C0553,A0553_2,A0553_3,193983,2026-07-12 00:55:00,Transfer
T0553_03,C0553,A0553_3,A0553_4,158215,2026-07-12 01:27:00,Transfer
T0553_04,C0553,A0553_4,A0553_5,117315,2026-07-12 01:35:00,Transfer
T0553_05,C0553,A0553_5,A0553_6,72614,2026-07-12 01:41:00,Transfer
T0554_01,C0554,A0554_1,A0554_2,116336,2026-05-11 05:37:00,Transfer
T0554_02,C0554,A0554_2,A0554_3,65981,2026-05-11 05:59:00,Transfer
T0554_03,C0554,A0554_3,A0554_4,56892,2026-05-11 06:02:00,Transfer
T0555_01,C0555,A0555_1,A0555_2,45464,2026-04-06 13:38:00,Transfer
T0555_02,C0555,A0555_2,A0555_3,32874,2026-04-06 13:41:00,Transfer
T0555_03,C0555,A0555_3,A0555_4,23568,2026-04-06 13:48:00,Transfer
T0555_04,C0555,A0555_4,A0555_5,19603,2026-04-06 13:59:00,Transfer
T0556_01,C0556,A0556_1,A0556_2,63334,2026-03-13 13:39:00,Transfer
T0556_02,C0556,A0556_2,A0556_3,52349,2026-03-13 14:02:00,Transfer
T0556_03,C0556,A0556_3,A0556_4,39947,2026-03-13 14:08:00,Transfer
T0556_04,C0556,A0556_4,A0556_5,25991,2026-03-13 14:27:00,Transfer
T0556_05,C0556,A0556_5,A0556_6,24006,2026-03-13 14:47:00,Transfer
T0557_01,C0557,A0557_1,A0557_2,174686,2026-08-26 11:30:00,Transfer
T0557_02,C0557,A0557_2,A0557_3,109351,2026-08-26 11:55:00,Transfer
T0557_03,C0557,A0557_3,A0557_4,91313,2026-08-26 12:17:00,Transfer
T0557_04,C0557,A0557_4,A0557_5,57690,2026-08-26 12:48:00,Transfer
T0557_05,C0557,A0557_5,A0557_6,45153,2026-08-26 13:01:00,Transfer
T0558_01,C0558,A0558_1,A0558_2,73524,2026-03-16 22:00:00,Transfer
T0558_02,C0558,A0558_2,A0558_3,47865,2026-03-16 22:26:00,Transfer
T0558_03,C0558,A0558_3,A0558_4,41893,2026-03-16 22:53:00,Transfer
T0558_04,C0558,A0558_4,A0558_5,23095,2026-03-16 23:07:00,Transfer
T0558_05,C0558,A0558_5,A0558_6,20203,2026-03-16 23:25:00,Transfer
T0559_01,C0559,A0559_1,A0559_2,425726,2026-05-21 20:27:00,Transfer
T0559_02,C0559,A0559_2,A0559_3,363591,2026-05-21 20:32:00,Transfer
T0559_03,C0559,A0559_3,A0559_4,205942,2026-05-21 20:38:00,Transfer
T0559_04,C0559,A0559_4,A0559_5,136115,2026-05-21 20:57:00,Transfer
T0560_01,C0560,A0560_1,A0560_2,75907,2026-07-10 23:58:00,Transfer
T0560_02,C0560,A0560_2,A0560_3,60522,2026-07-11 00:17:00,Transfer
T0560_03,C0560,A0560_3,A0560_4,55749,2026-07-11 00:41:00,Transfer
T0561_01,C0561,A0561_1,A0561_2,156630,2026-05-30 11:10:00,Transfer
T0561_02,C0561,A0561_2,A0561_3,142024,2026-05-30 11:26:00,Transfer
T0561_03,C0561,A0561_3,A0561_4,93989,2026-05-30 11:28:00,Transfer
T0561_04,C0561,A0561_4,A0561_5,60670,2026-05-30 11:49:00,Transfer
T0561_05,C0561,A0561_5,A0561_6,43929,2026-05-30 12:15:00,Transfer
T0561_06,C0561,A0561_6,A0561_7,32000,2026-05-30 12:31:00,Transfer
T0562_01,C0562,A0562_1,A0562_2,124955,2026-07-02 15:38:00,Transfer
T0562_02,C0562,A0562_2,A0562_3,110621,2026-07-02 15:53:00,Transfer
T0562_03,C0562,A0562_3,A0562_4,77344,2026-07-02 15:59:00,Transfer
T0562_04,C0562,A0562_4,A0562_5,61131,2026-07-02 16:25:00,Transfer
T0562_05,C0562,A0562_5,A0562_6,37739,2026-07-02 16:52:00,Transfer
T0562_06,C0562,A0562_6,A0562_7,23883,2026-07-02 17:14:00,Transfer
T0563_01,C0563,A0563_1,A0563_2,267645,2026-07-03 10:43:00,Transfer
T0563_02,C0563,A0563_2,A0563_3,244540,2026-07-03 10:50:00,Transfer
T0563_03,C0563,A0563_3,A0563_4,177278,2026-07-03 11:14:00,Transfer
T0563_04,C0563,A0563_4,A0563_5,113710,2026-07-03 11:39:00,Transfer
T0563_05,C0563,A0563_5,A0563_6,104003,2026-07-03 11:57:00,Transfer
T0563_06,C0563,A0563_6,A0563_7,77109,2026-07-03 12:09:00,Transfer
T0564_01,C0564,A0564_1,A0564_2,72617,2026-05-13 20:53:00,Transfer
T0564_02,C0564,A0564_2,A0564_3,55196,2026-05-13 21:11:00,Transfer
T0564_03,C0564,A0564_3,A0564_4,40361,2026-05-13 21:31:00,Transfer
T0565_01,C0565,A0565_1,A0565_2,86255,2026-08-11 06:53:00,Transfer
T0565_02,C0565,A0565_2,A0565_3,48033,2026-08-11 07:07:00,Transfer
T0565_03,C0565,A0565_3,A0565_4,37996,2026-08-11 07:13:00,Transfer
T0565_04,C0565,A0565_4,A0565_5,21921,2026-08-11 07:21:00,Transfer
T0565_05,C0565,A0565_5,A0565_6,14415,2026-08-11 07:34:00,Transfer
T0566_01,C0566,A0566_1,A0566_2,79761,2026-05-22 13:14:00,Transfer
T0566_02,C0566,A0566_2,A0566_3,48842,2026-05-22 13:24:00,Transfer
T0566_03,C0566,A0566_3,A0566_4,31589,2026-05-22 13:49:00,Transfer
T0566_04,C0566,A0566_4,A0566_5,24625,2026-05-22 14:08:00,Transfer
T0567_01,C0567,A0567_1,A0567_2,278754,2026-07-01 04:32:00,Transfer
T0567_02,C0567,A0567_2,A0567_3,252416,2026-07-01 05:03:00,Transfer
T0567_03,C0567,A0567_3,A0567_4,235969,2026-07-01 05:38:00,Transfer
T0568_01,C0568,A0568_1,A0568_2,57828,2026-07-03 14:26:00,Transfer
T0568_02,C0568,A0568_2,A0568_3,40447,2026-07-03 14:48:00,Transfer
T0568_03,C0568,A0568_3,A0568_4,30128,2026-07-03 14:51:00,Transfer
T0568_04,C0568,A0568_4,A0568_5,19168,2026-07-03 15:02:00,Transfer
T0569_01,C0569,A0569_1,A0569_2,155947,2026-07-14 05:08:00,Transfer
T0569_02,C0569,A0569_2,A0569_3,101076,2026-07-14 05:19:00,Transfer
T0569_03,C0569,A0569_3,A0569_4,91859,2026-07-14 05:27:00,Transfer
T0569_04,C0569,A0569_4,A0569_5,61377,2026-07-14 05:32:00,Transfer
T0570_01,C0570,A0570_1,A0570_2,98113,2026-08-16 22:43:00,Transfer
T0570_02,C0570,A0570_2,A0570_3,56312,2026-08-16 23:17:00,Transfer
T0570_03,C0570,A0570_3,A0570_4,35897,2026-08-16 23:52:00,Transfer
T0570_04,C0570,A0570_4,A0570_5,25074,2026-08-17 00:22:00,Transfer
T0570_05,C0570,A0570_5,A0570_6,17836,2026-08-17 00:53:00,Transfer
T0571_01,C0571,A0571_1,A0571_2,64175,2026-04-05 02:27:00,Transfer
T0571_02,C0571,A0571_2,A0571_3,54072,2026-04-05 02:46:00,Transfer
T0571_03,C0571,A0571_3,A0571_4,32853,2026-04-05 03:00:00,Transfer
T0571_04,C0571,A0571_4,A0571_5,19293,2026-04-05 03:26:00,Transfer
T0571_05,C0571,A0571_5,A0571_6,12739,2026-04-05 03:42:00,Transfer
T0571_06,C0571,A0571_6,A0571_7,7219,2026-04-05 04:03:00,Transfer
T0572_01,C0572,A0572_1,A0572_2,76697,2026-04-18 19:59:00,Transfer
T0572_02,C0572,A0572_2,A0572_3,56550,2026-04-18 20:11:00,Transfer
T0572_03,C0572,A0572_3,A0572_4,52021,2026-04-18 20:44:00,Transfer
T0572_04,C0572,A0572_4,A0572_5,30988,2026-04-18 21:15:00,Transfer
T0573_01,C0573,A0573_1,A0573_2,76270,2026-04-06 16:39:00,Transfer
T0573_02,C0573,A0573_2,A0573_3,56695,2026-04-06 17:02:00,Transfer
T0573_03,C0573,A0573_3,A0573_4,52498,2026-04-06 17:23:00,Transfer
T0573_04,C0573,A0573_4,A0573_5,39349,2026-04-06 17:50:00,Transfer
T0573_05,C0573,A0573_5,A0573_6,22449,2026-04-06 18:11:00,Transfer
T0574_01,C0574,A0574_1,A0574_2,27858,2026-02-07 19:26:00,Transfer
T0574_02,C0574,A0574_2,A0574_3,17132,2026-02-07 19:58:00,Transfer
T0574_03,C0574,A0574_3,A0574_4,15922,2026-02-07 20:04:00,Transfer
T0574_04,C0574,A0574_4,A0574_5,13692,2026-02-07 20:09:00,Transfer
T0575_01,C0575,A0575_1,A0575_2,245089,2026-02-09 14:38:00,Transfer
T0575_02,C0575,A0575_2,A0575_3,192977,2026-02-09 14:45:00,Transfer
T0575_03,C0575,A0575_3,A0575_4,113907,2026-02-09 14:52:00,Transfer
T0575_04,C0575,A0575_4,A0575_5,98925,2026-02-09 14:54:00,Transfer
T0575_05,C0575,A0575_5,A0575_6,60346,2026-02-09 15:23:00,Transfer
T0576_01,C0576,A0576_1,A0576_2,36937,2026-07-24 00:09:00,Transfer
T0576_02,C0576,A0576_2,A0576_3,20912,2026-07-24 00:30:00,Transfer
T0576_03,C0576,A0576_3,A0576_4,14263,2026-07-24 00:34:00,Transfer
T0577_01,C0577,A0577_1,A0577_2,48426,2026-06-07 00:42:00,Transfer
T0577_02,C0577,A0577_2,A0577_3,28496,2026-06-07 00:58:00,Transfer
T0577_03,C0577,A0577_3,A0577_4,23526,2026-06-07 01:02:00,Transfer
T0577_04,C0577,A0577_4,A0577_5,16641,2026-06-07 01:25:00,Transfer
T0577_05,C0577,A0577_5,A0577_6,13579,2026-06-07 01:57:00,Transfer
T0577_06,C0577,A0577_6,A0577_7,11869,2026-06-07 02:21:00,Transfer
T0578_01,C0578,A0578_1,A0578_2,353096,2026-06-30 13:57:00,Transfer
T0578_02,C0578,A0578_2,A0578_3,215293,2026-06-30 14:03:00,Transfer
T0578_03,C0578,A0578_3,A0578_4,142737,2026-06-30 14:26:00,Transfer
T0578_04,C0578,A0578_4,A0578_5,117770,2026-06-30 14:43:00,Transfer
T0578_05,C0578,A0578_5,A0578_6,98627,2026-06-30 15:12:00,Transfer
T0579_01,C0579,A0579_1,A0579_2,36018,2026-06-21 23:43:00,Transfer
T0579_02,C0579,A0579_2,A0579_3,26487,2026-06-22 00:10:00,Transfer
T0579_03,C0579,A0579_3,A0579_4,22871,2026-06-22 00:32:00,Transfer
T0579_04,C0579,A0579_4,A0579_5,16692,2026-06-22 00:54:00,Transfer
T0580_01,C0580,A0580_1,A0580_2,165619,2026-06-18 11:27:00,Transfer
T0580_02,C0580,A0580_2,A0580_3,154493,2026-06-18 11:41:00,Transfer
T0580_03,C0580,A0580_3,A0580_4,129513,2026-06-18 12:09:00,Transfer
T0581_01,C0581,A0581_1,A0581_2,10321,2026-04-03 12:28:00,Transfer
T0581_02,C0581,A0581_2,A0581_3,9778,2026-04-03 12:42:00,Transfer
T0581_03,C0581,A0581_3,A0581_4,7079,2026-04-03 12:46:00,Transfer
T0581_04,C0581,A0581_4,A0581_5,5181,2026-04-03 13:06:00,Transfer
T0581_05,C0581,A0581_5,A0581_6,3966,2026-04-03 13:37:00,Transfer
T0582_01,C0582,A0582_1,A0582_2,23291,2026-04-15 20:19:00,Transfer
T0582_02,C0582,A0582_2,A0582_3,17754,2026-04-15 20:23:00,Transfer
T0582_03,C0582,A0582_3,A0582_4,11339,2026-04-15 20:53:00,Transfer
T0582_04,C0582,A0582_4,A0582_5,7320,2026-04-15 20:55:00,Transfer
T0582_05,C0582,A0582_5,A0582_6,5285,2026-04-15 21:01:00,Transfer
T0582_06,C0582,A0582_6,A0582_7,4603,2026-04-15 21:20:00,Transfer
T0583_01,C0583,A0583_1,A0583_2,175463,2026-08-29 14:51:00,Transfer
T0583_02,C0583,A0583_2,A0583_3,108944,2026-08-29 15:05:00,Transfer
T0583_03,C0583,A0583_3,A0583_4,60538,2026-08-29 15:34:00,Transfer
T0584_01,C0584,A0584_1,A0584_2,287264,2026-05-03 01:00:00,Transfer
T0584_02,C0584,A0584_2,A0584_3,166753,2026-05-03 01:11:00,Transfer
T0584_03,C0584,A0584_3,A0584_4,149959,2026-05-03 01:13:00,Transfer
T0584_04,C0584,A0584_4,A0584_5,139676,2026-05-03 01:19:00,Transfer
T0584_05,C0584,A0584_5,A0584_6,120326,2026-05-03 01:38:00,Transfer
T0585_01,C0585,A0585_1,A0585_2,140434,2026-03-28 04:41:00,Transfer
T0585_02,C0585,A0585_2,A0585_3,117982,2026-03-28 04:48:00,Transfer
T0585_03,C0585,A0585_3,A0585_4,111711,2026-03-28 05:00:00,Transfer
T0586_01,C0586,A0586_1,A0586_2,157712,2026-07-28 23:56:00,Transfer
T0586_02,C0586,A0586_2,A0586_3,148321,2026-07-29 00:12:00,Transfer
T0586_03,C0586,A0586_3,A0586_4,131086,2026-07-29 00:45:00,Transfer
T0586_04,C0586,A0586_4,A0586_5,101327,2026-07-29 01:16:00,Transfer
T0586_05,C0586,A0586_5,A0586_6,71426,2026-07-29 01:41:00,Transfer
T0586_06,C0586,A0586_6,A0586_7,44973,2026-07-29 01:45:00,Transfer
T0587_01,C0587,A0587_1,A0587_2,80364,2026-05-27 12:37:00,Transfer
T0587_02,C0587,A0587_2,A0587_3,48049,2026-05-27 12:41:00,Transfer
T0587_03,C0587,A0587_3,A0587_4,41536,2026-05-27 13:03:00,Transfer
T0587_04,C0587,A0587_4,A0587_5,26932,2026-05-27 13:32:00,Transfer
T0587_05,C0587,A0587_5,A0587_6,17973,2026-05-27 13:40:00,Transfer
T0588_01,C0588,A0588_1,A0588_2,30586,2026-02-06 00:21:00,Transfer
T0588_02,C0588,A0588_2,A0588_3,20832,2026-02-06 00:28:00,Transfer
T0588_03,C0588,A0588_3,A0588_4,18703,2026-02-06 01:03:00,Transfer
T0588_04,C0588,A0588_4,A0588_5,14797,2026-02-06 01:11:00,Transfer
T0589_01,C0589,A0589_1,A0589_2,22575,2026-03-09 11:49:00,Transfer
T0589_02,C0589,A0589_2,A0589_3,20600,2026-03-09 12:10:00,Transfer
T0589_03,C0589,A0589_3,A0589_4,12157,2026-03-09 12:37:00,Transfer
T0589_04,C0589,A0589_4,A0589_5,10344,2026-03-09 12:41:00,Transfer
T0590_01,C0590,A0590_1,A0590_2,34769,2026-01-24 23:00:00,Transfer
T0590_02,C0590,A0590_2,A0590_3,21331,2026-01-24 23:17:00,Transfer
T0590_03,C0590,A0590_3,A0590_4,12431,2026-01-24 23:29:00,Transfer
T0591_01,C0591,A0591_1,A0591_2,90150,2026-06-29 03:57:00,Transfer
T0591_02,C0591,A0591_2,A0591_3,67347,2026-06-29 04:14:00,Transfer
T0591_03,C0591,A0591_3,A0591_4,38640,2026-06-29 04:29:00,Transfer
T0591_04,C0591,A0591_4,A0591_5,30730,2026-06-29 04:55:00,Transfer
T0592_01,C0592,A0592_1,A0592_2,176935,2026-03-30 04:57:00,Transfer
T0592_02,C0592,A0592_2,A0592_3,138123,2026-03-30 05:06:00,Transfer
T0592_03,C0592,A0592_3,A0592_4,129403,2026-03-30 05:23:00,Transfer
T0592_04,C0592,A0592_4,A0592_5,78027,2026-03-30 05:27:00,Transfer
T0592_05,C0592,A0592_5,A0592_6,50120,2026-03-30 05:44:00,Transfer
T0593_01,C0593,A0593_1,A0593_2,27582,2026-06-25 13:44:00,Transfer
T0593_02,C0593,A0593_2,A0593_3,24755,2026-06-25 14:06:00,Transfer
T0593_03,C0593,A0593_3,A0593_4,23291,2026-06-25 14:32:00,Transfer
T0593_04,C0593,A0593_4,A0593_5,18954,2026-06-25 14:51:00,Transfer
T0593_05,C0593,A0593_5,A0593_6,13786,2026-06-25 15:05:00,Transfer
T0594_01,C0594,A0594_1,A0594_2,41124,2026-04-01 06:42:00,Transfer
T0594_02,C0594,A0594_2,A0594_3,27280,2026-04-01 06:55:00,Transfer
T0594_03,C0594,A0594_3,A0594_4,19654,2026-04-01 06:57:00,Transfer
T0594_04,C0594,A0594_4,A0594_5,14530,2026-04-01 07:32:00,Transfer
T0594_05,C0594,A0594_5,A0594_6,8370,2026-04-01 08:03:00,Transfer
T0594_06,C0594,A0594_6,A0594_7,5768,2026-04-01 08:19:00,Transfer
T0595_01,C0595,A0595_1,A0595_2,92223,2026-03-12 16:48:00,Transfer
T0595_02,C0595,A0595_2,A0595_3,69979,2026-03-12 16:56:00,Transfer
T0595_03,C0595,A0595_3,A0595_4,46096,2026-03-12 17:31:00,Transfer
T0595_04,C0595,A0595_4,A0595_5,40093,2026-03-12 17:58:00,Transfer
T0596_01,C0596,A0596_1,A0596_2,74084,2026-08-15 04:10:00,Transfer
T0596_02,C0596,A0596_2,A0596_3,57576,2026-08-15 04:12:00,Transfer
T0596_03,C0596,A0596_3,A0596_4,42744,2026-08-15 04:25:00,Transfer
T0596_04,C0596,A0596_4,A0596_5,25363,2026-08-15 04:46:00,Transfer
T0596_05,C0596,A0596_5,A0596_6,21263,2026-08-15 05:15:00,Transfer
T0597_01,C0597,A0597_1,A0597_2,47160,2026-05-31 07:31:00,Transfer
T0597_02,C0597,A0597_2,A0597_3,30231,2026-05-31 07:34:00,Transfer
T0597_03,C0597,A0597_3,A0597_4,24967,2026-05-31 07:42:00,Transfer
T0598_01,C0598,A0598_1,A0598_2,15508,2026-04-16 02:08:00,Transfer
T0598_02,C0598,A0598_2,A0598_3,9275,2026-04-16 02:27:00,Transfer
T0598_03,C0598,A0598_3,A0598_4,7486,2026-04-16 02:57:00,Transfer
T0598_04,C0598,A0598_4,A0598_5,6791,2026-04-16 03:04:00,Transfer
T0598_05,C0598,A0598_5,A0598_6,4660,2026-04-16 03:21:00,Transfer
T0598_06,C0598,A0598_6,A0598_7,3703,2026-04-16 03:28:00,Transfer
T0599_01,C0599,A0599_1,A0599_2,73976,2026-06-11 08:34:00,Transfer
T0599_02,C0599,A0599_2,A0599_3,68052,2026-06-11 08:53:00,Transfer
T0599_03,C0599,A0599_3,A0599_4,37431,2026-06-11 09:17:00,Transfer
T0599_04,C0599,A0599_4,A0599_5,34581,2026-06-11 09:47:00,Transfer
T0599_05,C0599,A0599_5,A0599_6,26714,2026-06-11 09:59:00,Transfer
T0600_01,C0600,A0600_1,A0600_2,87839,2026-06-10 20:12:00,Transfer
T0600_02,C0600,A0600_2,A0600_3,56238,2026-06-10 20:22:00,Transfer
T0600_03,C0600,A0600_3,A0600_4,31639,2026-06-10 20:37:00,Transfer
T0600_04,C0600,A0600_4,A0600_5,22041,2026-06-10 20:58:00,Transfer
